Lintang,Bujur,Tinggi_Ort,CBA
-6.43161,110.81763,22,-423.029744
-7.93609,113.19296,406,-395.503112
-6.44171,110.81443,26,-378.35271
-7.92594,113.19611,333,-371.115487
-7.94625,113.18971,488,-350.805486
-9.04225,112.70432,-2168.794,-349.326722
-6.42156,110.82078,6.49,-341.190919
-7.91578,113.19927,255,-312.119078
-8.03295,112.59304,411,-305.649671
-8.0231,112.5961,424,-301.003396
-6.45189,110.81134,49,-294.740419
-8.01314,112.59921,447,-264.909571
-7.95639,113.18648,552,-264.776542
-8.04368,112.732,558,-260.16278
-8.05403,112.72872,546,-255.578138
-8.03334,112.7353,563,-242.170325
-6.41135,110.82391,1.616,-236.694246
-8.04262,112.59004,396,-236.346118
-8.06448,112.72546,536,-227.696215
-7.38812,113.79217,-56.373,-218.925255
-7.39796,113.78959,-56.756,-216.160864
-7.06942,113.74981,146,-213.55571
-7.28564,111.40272,101,-213.260896
-9.24353,114.0671,-3588.113,-213.16095
-7.37835,113.79469,-54.974,-211.944614
-7.28775,111.40195,109,-210.599636
-7.05841,113.75324,89,-210.419601
-7.33106,111.10445,96,-206.569417
-7.04745,113.75676,39,-198.672234
-7.2955,111.39966,119,-198.378417
-7.40766,113.78652,-56.947,-198.053792
-7.66547,113.84845,-65.435,-196.900661
-8.02298,112.73853,566,-195.645305
-7.36863,113.79725,-54.589,-194.654242
-6.69125,114.29471,-73.093,-194.515581
-7.66497,113.84864,-65.435,-190.703807
-7.08057,113.74631,209,-189.894179
-6.70176,114.29144,-70.454,-189.606794
-7.40044,112.36177,30,-188.627645
-7.70173,112.12559,68,-186.934787
-7.90565,113.20246,158,-185.998675
-7.712,112.1224,69,-185.672238
-7.69147,112.12885,62,-182.171759
-7.72227,112.1192,72,-180.781238
-6.68127,114.29788,-74.999,-180.3246
-7.03641,113.76021,33,-178.823129
-7.2979,111.39879,105,-177.29973
-6.46199,110.80815,63,-176.783156
-7.39057,112.36491,41,-176.316931
-7.68119,112.1321,60,-175.626472
-7.41733,113.78347,-59.095,-175.234084
-7.62016,112.15126,55,-172.55308
-7.73248,112.11599,73,-171.75837
-7.62997,112.14815,56,-168.603798
-7.61046,112.15429,58,-165.797093
-7.35901,113.79994,-52.271,-164.916995
-7.34173,111.10108,74,-164.789074
-7.67081,112.13535,57,-164.735261
-7.63994,112.145,56,-161.93834
-8.07502,112.7222,548,-161.386025
-7.38069,112.36799,57,-160.43898
-7.2776,111.40513,96,-160.288996
-7.41033,112.35868,28,-158.312411
-7.66047,112.13861,55,-158.148364
-8.05238,112.58686,385,-157.515918
-8.00324,112.60229,447,-156.153056
-7.65011,112.14184,57,-155.87853
-7.74268,112.11279,79,-155.150336
-7.60057,112.15736,51,-153.7927
-7.09175,113.74292,215,-150.340334
-7.98282,109.33811,-37.463,-149.078482
-8.01266,112.74177,567,-148.98257
-7.96658,113.18331,674,-148.688706
-7.02543,113.76368,27,-147.823687
-7.27576,111.40584,96,-146.324973
-6.7121,114.28828,-69.534,-143.359924
-7.37081,112.37112,64,-142.3815
-7.75293,112.1096,83,-139.970744
-7.00934,105.29463,-370.714,-139.026327
-7.42696,113.78058,-58.226,-133.634253
-8.76626,113.83624,-897.501,-133.392963
-7.59041,112.16051,48,-132.298829
-7.02063,105.29098,-512.267,-131.476281
-7.34955,113.80287,-49.478,-128.403403
-7.3608,112.37419,75,-126.627891
-7.76314,112.10637,87,-125.270879
-9.03458,112.84998,-1796.45,-124.117315
-6.99804,105.29823,-326.748,-119.223903
-6.67139,114.30095,-75.998,-118.893351
-7.83453,112.08394,118,-117.381026
-7.84461,112.08079,115,-116.185494
-7.19483,105.38165,-1673.274,-116.088047
-7.01437,113.7672,61,-114.458346
-7.73795,113.1128,12,-114.253956
-7.77343,112.10317,88,-112.853604
-7.20453,105.37858,-1739,-112.372632
-7.18514,105.38471,-1626,-112.336082
-6.69714,113.29508,-51.706,-112.130878
-8.96093,113.44202,-1940.729,-110.335594
-7.3524,111.09773,70,-109.104393
-7.58039,112.16373,48,-108.894177
-6.40109,110.82714,-2.75,-108.706057
-7.8548,112.0776,123,-108.676595
-7.82455,112.08708,108,-107.402772
-6.68694,113.29824,-53.773,-107.282739
-8.60081,112.41467,-771.758,-106.058252
-7.74772,113.10975,22,-106.00877
-7.35073,112.37737,62,-105.733342
-8.97163,113.43885,-1968.675,-105.624927
-9.02206,112.99637,-1855.639,-102.786322
-7.42019,112.35561,28,-102.636748
-7.72817,113.11586,5,-102.616649
-7.78378,112.09993,93,-102.01869
-8.00235,112.74494,552,-101.233474
-7.91879,112.19863,417,-101.192521
-7.21425,105.37552,-1656,-101.151519
-7.33525,112.09802,97,-101.130995
-8.46465,110.74856,-357.498,-100.609519
-7.919,112.19858,417,-99.349156
-7.81439,112.09025,104,-98.919427
-6.70157,105.10207,-570.255,-97.895503
-7.86508,112.07436,128,-96.887672
-7.79406,112.09669,101,-96.668502
-7.10298,113.73946,111,-96.54635
-7.34013,113.80603,-47.956,-96.158474
-7.17548,105.3878,-1572.315,-95.097766
-7.80421,112.09347,104,-95.009546
-7.32515,112.1012,83,-94.638012
-6.72199,114.28518,-67.753,-94.264326
-7.43657,113.77754,-56.556,-94.230765
-6.7073,113.29192,-50.411,-94.226516
-7.54415,113.45911,-64.959,-93.551601
-7.39931,112.2495,50,-92.561812
-7.88629,111.49852,114,-92.526387
-9.03281,112.7072,-2150.76,-92.520893
-7.26739,111.40835,93,-92.496308
-7.38368,112.20048,78,-91.950809
-6.41187,109.40403,-45.478,-91.918231
-9.23335,114.0702,-3575.232,-91.72536
-7.55375,113.45604,-63.404,-90.934891
-7.37568,112.08538,139,-90.849924
-6.14608,111.04945,-55.036,-90.8434
-7.22398,105.37244,-1690,-90.26073
-7.53452,113.46214,-65.756,-89.538312
-7.89558,113.2056,115,-89.517134
-8.59113,112.41768,-743.216,-88.781099
-7.04104,109.91726,470,-88.613495
-8.95026,113.44541,-1915.089,-88.206217
-6.42182,109.40093,-46.733,-87.932823
-7.36141,114.65669,-91.545,-86.54277
-7.26584,111.40896,101,-85.796722
-7.03194,105.28737,-816.711,-85.603676
-8.08549,112.71891,516,-85.474884
-7.3407,112.38053,49,-84.734564
-7.38596,112.08221,162,-84.407472
-7.88476,108.80074,-75.638,-83.601508
-9.02431,112.85301,-1780.869,-83.583203
-6.61846,113.60454,-50.45,-83.553164
-7.87631,111.50161,118,-83.204753
-7.37208,114.65336,-89.734,-82.158952
-7.57059,112.16686,46,-82.07621
-7.33107,110.25199,618,-82.060192
-7.05152,109.91398,568,-81.704308
-7.35068,114.66003,-96.302,-81.475336
-8.61036,112.41169,-787.564,-81.432942
-7.91637,114.48312,-147.206,-81.356415
-7.9061,114.48631,-176.987,-80.878944
-6.13585,111.05262,-53.441,-80.55245
-7.5628,112.88263,-10.762,-79.959698
-6.62858,113.6014,-52.753,-79.105809
-7.3492,105.62298,-2250,-79.08088
-6.43176,109.39781,-48.392,-78.789535
-7.87538,112.07116,138,-78.744847
-7.23371,105.36935,-1755.5,-78.556084
-7.36547,112.08858,103,-78.470131
-7.0306,109.92051,348,-78.139766
-7.56348,113.453,-61.264,-77.588938
-7.0033,113.77062,182,-77.45099
-7.52486,113.46514,-67.559,-76.889092
-7.3395,105.62608,-2268,-76.686089
-7.39687,110.80005,153,-76.164543
-7.16584,105.39086,-1503.461,-75.249623
-7.55208,112.88597,-7.327,-75.138665
-7.89587,114.48951,-197.526,-74.878487
-7.57353,112.87927,-15.22,-73.95775
-7.3298,105.62915,-2270.5,-73.766278
-7.40689,110.7969,155,-73.358245
-6.79296,110.42057,-19.307,-72.476162
-7.75745,113.10668,33,-72.144735
-7.38688,110.80317,144,-71.924315
-6.74831,111.00267,45,-71.818754
-7.24344,105.36626,-1787,-71.242831
-7.26419,113.83141,-15.706,-70.977203
-6.12565,111.05578,-52.287,-70.670549
-6.67675,113.30143,-54.776,-70.14521
-7.32011,105.63223,-2263,-70.03661
-7.56899,113.16564,-23.698,-69.853663
-7.40244,112.25926,47,-69.839006
-7.74704,109.26965,-30.545,-69.832534
-7.3012,112.5371,14,-69.093285
-7.52123,110.90276,96,-69.081738
-6.47213,110.80499,64,-69.042842
-6.92079,109.81288,67,-68.819377
-7.33076,113.80934,-46.781,-68.75643
-7.27374,113.82843,-22.864,-68.689631
-7.41689,110.79376,155,-68.561443
-7.5111,110.90594,88,-68.452167
-8.98237,113.43594,-1993.453,-68.397624
-7.85079,112.22,320,-68.14614
-6.71743,113.28878,-49.607,-67.959256
-7.38271,114.65002,-90.686,-67.868429
-7.25319,105.36318,-1801,-67.704949
-7.53138,110.89955,95,-67.437007
-7.50096,110.90911,85,-67.208239
-7.53666,113.31796,-56.035,-66.812778
-7.54137,112.8893,-6.639,-66.733222
-7.31045,105.63531,-2270,-66.628552
-7.36308,111.09438,72,-66.579223
-5.99137,105.1078,-912.715,-66.560032
-7.32139,110.25502,640,-66.116654
-7.57887,113.16254,-22.534,-66.095577
-7.49081,110.9123,84,-65.941521
-7.7184,113.11892,-1.349,-65.722586
-7.92664,114.47989,-130.584,-65.660795
-7.37693,110.80627,132,-65.477049
-7.20885,105.81221,-2273.8,-65.267864
-7.3053,111.39661,101,-65.181837
-6.11546,111.05896,-51.934,-64.788833
-7.52627,113.32121,-58.181,-64.47381
-7.34096,110.24895,534,-64.348295
-7.28343,113.82544,-31.852,-64.026684
-7.32699,105.92045,-2506.138,-64.02183
-7.31707,105.92359,-2510.945,-63.890743
-7.48064,110.91549,84,-63.711
-6.98673,105.30183,-280.486,-63.655261
-7.3008,105.63838,-2270,-63.427896
-7.33691,105.9173,-2503.772,-63.387717
-7.55911,113.16871,-26.109,-63.257133
-7.3886,110.66087,304,-62.990844
-7.30716,105.92675,-2510.298,-62.942929
-7.42693,110.79063,160,-62.933441
-7.51523,113.46814,-69.221,-62.847696
-7.39894,110.65764,327,-62.560123
-7.25465,113.83441,-11.014,-62.308486
-7.47051,110.91868,81,-62.26471
-7.46038,110.92187,79,-62.126318
-7.58424,112.87592,-21.542,-61.955195
-7.69216,113.26932,-22.097,-61.922553
-6.18717,111.03661,-56.369,-61.812314
-6.84178,110.40521,-19.976,-61.743487
-7.88559,114.49274,-196.37,-61.630133
-6.44171,109.39467,-47.853,-61.621953
-7.19823,105.8156,-2259.623,-61.535215
-7.33067,112.38366,33,-61.484343
-7.54157,110.89637,99,-61.212199
-7.29723,105.9299,-2503.725,-61.203372
-7.68181,113.27256,-20.968,-61.169825
-7.67959,112.84608,29,-61.032906
-7.99201,112.74818,559,-60.87098
-7.87477,108.80386,-77.688,-60.812839
-7.88561,112.06797,140,-60.789329
-7.29115,105.64144,-2251.304,-60.701229
-7.65478,113.85178,-46.622,-60.401415
-7.66891,112.8494,25,-60.289738
-6.23129,105.10297,-970,-60.053749
-6.75755,110.99979,48,-59.883237
-7.54704,113.31472,-52.724,-59.811708
-7.80502,112.80675,527,-59.798084
-7.53068,112.89264,-5.854,-59.545178
-6.88691,110.64597,8,-59.521116
-7.41106,113.215,-44.361,-59.428511
-7.58878,113.15943,-20.824,-59.06489
-7.37831,110.66409,268,-58.962348
-7.29078,111.25907,120,-58.891393
-7.42097,113.21194,-40.54,-58.80146
-6.8985,110.68271,5,-58.748803
-7.69029,112.84277,35,-58.743243
-6.79847,109.2832,-14.722,-58.738508
-7.28727,105.93306,-2491.822,-58.574304
-7.56069,112.16993,45,-58.494277
-7.70252,113.26607,-22.707,-58.451737
-7.51588,113.32447,-58.819,-58.363782
-7.28101,111.26214,110,-58.2517
-7.38052,112.19053,79,-58.217699
-7.67667,111.99101,52,-58.215555
-7.57326,113.44995,-60.298,-58.063574
-7.28147,105.64451,-2261.171,-58.030856
-7.39629,112.07892,181,-57.958401
-8.58148,112.42075,-718.861,-57.949128
-6.66156,114.30399,-76.514,-57.430512
-7.0202,109.92375,304,-57.007595
-7.30052,111.25603,126,-56.84935
-7.81551,112.8035,607,-56.718372
-7.81517,113.23079,36,-56.63706
-6.97889,113.065,134,-56.444015
-7.65831,112.85271,22,-56.36472
-7.48672,110.77186,131,-56.341538
-7.3151,112.10433,78,-56.294429
-8.06225,112.58379,379,-56.289096
-7.18762,105.81897,-2248.19,-56.21586
-6.73907,111.00558,41,-56.125567
-7.43699,110.78747,159,-56.074348
-7.47672,110.77501,125,-56.015985
-8.15409,111.98356,98,-56.007555
-6.60835,113.60769,-48.445,-55.896846
-7.70102,112.83947,44,-55.836347
-7.44625,113.77451,-56.805,-55.813794
-7.67145,113.27581,-22.508,-55.745686
-7.80504,113.23396,30,-55.70321
-7.20945,111.56953,33,-55.590789
-7.29055,112.54041,11,-55.583837
-7.36698,110.8094,122,-55.552891
-7.33996,114.66336,-104.764,-55.520671
-6.54446,111.06658,1,-55.470537
-7.79459,112.81007,363,-55.347725
-7.2773,105.93622,-2482.366,-55.269519
-7.27178,105.64758,-2234,-55.180446
-6.1053,111.06216,-51.957,-54.90959
-7.2931,113.82239,-35.192,-54.798438
-7.06204,109.91067,612,-54.711746
-7.48773,111.48236,48,-54.644291
-7.51999,112.89599,-6.782,-54.624656
-7.47747,111.48558,50,-54.423471
-7.55179,110.89318,100,-54.353035
-7.66611,111.99432,53,-54.327435
-7.15622,105.39392,-1453.643,-54.171732
-7.64775,112.85602,18,-53.839853
-6.83203,110.40827,-19.627,-53.781985
-7.49798,111.47915,48,-53.744181
-7.46719,111.48881,53,-53.738426
-7.50566,113.47112,-70.55,-53.583104
-7.54925,113.17181,-29.927,-53.581928
-7.37264,113.36927,-51.834,-53.245448
-6.78843,109.28634,-17.065,-53.186984
-7.46679,110.7781,124,-53.079043
-7.49678,110.76871,115,-52.823641
-7.34686,113.09233,-43.26,-52.8077
-7.2712,111.26521,133,-52.791681
-6.90069,110.38678,-10.282,-52.773224
-7.63721,112.85932,12,-52.726292
-7.45689,111.49204,58,-52.724827
-7.33674,113.0955,-38.688,-52.657586
-6.69119,105.10538,-378.458,-52.478401
-7.3828,113.36608,-53.185,-52.208025
-7.40115,113.2181,-46.603,-52.129148
-7.65678,112.71085,153,-51.776744
-7.26208,105.65067,-2186.435,-51.708724
-7.44702,110.78432,130,-51.673142
-6.88978,110.65518,5,-51.647912
-7.32144,113.8126,-45.664,-51.613402
-7.45692,110.7812,126,-51.465348
-7.33158,113.23987,-38.069,-51.441323
-7.40931,110.65439,327,-51.431983
-6.55359,111.06372,1,-51.413919
-7.16777,111.58216,29,-51.198345
-7.50828,111.47591,50,-51.146214
-7.26731,105.93937,-2471.357,-51.019693
-6.91055,110.38368,-10,-50.984009
-7.97681,113.18014,705,-50.946827
-6.76797,110.85523,62,-50.848825
-7.36248,113.37246,-51.449,-50.83619
-7.368,110.6673,251,-50.815558
-7.43089,113.20885,-38.484,-50.729298
-7.44658,111.49527,60,-50.529059
-7.66107,113.27906,-28.184,-50.528284
-6.80278,110.41749,-19.144,-50.450709
-7.01278,110.77864,17,-50.404841
-6.78311,110.42363,-19.477,-50.363578
-6.63872,113.59824,-52.046,-50.342376
-7.89638,111.49531,109,-50.193043
-7.66658,112.70779,175,-50.136602
-7.48026,111.91029,92,-50.09604
-7.49953,111.90425,75,-50.066932
-6.98952,113.06173,129,-50.056077
-6.62276,110.19055,-45.834,-50.013215
-7.35697,113.08919,-43.095,-50.006489
-6.63274,110.18745,-46.201,-50.003547
-7.17701,105.82234,-2231.423,-50.000352
-7.48991,111.90728,85,-49.989586
-6.53525,111.06947,1,-49.979968
-7.35701,110.81254,140,-49.79475
-6.90039,110.81375,6,-49.707617
-6.19733,111.03344,-56.227,-49.599571
-7.55741,113.31148,-49.474,-49.531666
-7.59871,113.15632,-19.971,-49.501056
-6.88403,110.63682,7,-49.49448
-7.7117,112.83611,48,-49.469535
-7.41543,113.64195,-42.273,-49.251878
-8.76301,113.82583,-930.72,-49.039543
-7.31174,110.25807,680,-48.921793
-7.13374,111.41841,97,-48.870077
-7.42613,113.63863,-48.803,-48.856438
-7.99337,112.60539,454,-48.835829
-7.57581,111.88039,62,-48.575662
-6.09517,111.06532,-51.789,-48.413168
-6.29405,111.4513,-44.586,-48.408837
-7.64695,112.71392,133,-48.390456
-7.44193,111.92228,271,-48.37653
-7.58533,111.87738,61,-48.29915
-7.43683,113.63527,-52.361,-48.291145
-7.40555,112.26907,39,-48.243224
-7.93692,114.47666,-67.617,-48.223309
-7.50929,112.89934,-7.264,-48.126783
-6.77325,110.42671,-19.384,-48.112783
-7.24508,113.83738,-6.838,-48.029194
-7.02317,110.77538,18,-47.948774
-7.32663,113.09869,-38.115,-47.937441
-7.50682,110.76558,121,-47.924504
-6.20865,111.18307,-53.432,-47.881261
-7.4048,113.64527,-36.823,-47.81969
-7.78415,112.81336,316,-47.792663
-7.86637,111.50467,127,-47.754753
-7.25238,105.65375,-2154,-47.7482
-7.49614,113.47407,-70.457,-47.715344
-7.56627,111.88337,60,-47.631893
-7.4075,111.22247,85,-47.607242
-6.85155,110.40214,-18.426,-47.389263
-7.21982,111.56629,44,-47.373816
-7.43626,111.4985,65,-47.205509
-7.56202,110.88997,101,-47.185288
-7.19906,111.57274,40,-47.005178
-7.44757,113.63189,-57.076,-46.96454
-7.39332,114.6467,-92.844,-46.932205
-7.79487,113.23716,27,-46.91029
-7.39768,111.22556,79,-46.835198
-6.92037,110.3806,-8.643,-46.782644
-7.30269,113.81927,-38.525,-46.76895
-7.51862,111.47267,51,-46.668708
-7.5055,113.32771,-59.656,-46.603209
-7.47064,111.9133,110,-46.557364
-7.40656,112.07567,145,-46.555706
-7.82531,113.22763,42,-46.533325
-6.76338,110.42979,-18.97,-46.432453
-6.80851,109.28006,-10.663,-46.272509
-6.90144,110.69204,6,-46.183232
-7.34149,113.23677,-39.153,-46.126048
-7.50913,111.90123,72,-46.120664
-7.25733,105.94254,-2452.242,-46.113129
-7.87527,114.49597,-199.523,-46.088496
-6.96829,113.06831,112,-46.068282
-7.45834,113.62852,-60.764,-46.052815
-8.06473,113.29609,104,-46.037207
-7.48667,113.47704,-67.693,-46.018457
-7.65369,113.85217,-45.8,-46.010302
-7.43754,112.06604,156,-45.801368
-7.59477,111.8744,59,-45.755639
-7.01726,108.32864,588,-45.623417
-8.61617,112.2671,-642.969,-45.521657
-7.36707,113.08606,-41.116,-45.506252
-7.4691,113.62517,-62.472,-45.463954
-7.39894,110.51494,766,-45.403431
-7.41732,111.21939,105,-45.238238
-7.47722,113.47997,-64.615,-45.231295
-7.39423,113.64855,-29.947,-45.229913
-7.46774,113.48295,-62.48,-45.131616
-7.94685,112.04921,140,-45.05816
-8.61986,112.40863,-808.447,-45.043921
-7.15716,111.58516,31,-44.937355
-7.65068,113.28231,-31.783,-44.926231
-6.37836,110.97695,-12.567,-44.855812
-7.39296,113.36291,-55.195,-44.73547
-7.35233,113.37563,-52.002,-44.699736
-7.43241,111.92527,344,-44.67376
-7.47987,113.6218,-63.1,-44.653278
-7.45592,111.63352,82,-44.450682
-7.45231,114.48568,-106.138,-44.351303
-6.77839,109.28949,-21.833,-44.300458
-6.75752,110.85848,85,-44.205258
-7.46103,111.91632,146,-44.180605
-7.03665,110.34416,189,-44.152561
-7.42707,112.06931,165,-44.104141
-8.20624,111.96721,138,-43.959021
-7.9572,112.04617,141,-43.949308
-7.31027,111.25297,139,-43.837085
-7.32169,113.24295,-42.19,-43.77479
-7.03904,110.3436,153,-43.741873
-7.55675,111.88634,61,-43.64293
-7.39619,112.23975,51,-43.604032
-7.71286,113.26284,-22.33,-43.263337
-7.16638,105.8257,-2207.88,-43.188367
-6.51827,109.48725,-41.122,-43.182789
-7.24266,105.65684,-2128.5,-43.158437
-6.45172,109.39155,-46.757,-43.148709
-6.22127,105.10611,-932.837,-42.980089
-7.31212,113.81591,-41.294,-42.945533
-7.45826,113.48591,-60.695,-42.945119
-7.46125,111.34773,78,-42.899448
-7.89566,112.06479,139,-42.805361
-7.44153,114.48903,-107.057,-42.787015
-6.89852,110.67174,5,-42.744955
-6.75352,110.43285,-19.755,-42.70166
-7.47151,111.34453,83,-42.675804
-7.53938,113.1749,-31.868,-42.645593
-7.46583,111.63042,78,-42.607978
-7.6042,111.87143,62,-42.598943
-6.8908,110.38989,-12.034,-42.449921
-7.51684,110.76243,122,-42.422778
-7.84088,112.22312,295,-42.30025
-6.38839,110.97381,-16.768,-42.29529
-7.60867,113.15321,-17.8,-42.277403
-6.29697,111.46048,-44.91,-42.269573
-8.07502,113.29281,75,-42.156182
-7.49861,112.9027,-8.03,-41.960382
-7.64029,113.28556,-36.157,-41.958669
-7.26138,111.26827,147,-41.94847
-7.57228,110.88675,105,-41.905865
-7.3837,113.65186,-29.677,-41.822458
-7.40887,110.51184,772,-41.813946
-7.60552,112.86928,1,-41.754867
-7.96743,112.04289,132,-41.646438
-6.93016,110.37756,-8,-41.617665
-7.51868,111.89825,67,-41.613621
-7.58204,110.03183,425,-41.542098
-6.89027,110.81692,6,-41.496276
-7.32068,112.38681,36,-41.472871
-7.34703,110.81567,150,-41.435479
-7.72219,112.83276,59,-41.228919
-7.42594,111.50174,67,-41.227523
-6.66909,109.32361,-34.836,-41.093921
-6.74367,110.43593,-21.324,-40.954447
-7.44881,113.48888,-59.841,-40.779878
-7.4408,113.20576,-34.221,-40.649491
-6.76676,110.99691,36,-40.642521
-6.56269,111.06087,3,-40.582996
-7.24732,105.94571,-2440.596,-40.547117
-7.59659,111.58942,66,-40.482686
-7.4229,111.92826,257,-40.45665
-6.73193,114.28209,-66.32,-40.453486
-7.45147,111.9193,168,-40.414171
-7.44596,111.63665,86,-40.411229
-7.59886,110.16796,290,-40.370745
-7.35105,110.24582,512,-40.367035
-6.96516,112.7842,-1.852,-40.359436
-7.46781,113.05461,-26.553,-40.310208
-7.13681,111.42798,91,-40.232684
-6.72873,111.7199,-3.751,-40.211163
-7.52904,111.46941,54,-40.204653
-6.08503,111.06847,-51.827,-40.102831
-6.86132,110.39909,-17.083,-40.06625
-7.14903,111.46628,80,-40.049681
-7.54725,111.88929,59,-40.030985
-6.38006,112.53901,-59.594,-39.969596
-7.40373,111.93427,168,-39.878128
-8.1439,111.98676,100,-39.817309
-7.58652,111.59257,63,-39.755785
-7.37715,113.08291,-39.988,-39.688374
-7.57643,111.59573,61,-39.62907
-7.38899,110.51806,739,-39.616109
-7.44799,112.06276,151,-39.573635
-7.93638,112.05203,140,-39.545329
-7.62991,113.28881,-38.148,-39.484947
-7.44519,112.91944,-7.087,-39.378843
-7.31649,113.10189,-37.854,-39.323808
-7.43934,113.49186,-59.135,-39.267832
-6.61282,110.19368,-45.328,-39.26689
-7.42049,113.49774,-59.012,-39.263847
-6.77912,114.12521,-54.891,-39.246959
-7.48793,112.90605,-8.387,-39.234124
-7.56778,113.30824,-43.359,-39.214464
-7.41334,111.93126,217,-39.126635
-6.73377,110.43904,-23.15,-39.098097
-7.56627,111.59893,60,-39.047846
-7.43455,112.92275,-7.89,-38.995363
-6.47738,112.65043,-54.783,-38.987696
-7.45586,112.9161,-6.712,-38.830035
-7.41104,113.50072,-59.203,-38.793639
-6.36835,110.98007,-13.958,-38.702295
-7.4299,113.4948,-58.87,-38.676325
-6.52599,111.07237,-9.425,-38.66487
-6.46754,112.65349,-55.062,-38.657619
-7.55607,111.60213,61,-38.624745
-6.6789,109.32055,-34.247,-38.586652
-7.41675,112.0725,142,-38.555871
-7.5282,111.89527,62,-38.489718
-6.7784,110.85198,46,-38.417638
-7.45764,113.05779,-24.621,-38.362255
-6.96906,110.36537,1,-38.347429
-7.03182,108.37463,591,-38.309702
-7.39993,109.51991,164,-38.230928
-7.2329,105.65994,-2124,-38.139882
-6.41349,111.53339,-43.217,-38.094727
-6.72987,111.00846,44,-38.05976
-7.53772,111.89227,60,-38.017093
-6.9594,110.3684,1,-37.980331
-7.41967,110.65113,314,-37.967562
-7.47723,112.90941,-8.861,-37.830055
-7.40311,113.35974,-56.629,-37.718132
-7.4818,111.3413,87,-37.716675
-6.15053,105.12835,-904.536,-37.640383
-6.76761,114.12882,-56.794,-37.628916
-7.52681,110.7593,124,-37.622295
-7.451,111.35092,73,-37.593763
-7.46654,112.91276,-7.858,-37.556249
-7.27691,112.25878,139,-37.495454
-7.58252,110.88353,104,-37.43893
-7.37309,113.65518,-31.202,-37.378191
-7.61955,113.29207,-40.481,-37.310994
-6.98667,109.64988,21,-37.229457
-7.55064,112.17307,43,-37.074839
-7.60666,111.58627,67,-36.987599
-7.68744,113.15797,-9.903,-36.969858
-7.97779,112.03939,135,-36.914218
-7.49515,113.33096,-61.324,-36.85097
-7.3912,113.22121,-47.73,-36.807795
-7.54586,111.60532,61,-36.807344
-7.61366,111.86846,66,-36.801617
-7.66828,113.09719,-4.033,-36.789065
-7.40153,113.5037,-58.404,-36.777081
-7.00243,110.78188,15,-36.709153
-7.69953,111.84152,241,-36.61397
-7.43074,114.4924,-106.914,-36.488705
-6.73922,111.71662,-2.634,-36.447803
-7.42394,112.92605,-6.607,-36.430333
-7.454,113.34384,-59.395,-36.381816
-7.66509,113.08713,-6.969,-36.290222
-6.47766,109.24106,-33.4,-36.280225
-7.35143,113.23366,-51.062,-36.172267
-7.11422,113.73608,14,-36.115753
-7.41887,110.5087,768,-36.113804
-7.02963,110.34651,187,-36.109691
-7.13066,111.40886,101,-36.079176
-7.03354,110.77213,15,-36.072703
-8.6263,112.26395,-673.353,-36.032956
-7.38789,111.22863,71,-36.021043
-7.3577,110.67054,249,-35.897024
-7.61866,113.15008,-16.406,-35.888204
-7.31883,110.54007,621,-35.822193
-6.93996,110.3745,-5.5,-35.750953
-6.51532,109.47802,-40.631,-35.73958
-6.89268,110.66436,5,-35.726067
-7.15575,105.82908,-2186.165,-35.709816
-7.29732,110.83124,87,-35.691727
-7.00035,113.05833,110,-35.643433
-7.7737,112.81658,199,-35.63613
-7.34218,113.3788,-52.822,-35.505358
-6.80209,110.13452,-11.151,-35.499916
-7.67636,112.70473,206,-35.493717
-7.58307,113.44688,-60.186,-35.493144
-7.68424,113.14779,-9.881,-35.492578
-8.16437,111.98033,101,-35.361764
-7.37376,111.09104,76,-35.357059
-6.45917,113.65419,-69.388,-35.342976
-6.99633,109.64685,28,-35.28367
-6.60375,110.76388,185,-35.226687
-6.83931,107.6803,1412,-35.20309
-7.44379,113.34704,-56.779,-35.093767
-6.89557,110.67348,5,-35.075157
-7.63716,112.71698,112,-35.075024
-6.90988,109.8163,13,-35.062889
-6.46726,109.2443,-31.304,-35.055497
-6.42363,111.53023,-43.432,-35.052306
-7.01433,108.31941,582,-34.99137
-6.9753,112.78103,-2.942,-34.848002
-7.39474,109.51505,153,-34.830168
-7.26059,111.81471,83,-34.7186
-7.46311,114.48227,-105.848,-34.665695
-7.52953,113.17797,-31.943,-34.657204
-7.14662,105.39696,-1377.356,-34.651463
-7.23731,105.94888,-2415.601,-34.579237
-7.28,112.54372,9,-34.486529
-6.96961,110.64949,6,-34.403544
-7.66192,113.07708,-7.134,-34.395204
-7.46424,113.34065,-62.016,-34.34919
-6.79058,114.12165,-46.233,-34.333892
-6.45766,112.65656,-54.171,-34.309552
-7.2873,110.83438,89,-34.237722
-7.60917,113.29531,-42.541,-34.204938
-7.44755,113.06094,-24.295,-34.092231
-6.87109,110.39605,-15,-34.086354
-7.30732,110.82811,85,-33.965878
-8.08536,113.28956,55,-33.901731
-6.14029,105.13156,-910.343,-33.847786
-7.3371,110.81877,109,-33.837584
-6.99221,113.77408,114,-33.83652
-7.82598,112.80022,686,-33.83355
-7.31732,110.82498,108,-33.812557
-7.65557,113.05698,7.47,-33.812279
-6.79216,110.13762,-14.795,-33.768375
-7.13576,109.88757,1243,-33.71168
-6.81203,110.13141,-9.132,-33.703707
-7.04627,110.34116,192,-33.699965
-7.83547,113.22444,46,-33.632754
-7.38722,113.07976,-39.822,-33.615967
-7.78465,113.24037,24,-33.503273
-7.92604,112.05526,143,-33.493755
-7.65241,113.04697,8.425,-33.481907
-7.49992,113.18726,-9.916,-33.465309
-7.37901,110.52119,704,-33.447484
-7.58567,113.87346,-78.603,-33.424729
-7.00977,109.92704,291,-33.421042
-7.41563,111.50497,68,-33.296321
-7.27725,110.83754,134,-33.229986
-6.65928,109.32666,-36.03,-33.158865
-7.41871,110.22452,388,-33.140503
-7.14617,109.88433,1370,-33.133
-7.53955,111.46612,58,-33.127729
-7.47802,113.05141,-28.01,-33.006906
-6.8809,110.39299,-13.041,-32.999007
-7.32894,110.53691,624,-32.968797
-7.90567,112.06164,143,-32.966907
-7.22311,105.66303,-2099,-32.884908
-7.36231,113.65855,-32.53,-32.768831
-7.57812,113.30502,-41.747,-32.758666
-8.05441,113.29937,122,-32.756502
-7.73247,112.82944,66,-32.745326
-7.41336,112.92935,-5.885,-32.735843
-7.88182,113.92289,251,-32.700387
-6.88113,110.62774,6,-32.635264
-7.40014,109.52116,173,-32.617384
-7.49005,113.19033,-5.785,-32.616227
-7.67145,113.10728,-2.257,-32.521562
-6.48719,112.64736,-54.504,-32.49655
-7.47569,111.62732,76,-32.436683
-6.52118,109.49642,-42.106,-32.350121
-7.31177,113.24607,-39.674,-32.258816
-7.28692,112.96888,-3.528,-32.217372
-7.59971,111.73108,164,-32.171682
-7.65875,113.06703,-1.109,-32.163866
-6.16075,105.12514,-890.403,-32.136597
-7.23545,113.84036,-8.235,-32.082993
-6.84951,107.67709,1279,-32.07893
-7.41326,113.35658,-57.639,-32.028296
-7.43599,111.63978,95,-31.993905
-7.71986,113.26052,-20.348,-31.976771
-7.39199,113.50666,-55.7,-31.945549
-6.87692,108.5386,309,-31.913072
-6.88747,108.53527,349,-31.903562
-7.62979,110.30021,313,-31.884264
-6.76836,109.29262,-25.091,-31.87297
-7.61665,111.58311,73,-31.862682
-7.53569,111.60849,62,-31.842513
-7.72308,113.27077,-21.523,-31.809471
-6.78223,110.14073,-21.45,-31.777476
-7.47453,113.33744,-62.321,-31.714923
-7.70917,111.83851,325,-31.649287
-7.98825,112.03591,128,-31.632889
-8.60614,112.27026,-624.585,-31.59149
-6.91054,110.81056,6,-31.53509
-7.69067,113.16815,-6.798,-31.534979
-7.29748,112.96559,-3.741,-31.511763
-7.26678,112.262,97,-31.478631
-7.62698,112.96668,-2.712,-31.439356
-7.60988,111.72789,198,-31.42554
-7.50981,113.18418,-22.671,-31.359195
-7.89204,113.91969,272,-31.295518
-7.5367,110.7562,124,-31.250013
-6.81855,109.27691,-9.437,-31.223338
-7.4336,113.35024,-55.447,-31.214682
-6.94971,110.37143,-4,-31.076197
-6.72756,113.28563,-49.711,-31.069686
-7.5805,113.87499,-80.752,-31.062709
-6.39847,110.97065,-19.436,-31.055938
-7.35165,112.09999,100,-31.047465
-7.63019,112.97682,-2.523,-31.043789
-7.40869,112.27892,35,-30.969887
-7.14651,111.58803,38,-30.962953
-7.32723,110.82185,99,-30.957101
-7.48021,113.19343,-9.345,-30.926946
-6.86638,108.54194,305,-30.913464
-6.44778,112.65963,-53.156,-30.895236
-7.64926,113.03699,6.83,-30.877005
-7.94722,114.47343,15.307,-30.841374
-7.51969,113.1811,-28.212,-30.838904
-8.09588,112.71564,492,-30.803282
-7.7263,113.28097,-23.367,-30.719384
-7.59881,113.29856,-42.501,-30.621459
-7.42342,113.35342,-57.585,-30.536165
-7.63339,112.98695,-2.946,-30.441057
-7.45068,113.20267,-27.048,-30.439724
-7.08716,112.60398,3,-30.421959
-7.27633,112.97219,-3.398,-30.334628
-7.71663,113.25027,-18.485,-30.300544
-6.4379,112.66271,-52.368,-30.17353
-6.14066,105.281,-104.332,-30.135213
-7.62376,112.95654,-7.558,-30.065647
-7.30875,110.54326,506,-30.013014
-7.45838,112.05951,108,-29.967737
-7.04833,110.34063,192,-29.89401
-7.48483,113.3342,-62.36,-29.860541
-7.37732,112.18053,84,-29.84654
-7.64611,113.02702,6.608,-29.804749
-7.40389,114.64337,-95.112,-29.800338
-7.59271,110.88031,107,-29.701693
-7.42711,111.21635,115,-29.683115
-7.38459,111.94028,119,-29.680218
-7.58847,113.30178,-41.371,-29.629949
-7.86497,114.49919,-168.616,-29.628221
-6.68869,109.3175,-36.249,-29.492813
-6.21126,105.10927,-924.019,-29.459243
-7.4091,110.22753,413,-29.351403
-7.39416,111.93728,154,-29.290608
-7.64295,113.01705,3.241,-29.283572
-6.48805,109.23782,-39.281,-29.242606
-7.27317,111.85399,78,-29.221115
-6.74705,110.86176,104,-29.204522
-7.07261,109.90736,678,-29.18502
-6.97258,110.36436,3,-29.155547
-7.22729,105.95205,-2398.176,-29.094948
-6.77229,110.14385,-24.949,-29.068539
-7.20566,111.42769,45,-29.060914
-7.63976,113.00705,-1.42,-29.054705
-7.71339,113.24,-12.377,-29.039888
-7.62001,111.72471,206,-29.033361
-7.25646,112.26523,73,-28.978855
-7.69389,113.17834,-7.742,-28.829132
-7.55823,112.74167,3,-28.792105
-7.25713,111.41156,86,-28.758481
-6.15634,111.04625,-55.282,-28.75153
-7.68987,111.84457,223,-28.751436
-7.86477,108.807,-72.357,-28.743398
-7.42894,110.50557,824,-28.718639
-7.9158,112.05847,143,-28.718387
-7.25154,111.27136,163,-28.64402
-7.7295,113.29118,-22.695,-28.558808
-6.82196,110.12832,-6.486,-28.526686
-6.58913,109.70925,-51.669,-28.358101
-7.48825,113.0482,-30.405,-28.330562
-6.93274,108.66985,44,-28.315329
-7.21803,110.57167,182,-28.312813
-7.54933,110.46772,1858,-28.29337
-7.76718,113.10362,53,-28.28935
-5.99427,105.11687,-911.967,-28.263819
-7.03474,108.38384,703,-28.23818
-6.29112,111.4421,-44.484,-28.198353
-7.44072,111.35415,69,-28.187824
-7.28694,112.25564,102,-28.154085
-7.62314,111.8655,69,-27.999194
-6.43373,111.52709,-43.049,-27.978553
-8.01334,113.88167,450,-27.909426
-7.14514,105.83245,-2138.164,-27.906635
-9.01404,112.85601,-1779.265,-27.905914
-6.5862,109.70009,-51.763,-27.897149
-6.95503,112.78738,-0.852,-27.882582
-7.62053,112.9464,-8.663,-27.796533
-6.64272,110.18434,-47.074,-27.779646
-6.5329,109.9344,-47.628,-27.773812
-7.21328,105.66612,-2061.207,-27.766809
-7.00112,110.35557,102,-27.742685
-7.62868,113.14695,-14.479,-27.663397
-6.77698,110.29948,-25.639,-27.639813
-7.30803,112.96231,-4.211,-27.620867
-7.19754,111.43028,46,-27.59354
-6.99799,110.35632,69,-27.516866
-7.47036,113.19651,-17.006,-27.513792
-7.35145,113.66191,-32.68,-27.468652
-7.52324,110.61863,364,-27.465322
-7.71014,113.22968,-10.233,-27.444489
-6.13042,105.28425,-96.358,-27.349721
-7.26574,112.97551,-2.361,-27.335699
-7.74274,112.82623,81,-27.332967
-7.40279,112.93266,-5.094,-27.31561
-7.39729,113.07661,-38.421,-27.298292
-7.46051,113.1996,-21.422,-27.124071
-7.49207,111.33808,96,-27.050497
-6.94319,108.66659,59,-27.044113
-6.23586,107.86969,3,-27.009342
-7.69713,113.18856,-17.132,-26.9566
-7.09933,108.58838,398,-26.948616
-6.75613,114.13235,-60.825,-26.939773
-7.70687,113.21937,-7.127,-26.860854
-7.90226,113.91654,287,-26.857969
-6.76232,110.14696,-29.933,-26.8572
-6.56029,110.0676,-39.472,-26.804693
-7.03764,108.39307,755,-26.742087
-7.31999,111.24993,114,-26.650477
-7.3824,113.50965,-51.118,-26.593277
-6.55025,110.07075,-40.965,-26.564109
-6.97696,109.65296,20,-26.543385
-7.73272,113.30139,-23.932,-26.542294
-7.00601,109.64384,35,-26.515877
-6.20746,111.03027,-54.604,-26.48098
-7.30506,112.10747,73,-26.475238
-7.30208,110.26113,696,-26.423599
-6.2596,108.73369,-26.616,-26.390045
-7.36907,110.52428,709,-26.374961
-7.58953,111.73428,148,-26.334772
-6.54016,110.0739,-42.183,-26.302822
-7.63013,111.72155,239,-26.239036
-7.72318,113.2596,-18.831,-26.194471
-7.50464,111.05009,243,-26.176687
-7.43751,113.06407,-26.4,-26.141519
-8.45391,110.75195,-325.062,-26.133551
-7.02696,110.34719,184,-26.063664
-7.55311,108.90477,8,-26.004197
-7.22685,110.85333,46,-25.938969
-7.87156,113.92612,232,-25.884815
-7.70361,113.20909,-6.833,-25.88427
-7.1521,111.47586,76,-25.810659
-7.22806,110.56853,151,-25.784564
-7.21688,110.85647,51,-25.758661
-6.75235,110.15009,-33.985,-25.753914
-6.5167,111.07529,-8.016,-25.72386
-7.70854,113.12201,-3.613,-25.718201
-7.53361,110.61538,360,-25.635964
-7.71886,111.83549,375,-25.613933
-7.55011,111.46281,63,-25.586149
-6.46899,113.6511,-66.322,-25.558982
-7.30629,113.10508,-36.968,-25.547624
-7.76332,112.81983,128,-25.511111
-7.33905,110.53375,640,-25.469889
-6.89801,108.53193,420,-25.449645
-7.30467,113.53394,-36.479,-25.428438
-6.54309,109.93122,-48.468,-25.396458
-6.21295,105.83705,30,-25.305114
-6.17095,105.12195,-936.315,-25.28637
-6.15089,105.27773,-136.211,-25.222671
-7.33205,113.38195,-52.672,-25.1285
-6.07485,111.07163,-52.22,-25.097407
-6.53008,110.07706,-42.357,-25.024119
-7.76887,113.95825,159,-24.973585
-7.26387,109.56383,1107,-24.93231
-7.99871,112.03244,125,-24.887607
-7.20715,111.42725,45,-24.860536
-6.74969,111.71334,-10.712,-24.846561
-6.13005,105.13478,-905.976,-24.833572
-6.71393,110.30373,-28.849,-24.828532
-6.80203,114.1181,-40.202,-24.766127
-6.5718,111.05804,10,-24.645315
-7.98166,112.75145,564,-24.608541
-6.35834,110.98316,-17.251,-24.599862
-7.61733,112.93628,-4.929,-24.597799
-7.70038,113.19883,-14.342,-24.586177
-7.32939,114.66663,-108.623,-24.569689
-7.26712,110.84073,110,-24.510481
-7.71586,111.55198,113,-24.405199
-7.7586,113.96147,163,-24.386493
-7.23679,110.85021,46,-24.295434
-7.42598,111.6429,103,-24.275297
-7.5129,110.62187,352,-24.251883
-7.40535,111.5082,67,-24.151702
-7.02891,108.36542,584,-24.041565
-7.20343,105.66922,-2024.02,-23.914003
-7.5681,112.73856,4,-23.865254
-7.3144,113.53093,-41.081,-23.861684
-7.68237,113.41587,-24.066,-23.846168
-7.38126,113.22433,-47.54,-23.783387
-7.21726,105.95523,-2386.087,-23.727842
-6.72419,110.30054,-28.677,-23.715441
-6.95763,113.07162,83,-23.685342
-7.456,113.77147,-58.09,-23.630872
-7.77919,113.95503,128,-23.607096
-7.54658,110.75311,118,-23.582335
-6.61378,110.76075,140,-23.58127
-6.95947,110.65264,6,-23.532328
-7.56319,108.90164,3,-23.52922
-7.43905,110.50241,948,-23.463584
-6.58328,109.69093,-52.485,-23.450121
-7.54057,112.17622,48,-23.437753
-6.17693,111.0398,-55.982,-23.425356
-7.36138,113.23055,-49.26,-23.417205
-7.29497,113.537,-32,-23.408654
-7.25695,110.84393,53,-23.365592
-7.67255,113.41893,-31.82,-23.365325
-7.29869,110.54642,444,-23.3246
-7.31857,112.95903,-4.06,-23.315425
-7.67464,113.11739,-7.457,-23.311812
-8.13365,111.98997,109,-23.305433
-7.59297,113.4438,-58.98,-23.286931
-7.16997,110.161,576,-23.115264
-7.41999,114.49574,-103.53,-23.102977
-6.55961,109.61653,-38.621,-23.073743
-7.66271,113.42201,-39.273,-23.055948
-7.7059,111.55512,105,-23.041257
-8.93952,113.44875,-1868.913,-22.997224
-7.54304,108.90792,15,-22.995846
-7.65286,113.42508,-45.808,-22.991578
-6.72386,110.44214,-25.935,-22.960226
-8.00284,113.88496,438,-22.916817
-6.04886,105.16035,-919.673,-22.863816
-7.73594,113.31163,-24.644,-22.81285
-7.52555,111.61168,62,-22.729558
-6.22554,107.87292,-2.178,-22.725456
-7.75298,112.82306,88,-22.725124
-6.97974,110.64633,6,-22.699161
-5.94521,105.48383,566,-22.674508
-7.42829,110.22152,385,-22.608229
-7.13599,111.59131,47,-22.597247
-7.35913,110.52742,666,-22.587289
-7.25589,111.41207,86,-22.581558
-7.3474,110.67378,249,-22.530927
-7.46861,112.0563,143,-22.494412
-7.41184,112.28879,34,-22.387634
-7.40736,113.07346,-36.219,-22.387391
-7.24597,112.26852,70,-22.354781
-7.09791,112.60063,2,-22.313094
-7.64297,113.42819,-48.661,-22.291076
-7.20683,110.85963,50,-22.265436
-7.37814,111.2317,68,-22.256084
-6.90441,110.70138,6,-22.238166
-7.25516,112.9788,-1.911,-22.165002
-7.24681,110.8471,48,-22.078369
-7.69218,113.41279,-15.721,-22.009058
-7.59245,110.02856,442,-21.982147
-6.88018,110.82006,8,-21.887362
-6.64967,114.736,-74.017,-21.87833
-7.34062,113.66529,-31.931,-21.831625
-6.46169,109.38843,-45.413,-21.771227
-7.86827,110.08367,110,-21.764862
-7.74965,111.11518,763,-21.693387
-6.83189,110.12521,-4.445,-21.661002
-6.93175,109.80943,77,-21.610562
-7.48556,111.62421,72,-21.598278
-6.64952,109.32971,-36.971,-21.571582
-6.67909,108.74899,-6.748,-21.508766
-7.61945,110.30346,407,-21.457222
-7.39224,112.93595,-4.903,-21.443921
-8.63655,112.26074,-695.759,-21.442334
-6.62573,113.31737,-50.874,-21.383237
-7.34911,110.53058,647,-21.3416
-7.31067,112.38992,35,-21.257134
-6.56259,109.62588,-41.151,-21.256703
-7.23489,110.28221,1120,-21.12062
-7.12758,111.39928,89,-21.090877
-6.02006,105.19804,-699.128,-21.088733
-7.63305,113.43131,-51.912,-21.083559
-7.23017,111.56306,47,-21.036228
-7.43008,110.64785,307,-20.975921
-6.92226,108.67311,59,-20.944618
-7.0765,112.6073,2,-20.917638
-7.37504,111.94327,158,-20.862715
-6.99159,110.3586,37,-20.845545
-6.44382,111.52392,-42.06,-20.791027
-6.56556,109.63518,-43.626,-20.697796
-7.37276,113.51265,-47.736,-20.644075
-7.90921,112.20162,414,-20.618029
-7.19358,105.67236,-1975.121,-20.588541
-7.4275,113.06718,-30.98,-20.537431
-6.9754,105.30544,-254.055,-20.524139
-6.39005,112.53591,-60.206,-20.508021
-6.59826,113.61083,-48.096,-20.463292
-7.49306,109.91812,775,-20.459154
-7.01139,108.31015,584,-20.377891
-7.32414,113.52789,-43.436,-20.364231
-8.024,113.87836,443,-20.355746
-7.49369,111.05353,197,-20.32477
-6.57031,110.06445,-38.241,-20.310395
-7.64022,111.71836,270,-20.170526
-6.51434,111.50185,-38.606,-20.146857
-7.51561,111.04666,262,-19.910121
-6.70374,110.30693,-29.472,-19.846985
-6.49702,112.64428,-53.259,-19.837117
-7.54401,110.61212,375,-19.825362
-7.70202,113.40971,-14.563,-19.774524
-7.69593,111.55824,103,-19.744875
-7.60286,110.87712,109,-19.744215
-7.10136,113.3118,69,-19.724877
-7.23815,110.56538,191,-19.657891
-6.7888,110.84872,33,-19.619717
-6.2489,108.73707,-28.897,-19.60664
-7.7591,111.11221,659,-19.595875
-6.71363,112.57667,-45.557,-19.493752
-7.62734,112.72006,112,-19.466235
-7.61414,112.92614,-1.986,-19.46215
-7.29685,112.25255,83,-19.456783
-7.36546,111.94628,135,-19.436172
-7.13453,105.83581,-2062.528,-19.404559
-7.43042,111.35738,65,-19.38018
-7.56064,111.45952,68,-19.355416
-7.39958,110.23051,444,-19.331348
-7.18038,110.15773,640,-19.322575
-6.72342,112.5736,-45.073,-19.307625
-7.37132,113.22742,-47.964,-19.253069
-7.62658,111.58,81,-19.211246
-7.47414,112.48476,22,-19.177926
-7.28527,113.54004,-26.662,-19.142028
-5.99715,105.12594,-921.123,-19.0286
-7.46792,112.46514,23,-19.012805
-6.85031,112.67783,-16.001,-18.988006
-7.86126,113.92936,199,-18.974577
-7.47103,112.47494,21,-18.959614
-7.533,108.91108,10,-18.90269
-6.63952,114.73917,-72.86,-18.897049
-6.19972,111.15502,-51.09,-18.85016
-6.75832,109.29574,-30.174,-18.797995
-8.59613,112.27343,-610.344,-18.789285
-7.74835,113.96469,141,-18.742526
-7.25745,111.80485,73,-18.724215
-7.02258,110.2072,129,-18.686925
-7.20724,105.95842,-2376.942,-18.664309
-6.20124,105.11243,-953.353,-18.638456
-7.47727,112.49458,21,-18.607933
-6.32032,111.53391,-41.32,-18.604667
-7.41496,112.29864,32,-18.585905
-7.73917,113.3219,-23.281,-18.55063
-7.68018,111.84761,160,-18.52531
-6.77407,110.29037,-24.523,-18.505618
-7.2763,111.86377,72,-18.382721
-7.04058,108.40229,753,-18.316131
-7.47394,114.47888,-106.487,-18.310364
-7.32912,112.95573,-4.103,-18.211087
-7.41744,113.07031,-32.834,-18.206884
-7.13704,105.4,-1198.724,-18.194925
-7.0406,110.05989,453,-18.154053
-5.93642,105.19567,-538.804,-18.108643
-7.4648,112.45535,24,-18.106625
-8.08046,111.72187,105,-18.049633
-7.6387,113.14385,-12.563,-18.020847
-7.65558,111.99762,52,-18.016866
-7.87864,110.08037,15,-18.014695
-7.15098,112.29824,19,-17.976591
-6.66867,108.75224,-4.955,-17.844381
-7.68619,112.70164,236,-17.807012
-6.7615,112.84775,-46.623,-17.77671
-7.15957,110.16427,615,-17.723665
-6.19595,111.17552,-51.863,-17.619252
-8.09571,113.28637,44,-17.561059
-7.46168,112.44557,23,-17.549211
-6.21165,111.19246,-53.681,-17.526318
-7.18378,105.67548,-1909.621,-17.471682
-7.16136,112.29502,22,-17.386369
-7.24449,110.2792,1006,-17.27501
-7.48037,112.5044,18,-17.264936
-7.03304,110.20391,89,-17.252188
-7.62305,113.43443,-53.354,-17.233979
-7.39506,111.51141,104,-17.218336
-7.53965,112.03399,48,-17.202354
-6.97873,110.36236,3,-17.175877
-6.52411,109.50557,-42.53,-17.168076
-7.41446,114.64005,-97.63,-17.157898
-7.71189,113.40663,-18.103,-17.012351
-7.63263,111.86251,71,-17.0052
-7.34534,112.09485,103,-16.999956
-7.30178,113.2492,-38.9,-16.967052
-6.37929,110.5499,-50.034,-16.954974
-6.52837,113.63259,-55.105,-16.919432
-6.98836,110.35934,37,-16.916381
-7.2354,112.27184,55,-16.822137
-6.55332,109.92805,-48.092,-16.808047
-6.83961,112.68116,-27.787,-16.800634
-6.34448,108.85319,-57.65,-16.737338
-6.03877,105.16353,-911.981,-16.697363
-6.53295,109.53327,-40.016,-16.660958
-6.20236,105.8404,35,-16.647474
-6.72048,109.44968,-28.3,-16.629742
-7.77442,113.24358,18,-16.602377
-7.32981,113.66865,-30.589,-16.575883
-7.48319,109.9212,875,-16.566485
-6.5316,109.36662,-37.708,-16.529291
-6.53002,109.52407,-39.951,-16.516317
-6.54156,109.3635,-37.264,-16.511047
-7.14597,107.7306,1788,-16.49659
-6.28242,111.41463,-47.213,-16.460005
-6.87827,110.61875,6,-16.443573
-6.68228,109.17721,-28.208,-16.427241
-6.73449,110.29732,-28.758,-16.412052
-6.85582,108.54529,275,-16.411801
-7.22578,113.84335,-9.37,-16.38212
-7.01659,108.93034,37,-16.377946
-6.10985,105.58005,-44.217,-16.325981
-6.85973,107.67388,1038,-16.2785
-7.09638,108.57902,335,-16.271051
-6.69246,109.17404,-26.353,-16.256907
-6.88607,111.81239,142,-16.25371
-7.48349,112.51423,20,-16.238944
-6.18109,105.11876,-968.356,-16.206134
-7.15656,109.88107,1432,-16.19283
-6.87557,111.81569,119,-16.174524
-7.5794,111.73746,135,-16.16727
-6.09854,105.58364,-46.7,-16.09911
-7.03054,110.06305,313,-16.080303
-7.2446,112.9821,-1.911,-16.066048
-6.41143,112.24491,-57.344,-16.064789
-7.33387,113.52483,-42.18,-16.0529
-7.19675,110.8628,46,-16.034263
-7.02047,110.06618,126,-15.988978
-7.45856,112.43578,24,-15.947342
-6.29989,111.46964,-42.911,-15.922584
-7.38172,112.93923,-4.905,-15.877276
-7.20807,110.57476,107,-15.875691
-7.17186,112.2917,24,-15.853678
-6.27953,111.40554,-47.475,-15.851459
-7.45242,113.91511,-76.728,-15.836569
-6.45683,109.24755,-29.323,-15.786753
-7.28866,110.54957,390,-15.755986
-6.88338,112.52361,-4.928,-15.732271
-7.50258,110.62511,348,-15.72099
-6.02292,105.207,-619.127,-15.699339
-6.77164,112.84461,-43.158,-15.689951
-7.46339,113.9117,-78.827,-15.677888
-6.01718,105.18905,-783.548,-15.667178
-7.50291,108.92051,233,-15.664822
-7.24827,110.56221,273,-15.631961
-7.54992,112.03079,44,-15.56107
-6.58033,109.6817,-54.388,-15.541234
-7.09132,113.31491,50,-15.539052
-8.57187,112.42375,-698.638,-15.513899
-7.36306,113.51568,-45.206,-15.485298
-6.38867,111.11529,-4.967,-15.360021
-7.76857,111.10924,591,-15.217506
-6.85357,108.83822,4,-15.138921
-7.60296,113.4407,-57.018,-15.110999
-7.50231,111.33486,108,-15.110331
-6.37926,111.11821,-7.761,-15.093073
-6.51237,109.46873,-39.685,-15.078577
-6.08724,105.58723,-45.406,-15.024744
-7.61301,113.43758,-55.253,-15.00686
-6.05896,105.15717,-909.243,-14.987977
-7.72585,111.54887,133,-14.971364
-7.78955,113.95182,114,-14.966699
-7.95757,114.4702,7,-14.954272
-6.73324,112.57053,-44.252,-14.932543
-7.0104,110.06932,109,-14.9108
-7.5565,110.75001,120,-14.84018
-6.55152,109.36037,-35.46,-14.83951
-6.86344,108.83509,3,-14.763776
-7.30807,111.39561,111,-14.658956
-7.52935,112.03723,52,-14.628866
-7.35584,111.94929,108,-14.616595
-6.74189,114.27893,-65.035,-14.595659
-6.6666,113.30462,-54.83,-14.581279
-7.32194,113.38511,-51.463,-14.535646
-7.01578,109.6408,44,-14.414722
-6.76531,110.28766,-26.511,-14.411913
-7.12532,109.89084,1127,-14.37403
-6.74535,105.10656,-710.762,-14.258205
-6.82115,109.70247,-12.847,-14.243479
-7.45543,112.42598,24,-14.2278
-7.18247,112.28839,34,-14.183449
-6.61217,108.62235,-5.606,-14.164515
-6.91765,109.388,15,-14.148787
-8.15174,114.40936,-17.135,-14.098836
-6.84179,110.1221,-2.425,-14.078195
-7.34361,113.52177,-40.765,-14.012582
-7.48661,112.52411,16,-14.002074
-8.21664,111.9639,199,-14.001255
-7.61092,112.91598,-12.648,-13.987193
-7.59418,111.30604,349,-13.913374
-6.77986,110.30854,-28.405,-13.88775
-7.17396,105.6786,-1770.672,-13.868812
-7.12559,111.59509,45,-13.850768
-6.07597,105.59082,-43.316,-13.848541
-7.33967,112.95242,-4.153,-13.84316
-7.01114,113.055,122,-13.83718
-6.59198,114.3257,-79.571,-13.774811
-6.95361,108.66333,65,-13.736138
-6.59376,110.76701,167,-13.728052
-7.04353,110.20061,108,-13.687554
-7.27559,113.54305,-17.745,-13.627289
-7.74241,113.33216,-19.591,-13.605844
-7.72174,113.40355,-15.19,-13.536219
-7.05059,110.05675,471,-13.448267
-7.85464,114.50244,-180.999,-13.428564
-7.22479,112.27511,52,-13.389225
-6.45391,111.52077,-41.406,-13.387064
-7.19721,105.9616,-2362.992,-13.354256
-6.69848,109.31443,-37.737,-13.30859
-7.55004,112.72365,4,-13.296499
-6.62289,108.61896,-6.766,-13.199482
-6.96048,110.22659,7,-13.192412
-7.59099,113.87172,-76.196,-13.160425
-7.05407,110.19731,122,-13.142402
-6.95017,110.22982,9,-13.119102
-7.54043,112.69363,8,-13.078984
-6.74466,114.13592,-67.68,-13.070504
-7.35335,113.51872,-42.003,-13.063126
-7.57113,111.45622,73,-13.05572
-7.05584,110.33817,212,-13.044927
-7.3611,110.24266,561,-13.034618
-6.19118,105.11559,-981.083,-13.01382
-7.25409,110.27622,929,-13.00188
-7.04349,108.41148,769,-12.973499
-7.1406,112.30148,17,-12.959007
-7.31628,110.1152,925,-12.846093
-6.77557,110.28447,-23.235,-12.820142
-7.43695,111.21328,128,-12.817473
-7.54362,112.70364,7,-12.767118
-6.92803,109.38475,13,-12.747419
-6.68952,108.74576,-8.918,-12.74078
-6.47101,109.33929,-46.047,-12.713184
-6.72067,111.01136,58,-12.695722
-7.50205,114.04173,-81.479,-12.680875
-7.53729,112.68363,7,-12.613362
-7.47303,114.33696,-89.1,-12.606005
-7.48975,112.53399,16,-12.58899
-6.71019,109.45289,-30.389,-12.583249
-7.51543,111.61488,66,-12.571443
-7.2786,110.55273,336,-12.507344
-6.25914,111.34152,-45.877,-12.498012
-6.90725,109.39123,13,-12.495343
-6.97033,110.08185,13,-12.492053
-7.43784,110.21854,369,-12.464105
-6.58207,114.3288,-78.686,-12.463062
-7.20367,112.28174,59,-12.425721
-8.04404,113.30262,167,-12.416183
-7.41807,112.30843,31,-12.415259
-7.50288,109.91505,722,-12.399548
-6.52706,109.51482,-41.364,-12.399447
-7.30595,110.11845,830,-12.394157
-7.19304,112.28512,41,-12.379554
-7.48283,114.33389,-90.065,-12.377971
-7.46319,114.34003,-88.615,-12.344659
-6.96721,109.65602,16,-12.317965
-7.5304,112.17939,42,-12.282607
-7.47436,113.90829,-79.147,-12.247832
-7.54684,112.71362,6,-12.244069
-6.86507,111.81899,51,-12.221038
-6.70265,109.17085,-25.289,-12.211058
-7.37124,112.94249,-4.919,-12.205673
-6.89347,112.52045,-4.937,-12.153176
-6.32244,111.42019,-45.243,-12.141159
-6.87327,108.83195,4,-12.072499
-7.49542,111.62114,71,-12.059739
-6.73078,109.44645,-24.317,-12.057465
-7.44919,110.49923,1042,-12.02995
-6.98211,110.36155,11,-12.017247
-7.22528,110.28525,1078,-11.98686
-6.22968,111.24899,-52.011,-11.970413
-7.55442,110.60887,363,-11.933902
-6.68082,105.10871,-246.124,-11.916241
-7.49162,114.04498,-80.995,-11.913194
-7.37413,112.17048,101,-11.911226
-7.19953,112.71107,-10,-11.902306
-7.29604,113.10827,-36.673,-11.839876
-6.20567,111.17373,-52.557,-11.81774
-7.1893,112.71425,-14.097,-11.799529
-6.98029,110.07874,17,-11.776646
-7.32968,111.24689,116,-11.770471
-7.88551,113.20876,102,-11.759182
-7.45232,112.41618,25,-11.748826
-7.42786,111.78497,346,-11.724946
-6.53545,109.5075,-38.187,-11.718776
-7.65032,111.71519,309,-11.699622
-6.27028,108.73034,-27.965,-11.665802
-7.60435,111.30284,409,-11.645364
-7.31901,113.67205,-28.462,-11.620865
-6.75141,112.8509,-47.998,-11.620438
-6.99029,110.07561,22,-11.564749
-7.68596,111.56137,103,-11.545769
-7.57327,108.89848,3,-11.530826
-7.25837,110.55907,265,-11.52983
-6.06463,111.07483,-52.234,-11.527827
-7.57799,112.73545,4,-11.476209
-6.61868,114.17518,-71.002,-11.472804
-6.525,109.51075,-41.569,-11.449063
-7.27941,111.87354,93,-11.437129
-7.85098,113.93259,179,-11.396378
-6.06471,105.59439,-39.607,-11.366116
-7.92883,112.19551,406,-11.31708
-8.1958,111.97045,135,-11.309666
-6.83845,112.96646,-22.702,-11.236685
-6.22363,105.83368,23,-11.225223
-7.53415,112.67367,7,-11.191794
-6.60284,110.1968,-43.966,-11.172191
-6.8135,114.1145,-34.155,-11.108836
-6.23266,111.25837,-52.473,-11.105129
-7.42508,114.63676,-99.844,-11.057965
-6.12116,105.57645,-50.466,-11.048427
-6.4984,109.2346,-40.533,-11.023927
-7.33402,112.66905,25,-11.011073
-8.14162,114.41252,-12.72,-10.999648
-7.45338,114.3431,-89.44,-10.988872
-7.457,114.6268,-110.247,-10.964357
-7.53102,114.60365,-133.812,-10.962953
-7.5125,114.03847,-77.244,-10.95798
-6.97079,110.22337,7,-10.952857
-6.93009,105.3198,-78.96,-10.937994
-7.84555,113.22126,52,-10.937861
-6.82861,109.27377,-9.164,-10.927595
-7.33709,110.67701,212,-10.860883
-6.69359,110.31012,-30.146,-10.81132
-6.90853,108.52861,381,-10.806328
-7.52295,108.91425,20,-10.709679
-8.00912,112.02911,114,-10.670018
-7.52054,114.60692,-127.193,-10.642531
-6.68257,110.02939,-34.139,-10.62396
-7.4677,114.62348,-114.553,-10.618756
-6.71445,107.8681,576,-10.607344
-7.21424,112.27841,40,-10.572092
-6.84827,112.96341,-20.558,-10.518339
-6.76015,111.71007,-16.288,-10.510454
-6.9811,110.22015,57,-10.507742
-6.28532,111.42374,-46.705,-10.484043
-7.02717,108.92697,39,-10.464998
-6.21525,107.87614,-4.407,-10.463766
-7.16416,105.68172,-1709.15,-10.439692
-7.25426,111.79496,80,-10.41683
-7.36075,112.94578,-4.643,-10.365718
-7.1908,110.15446,592,-10.355152
-7.44637,114.63012,-106.736,-10.333902
-6.97161,108.50866,430,-10.306392
-6.46807,109.33005,-49.573,-10.2977
-6.30816,110.99884,-37.133,-10.289532
-7.49289,112.54388,15,-10.222436
-6.50428,111.50499,-39.262,-10.201848
-6.60198,114.32257,-78.563,-10.197805
-7.5215,112.63383,9,-10.165772
-7.48123,114.04822,-79.456,-10.157568
-7.35022,112.9491,-4,-10.146661
-7.00176,110.21371,129,-10.141919
-7.12393,105.83916,-1890.962,-10.139123
-7.53096,112.66378,7,-10.114017
-7.32376,112.67225,9,-10.092111
-7.52464,112.64386,8,-10.084921
-7.52778,112.65385,9,-10.084715
-7.51515,112.61379,12,-10.05828
-7.90846,112.20188,414,-10.014843
-7.99251,113.88812,429,-9.963059
-7.51835,112.6238,10,-9.962272
-7.42984,114.06423,-83.247,-9.961723
-6.89685,109.39447,12,-9.942635
-7.03509,111.481,166,-9.930771
-8.12338,111.99321,104,-9.920109
-6.81069,109.70576,-11.34,-9.890148
-6.70387,112.57972,-46.259,-9.887633
-7.44001,114.06107,-84.192,-9.834735
-6.83156,109.69923,-10.256,-9.832991
-6.86992,107.67069,946,-9.81641
-6.51842,113.63568,-54.462,-9.810113
-6.00001,105.13499,-926.749,-9.804289
-7.78935,113.38236,14,-9.781625
-6.73322,107.43438,626,-9.759664
-7.44363,114.34615,-91.048,-9.694881
-7.44146,113.91855,-73.916,-9.673946
-7.73608,109.2731,-31.496,-9.637098
-6.34834,110.98629,-22.643,-9.61161
-6.9663,113.49616,136,-9.566242
-6.93231,113.3645,174,-9.56566
-7.51191,112.60378,14,-9.55015
-6.87013,114.80994,-93.504,-9.497489
-7.02552,111.48396,151,-9.497329
-7.73154,113.40049,-4.187,-9.414236
-7.00761,110.35329,112,-9.403814
-8.16188,114.40619,-17.497,-9.378812
-6.84526,108.54864,286,-9.369253
-6.39807,111.11239,-3.039,-9.364131
-6.93839,109.38153,16,-9.350991
-7.67054,111.85062,125,-9.347287
-6.11984,105.13801,-886.176,-9.339271
-6.31587,105.22513,-348.485,-9.330556
-7.29172,113.25236,-40.005,-9.326286
-6.264,105.24168,-227.057,-9.326187
-6.2462,107.86645,3,-9.269437
-7.38481,111.51462,135,-9.18985
-7.3981,109.52565,172,-9.164904
-6.94142,105.31618,-106.826,-9.149501
-6.71396,110.44523,-28.711,-9.117459
-7.49605,112.5538,16,-9.096342
-6.4102,105.19509,-414.561,-9.019699
-7.11423,109.18434,725,-9.005288
-7.31344,112.67545,7,-9.004233
-6.5383,113.62949,-57.05,-8.97591
-6.96038,110.08499,12,-8.958165
-7.51007,114.61019,-125.804,-8.936265
-7.58931,110.17095,266,-8.915633
-7.38448,111.08769,78,-8.892331
-6.27436,105.23839,-269.083,-8.875249
-7.10414,109.18752,633,-8.862016
-6.74239,110.15321,-36.541,-8.856042
-6.56149,109.35726,-34.08,-8.854943
-7.45024,114.05788,-80.05,-8.752204
-6.91177,108.67639,36,-8.736076
-7.38682,112.21037,57,-8.701554
-7.07981,105.4182,-340.983,-8.642589
-7.49259,114.33083,-90.555,-8.642003
-7.11146,113.30867,83,-8.604044
-6.26205,111.35066,-47.77,-8.585397
-7.26848,110.55589,302,-8.575768
-6.96106,108.51196,456,-8.571235
-8.14767,114.26801,687,-8.564543
-6.82266,113.54092,-22.881,-8.563602
-7.27431,109.56055,1020,-8.563579
-6.8124,113.54413,-26.923,-8.556403
-7.15516,111.48542,66,-8.507566
-7.23406,112.98538,-2.752,-8.424174
-7.47086,114.05145,-78.202,-8.417829
-7.43387,114.3492,-91.228,-8.405117
-6.31829,110.99567,-34.038,-8.398478
-6.50745,111.07816,-4.517,-8.387788
-6.88644,109.39773,6,-8.380908
-7.7798,113.38535,11,-8.348658
-7.50536,111.61804,66,-8.343146
-7.11525,111.5988,46,-8.327939
-7.17907,112.71744,-9,-8.318818
-6.16113,105.27446,-171.359,-8.298903
-7.29563,110.12166,738,-8.289578
-7.64209,111.85954,74,-8.275194
-6.93988,110.23304,7,-8.242286
-7.50871,112.59377,13,-8.2341
-7.43573,114.63343,-102.353,-8.233173
-7.60771,112.90581,-18.989,-8.230255
-7.12751,105.40302,-1055.74,-8.182976
-6.85942,114.81326,-91.852,-8.180694
-7.4197,114.06742,-80.302,-8.18054
-7.79991,113.94857,136,-8.176475
-6.21757,111.02713,-51.073,-8.158915
-7.42015,111.36059,59,-8.144697
-7.26379,110.27318,869,-8.138516
-7.46053,114.05468,-78.205,-8.130145
-6.3698,111.12117,-13.846,-8.124732
-7.26593,113.54607,-5.868,-8.118785
-7.50557,112.58375,14,-8.118293
-6.3997,105.19844,-427.294,-8.108614
-6.78584,110.28124,-21.275,-8.107758
-7.04638,108.42063,871,-8.106672
-6.86502,114.52676,-72.328,-8.070192
-6.4086,110.96748,-10.011,-8.067827
-7.47841,114.62013,-117.022,-8.057933
-7.18718,105.96476,-2336.3,-8.055896
-8.13659,114.2715,771,-8.047541
-6.34067,109.00074,-41.665,-7.968412
-7.49924,112.56375,14,-7.926544
-6.29797,111.00202,-39.058,-7.905589
-6.30545,105.22845,-350,-7.904477
-6.77319,107.55993,1923,-7.89749
-7.51291,108.91739,48,-7.89545
-6.92069,110.8074,6,-7.852522
-6.62377,110.75764,146,-7.850064
-7.73346,113.25637,-9.852,-7.800814
-7.58158,111.45294,80,-7.794575
-6.47392,109.3485,-43.952,-7.78572
-7.34623,111.9523,103,-7.756812
-6.95596,113.49938,150,-7.754549
-7.01215,110.21047,73,-7.735438
-7.28253,111.8833,72,-7.687162
-5.95514,105.48075,611,-7.681686
-7.47875,112.05312,122,-7.678711
-6.29508,105.23176,-343,-7.676362
-6.1202,105.28754,-121.348,-7.668061
-7.04389,110.76889,15,-7.660568
-7.51916,112.04044,64,-7.631206
-7.63651,111.57692,81,-7.623206
-7.11133,108.03154,1399,-7.61416
-7.49656,111.19458,361,-7.606835
-7.30664,112.24947,77,-7.56573
-7.00033,110.07247,33,-7.546312
-7.50242,112.57373,17,-7.524462
-6.60145,108.62575,-5.288,-7.473716
-6.28471,105.23507,-317.682,-7.460189
-7.44051,110.64457,280,-7.454004
-6.88088,114.8066,-95.846,-7.347817
-6.02865,105.16673,-885.963,-7.323584
-7.29248,110.26414,720,-7.277995
-7.52296,114.03523,-72.972,-7.268914
-8.70046,113.66592,-845.9,-7.267153
-6.52164,109.36974,-39.636,-7.266009
-7.48534,113.90485,-81.021,-7.205983
-6.96248,114.06805,20,-7.187949
-6.86596,111.25045,81,-7.187755
-6.64879,111.31836,-3.858,-7.185447
-7.44921,112.40637,23,-7.183114
-6.74479,110.29409,-28.771,-7.175572
-7.48663,111.1977,293,-7.138588
-7.08139,113.31798,49,-7.126996
-6.82909,107.68351,1241,-7.11514
-6.87497,114.52361,-72.987,-7.102078
-6.42214,112.24156,-56.51,-7.044527
-6.88307,108.82885,6,-7.035879
-7.58401,111.30923,312,-7.027772
-6.02573,105.2159,-544.796,-7.01419
-8.03465,113.87501,471,-6.977073
-7.42408,114.35227,-93.123,-6.959029
-6.42068,105.19174,-380.189,-6.956792
-6.83291,113.53773,-19.884,-6.950557
-7.56023,112.02756,46,-6.939843
-7.31182,113.38827,-48.803,-6.932593
-6.85167,110.11899,-1.887,-6.930427
-6.56452,108.78468,-11.832,-6.887064
-6.90361,112.51729,-2.208,-6.885351
-6.87332,112.52675,-2.787,-6.874386
-7.74564,113.34238,-14.877,-6.85546
-7.48276,111.05695,156,-6.830288
-6.67212,109.18039,-29.008,-6.784971
-6.32632,105.2218,-395.264,-6.775304
-6.93006,107.79938,956,-6.70626
-6.78182,112.84146,-40.854,-6.702156
-6.77117,110.28116,-24.946,-6.697743
-7.54155,114.60036,-142.636,-6.694134
-7.00844,108.30087,659,-6.684764
-7.44816,111.77856,489,-6.659183
-6.25364,105.24498,-260.316,-6.597846
-7.07023,105.42124,-181.63,-6.577299
-7.40922,114.49912,-102.187,-6.54521
-7.21165,110.14794,779,-6.514807
-6.87601,109.40102,4,-6.486371
-7.48904,114.61679,-121.144,-6.454835
-8.10281,111.9997,108,-6.452605
-7.36839,111.23477,65,-6.436202
-7.438,111.78176,376,-6.420279
-7.00604,108.93369,26,-6.365999
-6.76398,107.53088,1489,-6.33705
-7.49958,114.61348,-123.22,-6.332337
-7.26756,109.56156,1114,-6.33154
-6.28821,111.4329,-45.541,-6.297948
-6.09959,105.44849,-8.953,-6.277564
-7.64001,110.29701,289,-6.255284
-6.63863,111.32152,-5.271,-6.246497
-6.75505,110.29087,-27.835,-6.220751
-6.57738,109.67241,-54.294,-6.218267
-7.0576,110.33782,212,-6.209433
-7.30817,113.67543,-25.569,-6.186769
-7.55327,113.74104,-72.551,-6.158682
-6.2057,111.17248,-52.557,-6.129733
-7.41771,111.78814,344,-6.109249
-8.10594,113.28312,39,-6.096848
-6.80213,113.54733,-30.363,-6.072835
-6.99212,110.78512,14,-6.028566
-8.13149,114.4157,-16.001,-5.976153
-8.58607,112.27659,-590.966,-5.957241
-7.47332,109.92429,852,-5.947163
-7.30307,112.67868,18,-5.902364
-6.5227,109.9376,-46.166,-5.86896
-6.82887,112.6845,-33.744,-5.823459
-7.016,111.48694,126,-5.810933
-7.79886,113.37938,18,-5.7975
-7.20122,110.1512,695,-5.788153
-7.74025,111.11814,819,-5.727758
-6.85622,111.25348,71,-5.718599
-7.26425,114.11605,-52.496,-5.718015
-7.2511,111.78507,76,-5.716743
-7.15439,105.68484,-1649.335,-5.700894
-7.14301,112.44244,12,-5.674079
-6.99141,110.21694,36,-5.635779
-6.95056,108.51529,446,-5.61004
-7.72855,111.83245,451,-5.58209
-7.34405,109.96483,1185,-5.58123
-7.20315,114.13514,-42.211,-5.566268
-7.64871,113.14073,-11.843,-5.510675
-6.74828,109.29886,-32.419,-5.489626
-7.3914,109.50453,158,-5.481809
-6.77165,107.55471,1934,-5.46624
-7.27447,114.11285,-54.26,-5.452799
-7.42119,112.3182,27,-5.442674
-6.79613,110.27802,-19.974,-5.422225
-6.25623,111.33236,-46.73,-5.418392
-7.08939,105.41517,-427.873,-5.3672
-7.06465,110.194,154,-5.325521
-6.38433,111.73542,-39.99,-5.324834
-6.88826,110.67495,4,-5.322162
-7.41432,114.35533,-93.799,-5.264995
-7.56289,113.73803,-68.432,-5.174791
-7.13021,112.30475,16,-5.150499
-7.52025,112.1826,34,-5.134835
-6.5566,109.60723,-37.752,-5.106054
-7.50229,114.3278,-90.654,-5.067176
-7.13296,112.44558,6,-5.050298
-6.74113,109.44321,-22.891,-4.993962
-6.34943,111.62546,-41.492,-4.959115
-7.16702,109.87779,1649,-4.90642
-7.27136,113.40095,-34.551,-4.880736
-6.42237,105.33594,-110.311,-4.846903
-6.6999,109.45611,-32.811,-4.83545
-6.63359,108.61558,-7.968,-4.800436
-6.942,113.36146,147,-4.798608
-6.84873,114.81656,-89.715,-4.78409
-6.35064,108.99759,-37.415,-4.782442
-7.2853,110.12491,718,-4.765369
-6.99937,109.93028,234,-4.764834
-7.06101,109.3432,212,-4.718881
-7.74128,113.39743,-0.109,-4.713723
-6.70475,107.87118,522,-4.701272
-6.89005,109.68026,8,-4.681045
-6.464,111.51762,-40.976,-4.677968
-7.14164,107.87383,1653,-4.67467
-7.28475,114.10965,-55.833,-4.605819
-6.98217,108.50533,438,-4.602122
-7.19295,114.13831,-41.455,-4.519713
-7.661,111.85359,118,-4.478271
-6.87541,110.60981,4,-4.45117
-6.06909,105.15397,-893.24,-4.450779
-8.11314,111.99642,103,-4.44255
-7.44611,112.39654,23,-4.433322
-7.56642,110.74689,124,-4.376211
-7.29083,106.07714,-2225.635,-4.349678
-6.90902,109.24859,12,-4.319246
-7.09402,109.1907,552,-4.311242
-6.31983,105.80329,-22.464,-4.268303
-7.55932,110.46459,1587,-4.26385
-7.90643,111.49214,107,-4.258337
-7.25626,113.54907,-2.74,-4.256583
-6.82867,112.96952,-28.071,-4.222156
-6.66474,111.0289,91,-4.213261
-7.33505,114.38006,-85.235,-4.210448
-7.29268,112.68192,27,-4.157635
-7.54363,113.74406,-73.991,-4.129741
-6.85507,114.52987,-73.502,-4.108336
-6.79873,108.2723,95,-4.087885
-7.24352,110.70632,185,-4.076125
-7.25406,114.11923,-51.525,-4.053376
-6.66469,110.46066,-27.707,-4.023698
-6.73631,107.44406,634,-4.012822
-6.64887,113.59506,-50.894,-4.005412
-6.88486,114.5205,-70.554,-3.988771
-7.28162,113.25551,-35.448,-3.96774
-6.78833,108.27559,88,-3.958987
-8.07367,114.149,1565,-3.94372
-7.67608,111.56445,128,-3.934731
-6.58036,110.0613,-37.511,-3.934623
-6.83248,109.69833,-10.256,-3.930771
-7.5744,113.87698,-84.622,-3.924623
-7.21336,114.13194,-43.091,-3.872995
-7.28013,106.08054,-2236.059,-3.841278
-7.06053,110.05364,494,-3.835225
-6.33836,110.98941,-25.915,-3.82282
-7.04929,113.47024,214,-3.81847
-6.63979,109.33275,-38.046,-3.801717
-7.4243,112.32797,28,-3.797115
-7.17121,113.43216,30,-3.779027
-7.33418,109.96792,1336,-3.77601
-7.84082,113.93575,151,-3.694304
-7.52658,111.04321,287,-3.690773
-7.83649,112.79695,726,-3.690721
-7.40954,114.07063,-78.297,-3.678202
-7.25397,110.70303,180,-3.668708
-6.32836,110.99254,-31.199,-3.59068
-7.50646,111.19147,421,-3.580897
-6.10244,105.45742,10.984,-3.54792
-6.6527,110.18125,-48.184,-3.52328
-7.28227,112.68518,25,-3.51358
-7.26129,113.40408,-20.672,-3.508286
-7.23585,114.4111,-82.903,-3.488704
-6.38724,111.74463,-39.854,-3.467144
-7.29508,114.10642,-56.805,-3.440954
-7.05961,113.46702,165,-3.411027
-7.59195,111.44969,88,-3.395856
-7.33661,111.9553,77,-3.353116
-6.86558,109.40432,3,-3.344721
-6.35232,111.63458,-40.56,-3.291323
-7.03142,111.76691,34,-3.285289
-7.15305,112.43929,17,-3.257943
-7.32497,114.38321,-82.939,-3.224211
-6.91905,108.52528,443,-3.216883
-7.18118,113.42906,39,-3.169069
-7.28145,113.3978,-39.759,-3.143008
-6.66454,107.58861,648,-3.140799
-6.50687,112.64122,-52.539,-3.134901
-6.91576,109.95649,14.607,-3.109873
-6.0236,111.08762,-54.081,-3.108432
-6.94873,109.3783,24,-3.074672
-7.34427,112.66584,18,-3.068264
-7.27186,112.68845,19,-3.057697
-6.89883,109.25178,6,-3.055799
-6.33069,109.0039,-46.656,-3.011361
-7.31597,114.09992,-58.262,-3.008726
-6.97381,114.06455,30,-2.984588
-7.4046,114.35835,-93.864,-2.92582
-7.61309,110.87391,106,-2.911527
-7.30546,114.10318,-58.402,-2.909763
-6.95043,110.08811,10,-2.906716
-6.27582,108.73196,-29.131,-2.894432
-6.94932,110.65582,9,-2.863668
-6.3305,105.79992,-22.595,-2.809704
-7.0712,109.34001,179,-2.79092
-7.06583,112.6106,1,-2.78429
-6.58096,111.05516,8,-2.777534
-6.84198,109.69596,-4.367,-2.727637
-7.33932,111.24386,114,-2.699046
-6.0544,111.07803,-52.326,-2.674631
-7.25101,112.69499,3,-2.662037
-6.71918,111.58229,17,-2.657221
-7.2749,110.12818,696,-2.627456
-6.64502,107.59481,518,-2.613677
-7.56934,111.7406,125,-2.608584
-6.63536,109.90241,-35.835,-2.604679
-7.24388,114.12241,-50.626,-2.591149
-6.33257,111.41704,-44.935,-2.578381
-7.26143,112.69172,7,-2.557104
-7.17715,105.96793,-2307.653,-2.550448
-6.89973,109.67724,9,-2.515287
-7.37092,112.16041,116,-2.50269
-6.47272,108.66644,-4.001,-2.494518
-7.34515,114.37692,-84.836,-2.484202
-6.77794,108.27887,71,-2.434702
-6.65994,108.02507,111,-2.422651
-7.49225,110.62835,336,-2.378773
-6.87118,107.81823,946,-2.34939
-6.3892,105.20178,-397.295,-2.324955
-7.26942,106.08393,-2252.772,-2.317646
-6.49423,111.50814,-39.23,-2.314818
-7.22354,114.12876,-43.691,-2.30777
-7.61746,112.72312,117,-2.307428
-6.89163,114.80323,-96.216,-2.306476
-6.79187,113.55052,-33.588,-2.293193
-7.295,112.11064,64,-2.287327
-6.88045,109.68327,7,-2.244408
-7.73591,111.54572,139,-2.242575
-6.91927,109.24539,17,-2.231016
-7.51013,112.1858,34,-2.220724
-7.5725,113.73504,-66.699,-2.183853
-7.11841,112.02364,14,-2.181397
-7.18277,114.14147,-38.138,-2.176825
-6.76933,108.1411,56,-2.159199
-6.6548,107.59173,589,-2.150773
-6.86129,107.82137,1037,-2.14248
-6.77011,107.55024,1683,-2.13293
-6.65172,114.30707,-76.954,-2.117182
-7.30168,113.39145,-46.648,-2.102283
-9.01238,112.99933,-1853.885,-2.075378
-7.53341,114.03196,-66.818,-2.058793
-6.33677,105.21846,-358.329,-2.043192
-7.02116,111.77012,33,-2.029505
-7.51202,114.32477,-90.635,-1.969297
-6.92027,107.80253,886,-1.965644
-6.73938,107.45373,713,-1.940652
-7.35539,112.09172,98,-1.93679
-7.95238,113.9008,358,-1.933338
-7.7381,113.96793,116,-1.924119
-7.29156,113.39463,-42.96,-1.920494
-6.41258,105.33897,-107.868,-1.868932
-6.99109,109.22293,136,-1.864211
-7.1279,112.02069,16,-1.846015
-6.86153,110.1159,-1.707,-1.84471
-6.462,108.66982,-4.6,-1.804459
-7.37459,111.51782,136,-1.79753
-7.51249,111.33167,126,-1.783862
-7.11334,105.84252,-1822.448,-1.779891
-7.32652,114.09661,-58.783,-1.77202
-8.1255,114.27496,841,-1.769338
-7.65154,111.85657,86,-1.769186
-7.60223,111.44647,95,-1.722357
-6.98983,110.6432,7,-1.718677
-6.62848,111.32467,-7.076,-1.714772
-7.1776,109.87446,1839,-1.6814
-7.9679,114.46696,-52.926,-1.639023
-7.96516,113.32729,721,-1.62237
-6.65484,110.46375,-26.971,-1.573504
-7.10167,108.03463,1322,-1.56481
-7.25804,109.56459,993,-1.54758
-6.624,110.90026,1410,-1.50482
-6.75946,108.14425,37,-1.496306
-7.52947,110.47398,1644,-1.44234
-7.00144,109.21969,76,-1.440807
-7.14925,110.73589,79,-1.40158
-7.14914,110.16754,500,-1.371967
-6.70976,111.58532,23,-1.369493
-7.64263,110.29727,281,-1.359246
-7.36001,109.24946,244,-1.358397
-6.91372,112.51413,82,-1.352435
-6.92958,110.23626,4,-1.337952
-7.13747,112.01772,15,-1.335243
-6.90533,109.95976,-3.031,-1.329212
-7.23371,114.12559,-48.603,-1.296717
-7.42741,112.33776,28,-1.275528
-7.14873,110.59336,142,-1.269207
-6.65823,108.7555,-2.796,-1.252358
-7.21615,113.84631,-9.132,-1.240297
-6.74245,107.46339,770,-1.210964
-7.81026,113.94533,138,-1.188336
-7.60251,110.17003,349,-1.186153
-7.16126,113.43527,26,-1.174803
-7.43048,113.92197,-72.959,-1.17278
-8.15876,114.26455,611,-1.15
-6.57175,109.63874,-42.753,-1.138061
-6.70833,109.31136,-38.779,-1.133099
-7.22573,114.41421,-84.499,-1.130583
-6.82505,114.11089,-27.215,-1.10804
-6.86088,112.67453,-10.583,-1.09976
-7.2587,106.08733,-2266.082,-1.094074
-7.10896,112.0266,13,-1.054913
-7.19815,110.57787,91,-1.032011
-6.41468,112.10228,-54.401,-1.019096
-6.56361,109.92485,-45.908,-1.008553
-7.24661,113.55206,-3.194,-0.976831
-7.44299,112.38674,23,-0.966141
-6.77923,108.13793,61,-0.96097
-6.67432,107.58554,733,-0.92982
-6.89642,114.65908,-75.074,-0.924956
-6.57142,109.35416,-34.664,-0.898777
-7.24598,114.40795,-76.936,-0.870596
-6.94711,113.07491,86,-0.867255
-6.01433,105.18003,-820.637,-0.861923
-7.37032,109.24623,224,-0.858243
-6.85456,111.82228,31,-0.849535
-7.27152,113.25866,-28.745,-0.8494
-8.1362,113.27362,30,-0.844478
-7.91554,113.34285,328,-0.833578
-7.10483,111.60226,65,-0.765659
-6.71256,110.16249,-42.11,-0.763563
-7.60915,110.30667,377,-0.762002
-6.14385,105.56928,-65.657,-0.760095
-7.15956,110.02268,1013,-0.74079
-7.14977,110.02574,897,-0.728785
-6.88102,107.81507,924,-0.72801
-6.74964,108.1474,34,-0.713199
-7.26439,110.69977,182,-0.689348
-6.43116,105.18839,-380.855,-0.661728
-6.67419,111.02596,82,-0.649888
-6.89287,108.82575,6,-0.627852
-7.08317,109.90405,706,-0.605676
-7.31497,114.38635,-82.367,-0.602963
-7.11801,105.40605,-878.122,-0.561989
-6.48346,108.66304,-2.678,-0.538234
-7.30058,112.39307,40,-0.531606
-8.12617,113.27679,31,-0.513179
-6.76261,114.70079,-82.958,-0.511167
-6.67007,108.02188,143,-0.487238
-7.39485,114.36141,-90.111,-0.480812
-7.50901,112.04358,62,-0.471839
-6.99962,108.27303,663,-0.470366
-7.48479,114.47548,-109.392,-0.456327
-6.19673,111.14563,-51.143,-0.453344
-8.9931,113.43304,-2030.992,-0.409534
-6.73266,107.56708,1606,-0.40761
-6.72416,107.865,516,-0.394929
-6.02854,105.22478,-448.104,-0.387437
-7.76421,113.24678,12,-0.38652
-6.80019,109.70904,-8.883,-0.366464
-7.22352,112.98868,-4.736,-0.359998
-6.36031,111.12416,-19.038,-0.359275
-7.03776,108.92362,33,-0.317871
-6.72293,107.57017,1418,-0.31013
-7.35522,114.37378,-86.598,-0.294449
-7.47666,111.20084,253,-0.284613
-7.05082,109.34637,162,-0.269467
-7.25122,113.40721,-9.662,-0.24837
-6.23563,111.26769,-50.542,-0.246272
-6.67229,110.03261,-35.092,-0.242535
-7.29731,113.67883,-24.52,-0.227985
-6.96399,108.66008,126,-0.225948
-5.9468,105.19241,-532.879,-0.207765
-6.15517,105.5657,-69.902,-0.182445
-7.97134,112.7547,554,-0.153228
-6.27661,111.39643,-48.462,-0.125467
-6.6251,109.9056,-37.862,-0.116521
-7.52184,114.32171,-91.078,-0.088449
-7.07364,109.19708,510,-0.078626
-7.09952,112.02958,14,-0.060318
-7.56483,110.60561,364,-0.043229
-6.92865,109.10027,13,-0.021749
-7.4964,113.9014,-83.769,-0.00396
-7.12101,108.02845,1448,0.00614
-7.53939,110.47086,1617,0.01031
-7.16884,112.72064,4,0.045943
-7.19755,108.72899,878,0.141231
-6.64564,109.89919,-34.028,0.183718
-7.08385,109.19389,515,0.188196
-7.76057,114.53187,-338.43,0.210623
-6.85515,109.40761,6,0.223746
-6.80915,108.26902,103,0.278984
-6.4513,108.67318,-6.044,0.298105
-7.88907,110.07712,8,0.321623
-6.0029,105.14401,-931.328,0.335642
-6.5973,107.90537,110,0.338379
-7.00322,108.49865,521,0.361315
-7.14464,105.68794,-1552.252,0.405852
-6.80644,110.2748,-20.712,0.419207
-6.67455,110.45758,-27.649,0.425578
-6.65892,111.31519,-5.147,0.481889
-6.92619,109.95322,58,0.484518
-6.81958,108.26573,125,0.508001
-6.71282,109.16767,-23.484,0.516215
-6.6929,110.02617,-33.859,0.556328
-6.55408,108.78793,-11.357,0.587799
-7.74889,113.35259,-9.617,0.609044
-7.33706,114.09332,-58.472,0.61272
-7.44738,110.21551,351,0.61448
-7.26946,112.54704,11,0.621639
-7.1085,105.40908,-724.328,0.624672
-7.26437,110.13144,717,0.634957
-7.95523,113.33043,691,0.636003
-7.53402,113.74705,-75.296,0.655464
-7.53171,114.31862,-91.762,0.680732
-6.87337,109.68612,4,0.703655
-6.84645,111.25656,58,0.715979
-6.94009,108.51862,453,0.726447
-6.4788,113.64801,-63.639,0.730609
-7.55212,114.59706,-153.376,0.735005
-7.09896,105.41212,-522.136,0.765314
-6.83173,107.74381,1854,0.76549
-6.47409,111.51446,-40.389,0.802047
-6.7891,108.13476,79,0.812118
-7.09003,112.03256,11,0.821638
-6.69567,108.88827,-3.472,0.852622
-7.23286,107.70283,2280,0.85929
-6.1325,105.57286,-58.282,0.869798
-6.18649,111.32015,-49.108,0.87001
-7.19455,111.99984,22,0.908066
-8.11606,113.27994,33,0.930724
-6.84315,113.53452,-15.653,0.934283
-8.64692,112.25749,-732.842,0.944324
-6.3092,105.80666,-21.658,0.963308
-8.57593,112.2798,-576.353,0.99013
-7.65947,110.35074,349,1.001948
-7.23877,109.43004,897,1.016302
-6.74366,107.85877,564,1.0431
-6.87139,110.11282,-2.134,1.04512
-7.61239,111.44328,102,1.046634
-6.68344,110.31328,-30.244,1.056818
-6.39088,110.83035,-8.862,1.059581
-7.13995,110.02881,869,1.062279
-7.24795,106.09073,-2272.586,1.069019
-7.13891,110.59644,97,1.074775
-6.93883,109.09708,16,1.087022
-6.99272,108.50198,426,1.092052
-6.68581,108.89138,-3.29,1.106862
-6.57221,114.33187,-77.765,1.122539
-5.93531,105.48691,261,1.164037
-7.17788,108.73524,819,1.194447
-7.98233,113.89131,404,1.207412
-6.70551,108.88517,-4.225,1.217839
-7.58785,112.73236,11,1.230033
-7.80834,113.37642,30,1.232044
-7.50004,112.18894,33,1.23275
-7.35866,111.2378,79,1.248488
-7.0256,109.63772,85,1.26456
-7.6561,110.34004,346,1.264858
-8.06387,114.15209,1574,1.27858
-7.27344,110.27014,777,1.286343
-7.54383,114.02867,-63.063,1.295052
-6.93985,107.79625,975,1.303493
-7.22327,107.7059,2210,1.30473
-6.73319,114.13954,-71.69,1.308391
-6.64982,108.02824,81,1.324181
-6.91048,107.80567,872,1.348748
-6.55728,110.49423,-37.995,1.360316
-6.89658,111.80911,156,1.37942
-6.63528,107.59789,456,1.387082
-7.16934,110.01963,1082,1.39019
-7.93539,113.33663,459,1.396731
-6.34651,111.61627,-41.017,1.419403
-6.83004,108.26242,168,1.467696
-7.54155,114.31551,-92.142,1.468088
-6.76755,108.28215,64,1.480288
-6.567,110.4912,-37.079,1.496929
-6.70259,110.16562,-44.033,1.513873
-7.39933,114.07384,-74.101,1.526881
-7.14707,112.01473,18,1.535679
-7.96236,113.89762,369,1.545969
-6.47164,109.38531,-42.08,1.549315
-7.75014,114.53514,-338.711,1.57166
-6.74238,107.564,1702,1.58361
-6.49421,108.65964,-0.869,1.586662
-6.90667,114.65588,-72.695,1.602459
-6.92959,108.52196,437,1.605822
-6.01855,105.1699,-880.675,1.645795
-7.24797,111.77525,68,1.653307
-7.89578,113.34905,224,1.653542
-6.65527,111.03188,81,1.671211
-6.62943,114.74234,-71.601,1.693618
-7.19113,113.42595,34,1.71593
-7.90561,113.34597,274,1.7497
-7.46304,108.93303,206,1.749711
-7.75098,113.39439,2,1.790945
-6.57494,108.78143,-12.077,1.806104
-6.84811,108.11585,338,1.828458
-6.75211,107.56092,1829,1.92536
-6.54758,110.49727,-37.714,1.926461
-7.23696,113.55506,-4.017,1.937516
-6.89487,109.96302,-9.084,1.975457
-6.04417,111.08122,-53.156,1.976059
-6.69996,108.74252,-9.341,1.98182
-6.78164,113.5537,-37.332,1.985684
-7.15983,110.73256,112,2.006946
-7.86693,113.78533,457,2.01077
-6.88128,110.10972,-1.507,2.015347
-7.04465,111.47803,157,2.021898
-6.51167,109.37283,-40.981,2.038116
-6.84204,109.69533,-3.357,2.057947
-7.58214,113.73202,-64.814,2.082182
-6.86288,109.68942,5,2.084435
-8.14617,113.27047,30,2.090568
-6.95275,105.31261,-166.733,2.104921
-6.74554,107.47305,848,2.116075
-6.03389,111.08441,-53.804,2.117612
-7.08139,109.33683,179,2.126208
-6.7041,110.4483,-27.962,2.13079
-6.67594,108.89451,-3.027,2.130992
-7.15823,111.49498,61,2.134243
-7.83067,113.93889,132,2.154039
-6.6071,107.90225,88,2.154259
-6.71321,107.57324,1291,2.17586
-8.08328,114.14595,1695,2.17734
-7.25603,114.40478,-74.316,2.203408
-7.11488,109.89415,900,2.219226
-7.44683,111.21019,152,2.237244
-7.18507,112.00281,19,2.24284
-6.98502,109.50956,19,2.254261
-6.53771,112.91744,-58.039,2.25436
-6.8801,107.66752,819,2.257774
-7.38504,114.36453,-90.891,2.28957
-6.62817,109.47851,-37.568,2.292302
-6.85798,108.1127,306,2.296062
-6.75152,109.43997,-20.351,2.299369
-6.65438,107.73837,504,2.361955
-6.54804,112.91422,-57.657,2.36499
-6.31743,111.52487,-40.531,2.368366
-7.23064,109.85788,1652,2.36975
-6.90735,110.71065,7,2.39121
-7.2221,110.14467,747,2.408659
-7.28577,113.11148,-31.041,2.426431
-6.71535,108.88206,-4.655,2.437026
-6.9517,113.35842,161,2.446444
-7.82052,113.94212,113,2.446775
-6.7431,112.56744,-41.152,2.446777
-6.4527,109.10821,-35.696,2.46364
-7.36521,114.37066,-87.118,2.475327
-7.30506,114.38943,-81.626,2.510616
-7.32666,110.11197,1043,2.54393
-7.33943,109.25593,415,2.599391
-7.17491,107.72134,1646,2.65932
-7.97231,113.89447,391,2.667064
-7.77803,111.10626,537,2.693564
-6.51188,107.78318,56,2.709625
-8.6992,112.24102,-863.228,2.712538
-7.34972,109.25268,350,2.721167
-6.62672,107.89601,106,2.728471
-6.90067,107.8088,864,2.746037
-6.89114,110.10664,0.117,2.790004
-6.1364,105.56453,-66.678,2.803533
-7.64645,111.5738,90,2.811335
-6.94049,110.09121,8,2.846354
-7.01069,110.35254,120,2.849284
-7.92548,113.33972,401,2.856681
-7.24237,107.69979,2295,2.86535
-6.28778,111.00522,-40.922,2.870361
-7.45932,110.49602,1071,2.89646
-7.25343,109.56713,924,2.901568
-7.55132,114.31244,-93.247,2.924361
-7.09158,109.33362,197,2.935567
-7.43986,112.37695,23,2.949946
-7.37514,114.36758,-91.041,2.979903
-7.16711,105.97111,-2278.305,2.995462
-6.64414,107.74156,513,3.00425
-7.84425,114.50568,-208.607,3.00761
-6.43212,105.33291,-112.917,3.020042
-6.89084,107.81193,876,3.022139
-6.24331,105.24827,-276.027,3.0636
-7.48885,112.04993,72,3.074082
-8.01955,112.02581,114,3.07728
-8.09239,112.00297,106,3.091367
-7.57068,112.02425,44,3.094192
-7.15664,112.01172,18,3.107551
-7.50749,113.89792,-85.144,3.120836
-7.94531,113.33353,568,3.137687
-6.13923,105.57351,-62.251,3.159504
-7.69606,112.69854,277,3.183578
-7.32706,111.9583,71,3.200349
-6.63968,108.03145,72,3.242793
-6.84052,108.2591,216,3.243832
-6.61797,109.48172,-38.853,3.293349
-6.10967,105.14121,-872.355,3.310251
-7.20399,111.99687,23,3.319547
-6.99516,109.50636,23,3.325077
-7.13625,107.73371,1359,3.32605
-7.32676,110.68024,187,3.326455
-7.88597,113.35212,212,3.329838
-7.24123,109.85455,1493,3.33325
-7.89477,108.79762,-79.116,3.334496
-7.17559,112.00578,19,3.390415
-6.66608,108.89765,-4.055,3.426786
-6.57441,109.6631,-52.669,3.444652
-7.55415,114.02543,-58.759,3.446333
-6.75192,114.27581,-64.334,3.452028
-6.5685,109.64445,-45.138,3.457899
-6.87567,111.24742,134,3.485138
-6.3893,110.54681,-49.934,3.507162
-7.975,113.32422,684,3.507165
-6.64915,109.04632,-25.345,3.520361
-6.88659,108.39028,2333,3.5287
-7.60283,110.02529,388,3.53331
-6.83809,114.81988,-88.086,3.544972
-8.12132,114.41889,-8.588,3.548539
-7.11997,112.30796,13,3.559133
-6.78276,110.31756,-27.636,3.561289
-6.85242,109.6927,-0.095,3.568358
-7.35455,112.66261,8,3.574175
-7.08052,112.03553,12,3.577858
-6.77062,111.7068,11,3.578841
-6.84474,109.41086,-1.157,3.588947
-7.06286,114.74983,-19.267,3.602186
-8.17199,114.40302,-14.196,3.60294
-7.57462,114.01905,-47.842,3.60296
-7.23859,111.7459,69,3.609904
-7.00549,108.2916,640,3.616549
-6.48417,111.51128,-39.827,3.622188
-7.66039,111.71204,317,3.640388
-7.62245,111.44012,110,3.649614
-7.23719,106.09415,-2273.295,3.660096
-7.20738,108.72585,819,3.670233
-6.90098,110.10357,4,3.672714
-7.23307,110.70961,166,3.674002
-6.20269,111.16439,-51.593,3.687005
-6.74133,112.85406,-44.476,3.69275
-6.90234,114.79988,-96.94,3.707878
-7.51857,113.89443,-87.769,3.721046
-7.56439,114.02223,-51.971,3.728208
-6.72251,110.1594,-41.162,3.770858
-7.01181,109.21644,74,3.773289
-6.95749,109.65907,13,3.807132
-7.39036,109.52292,172,3.823053
-7.51636,111.18837,474,3.829472
-6.5017,107.78639,49,3.82982
-7.66649,113.99028,12,3.836148
-6.73769,113.2825,-48.527,3.842242
-7.5763,110.7438,120,3.876737
-7.12431,109.1812,765,3.89083
-6.73983,108.15055,34,3.904909
-6.50848,113.63877,-56.801,3.907177
-6.3787,105.2051,-328.418,3.914237
-6.71642,109.7352,-24.881,3.9198
-6.84663,110.51892,0.207,3.920978
-7.77024,113.38835,9,3.921783
-7.58491,114.01588,-39.896,3.93099
-6.5365,111.35342,-23.604,3.940268
-7.04173,111.7637,39,3.96087
-6.78966,109.71234,-8.357,3.979255
-7.00256,108.28232,777,4.011787
-7.17259,114.14464,-37.238,4.019953
-7.00031,111.63498,272,4.02031
-6.50253,110.36982,-44.748,4.034079
-6.85648,107.82155,1022,4.03509
-7.28566,111.8931,81,4.037344
-6.39016,111.75386,-39.39,4.054594
-7.21568,114.41732,-71.351,4.060804
-6.92953,109.2422,22,4.064836
-6.76705,107.54056,1536,4.10641
-6.97669,113.49291,101,4.112965
-6.75713,108.28543,64,4.13294
-6.54676,111.35022,-20.917,4.149718
-6.61487,109.90878,-39.482,4.155679
-7.65638,111.57067,110,4.158116
-7.74373,113.25317,-2.735,4.168791
-6.73825,109.30199,-35.035,4.192894
-6.49236,110.373,-47.172,4.215374
-6.53793,110.5003,-37.459,4.22566
-7.39012,110.23348,455,4.227156
-6.50496,108.65625,-2.759,4.245692
-6.75342,107.85567,579,4.247451
-6.79894,108.13159,86,4.254222
-7.13005,110.0319,798,4.285796
-7.23547,111.73616,65,4.321386
-7.24115,113.41034,-1.289,4.322598
-7.48979,112.19213,35,4.32798
-6.55838,112.911,-56.467,4.343856
-6.86329,112.52988,-2.82,4.362215
-7.12771,112.87622,98,4.369236
-7.16613,112.00874,19,4.397686
-6.662,109.18356,-29.201,4.401467
-6.90725,108.38375,1986,4.41624
-7.64603,110.30795,289,4.436625
-7.33671,109.82466,1151,4.44234
-7.61449,111.29965,441,4.464166
-7.16798,108.7384,744,4.488202
-6.77141,113.5569,-39.842,4.50608
-6.89691,108.38701,2122,4.5169
-6.71147,111.01428,61,4.51735
-6.97491,109.51271,18,4.550243
-6.35497,108.84994,-54.616,4.552169
-6.73657,110.86503,135,4.590316
-7.34757,114.09004,-58.942,4.595333
-7.66752,110.57338,259,4.609006
-6.63838,109.47531,-35.887,4.648047
-7.16527,107.72442,1544,4.65612
-6.62949,108.03464,70,4.678152
-6.98079,109.22615,121,4.737724
-6.70603,109.73847,-29.763,4.73883
-6.56706,113.051,-51.846,4.759262
-7.18459,107.71826,1613,4.79775
-7.03571,109.49366,78,4.797886
-7.47301,108.92989,144,4.816592
-7.29525,114.3925,-81.192,4.820632
-7.59181,113.729,-60.737,4.87037
-6.61692,107.89913,107,4.899038
-7.00532,109.50317,28,4.931854
-7.58334,108.89531,3,4.937416
-8.56576,112.28299,-546.843,4.969088
-7.65275,110.32931,341,4.971125
-6.72523,108.87893,-3.889,4.986435
-7.22736,113.55807,-1.875,4.994909
-6.40743,111.10946,-3.553,5.026911
-7.24171,111.75565,63,5.046234
-6.87008,110.82322,8,5.064526
-6.65589,109.89599,-32.76,5.094939
-6.10527,105.46633,10.48,5.148168
-6.72677,109.73195,-17.64,5.151967
-7.17037,110.72923,148,5.188099
-6.96408,105.30903,-214.368,5.189968
-6.88871,109.25494,5,5.208072
-7.12151,113.30552,46,5.208994
-6.22767,111.02398,-50.316,5.227364
-6.34721,105.21513,-243.539,5.236222
-8.227,111.96063,241,5.239435
-6.46511,109.32086,-53.101,5.262849
-6.6836,111.02302,67,5.291681
-8.55554,112.2862,-524.432,5.299139
-7.65639,113.99345,11,5.303673
-6.91847,109.10344,14,5.310454
-6.47684,109.3577,-41.702,5.320848
-7.18773,108.73212,736,5.348611
-6.73013,107.42469,621,5.405291
-7.49892,112.04676,75,5.435269
-7.77104,114.52858,-339.129,5.435719
-7.64407,113.85512,-49.776,5.439234
-6.98108,113.77754,99,5.447996
-7.26595,114.40164,-75.658,5.461099
-7.0256,109.49681,47,5.467656
-7.21363,107.709,2073,5.4725
-7.23237,111.72644,62,5.476228
-7.33071,113.95313,-55.203,5.486886
-7.13989,111.43758,101,5.491924
-7.04064,109.34953,145,5.507046
-6.61195,114.31948,-77.361,5.512739
-6.5875,107.90851,69,5.517419
-7.21598,111.42446,48,5.518771
-6.69407,112.58276,-46.222,5.543082
-6.59072,108.62914,-4.878,5.589554
-6.79914,110.84547,26,5.608578
-6.92377,112.51099,27,5.624527
-7.67659,113.98712,16,5.624586
-6.23819,108.74044,-30.124,5.634008
-7.46583,113.76844,-59.122,5.638493
-6.6956,109.74174,-35.455,5.67224
-6.44639,109.25082,-28.731,5.689908
-6.90202,107.965,957,5.704662
-6.76092,107.5212,1225,5.71429
-7.49294,108.92362,92,5.716532
-7.23374,112.84314,-3,5.726604
-7.24049,111.55982,42,5.736495
-7.40988,111.3638,56,5.737245
-6.91923,110.23949,3,5.737697
-6.87086,109.6863,4,5.774499
-7.26143,113.26182,-10.194,5.787981
-7.43052,112.34754,27,5.791452
-8.11436,114.27847,925,5.80075
-7.61496,114.57739,-236.135,5.8235
-6.57674,110.48816,-35.897,5.848152
-7.34897,111.24082,95,5.859198
-7.68104,113.13763,-11.917,5.861357
-7.75864,113.38344,6,5.866593
-7.84204,114.36379,968,5.887479
-6.8347,108.55198,256,5.888706
-7.66286,110.3613,344,5.915595
-6.4248,112.09911,-52.616,5.923275
-6.79252,107.84324,851,5.92641
-7.34172,113.94969,-59.343,5.928435
-7.21339,111.99393,25,5.9332
-6.64502,110.46681,-26.836,5.946024
-6.89481,114.51743,-63.913,5.947466
-6.81858,108.1253,149,5.949043
-7.85297,114.36036,934,5.999883
-7.28647,113.68223,-19.81,6.008674
-6.16088,111.03322,-56.051,6.018894
-7.25182,109.85123,1317,6.03205
-6.7282,110.14585,-37.702,6.045539
-6.56866,112.9078,-55.197,6.047734
-6.74862,107.48269,852,6.068674
-7.45834,111.77537,461,6.078279
-6.83664,114.1073,-21.685,6.088595
-6.03136,105.23367,-344,6.123619
-6.68441,110.45449,-26.248,6.133916
-7.04925,108.42976,754,6.135066
-7.3261,109.82797,1176,6.16915
-6.87258,110.60089,4,6.189366
-7.10274,105.84588,-1795.79,6.206708
-6.83866,109.27061,-10.172,6.211663
-7.66625,111.56755,107,6.223831
-6.73106,110.15482,-39.299,6.28867
-6.95122,114.07154,8,6.295768
-7.56115,114.30942,-96.146,6.296865
-6.65623,108.90079,-5.183,6.297395
-6.63878,109.04959,-25.194,6.321249
-6.851,108.25577,237,6.321612
-6.90267,108.82265,7,6.324843
-7.27577,114.39854,-79.431,6.328442
-6.94567,113.50258,135,6.334605
-7.19857,108.89988,259,6.365365
-7.18246,108.84958,362,6.373552
-7.28553,114.39552,-80.342,6.382237
-6.6193,108.03782,69,6.402791
-7.43674,112.36714,25,6.416013
-7.38907,114.07707,-70.458,6.429697
-7.63339,113.85847,-52.059,6.441657
-6.68963,109.45934,-33.804,6.446656
-7.36441,111.52101,136,6.473155
-7.06993,113.4638,104,6.508032
-7.01546,109.49999,30,6.532848
-7.0934,108.56965,362,6.533331
-7.15564,107.7275,1403,6.59972
-6.27286,108.72261,-30.695,6.616796
-6.5789,112.90464,-53.043,6.622237
-6.64623,107.88979,148,6.625791
-6.62559,107.60099,327,6.626552
-7.03901,113.47343,293,6.663321
-6.95904,109.37508,62,6.701171
-7.13864,110.73922,64,6.712088
-6.88618,114.66226,-75.906,6.724727
-6.52825,110.50336,-37.798,6.736964
-6.34273,111.41387,-45.8,6.75095
-6.76118,113.56008,-42.542,6.765638
-8.69091,113.66891,-819.686,6.775586
-6.52735,112.92065,-58.427,6.815887
-6.76799,111.13829,12,6.828089
-6.83435,109.4141,-3.615,6.833714
-6.81881,112.97256,-30.516,6.836684
-7.63249,111.43696,117,6.841462
-6.61834,111.32784,-8.908,6.843191
-6.36054,108.99447,-36.59,6.846703
-7.75214,113.36285,-3.465,6.858852
-7.20108,113.42284,19,6.894822
-6.91083,110.10048,4,6.897574
-6.68513,109.74504,-38.542,6.904008
-8.70964,112.23772,-884.821,6.950153
-6.99669,108.26374,579,6.950677
-7.37094,110.23954,522,6.9567
-7.22644,106.09757,-2266.645,6.961259
-7.25376,110.13475,671,6.96237
-6.40014,112.53279,-61.257,6.982047
-7.45676,111.20709,174,6.984799
-7.15918,114.71978,-43.134,7.032412
-6.5575,113.05397,-51.817,7.046924
-6.8291,110.4637,-13.925,7.075254
-6.44062,108.67656,-10.948,7.077541
-6.69502,107.87427,292,7.086356
-7.45689,110.21254,357,7.126469
-7.07046,110.05055,526,7.139124
-6.85802,112.96036,-18.095,7.139904
-7.60148,113.72595,-57.454,7.145863
-6.69425,110.45139,-26.203,7.179744
-6.38142,111.72623,-39.984,7.18397
-7.22414,112.84611,-6,7.184525
-6.84408,112.10986,-8.4,7.228232
-6.4329,112.23823,-55.603,7.230027
-8.16985,114.26105,580,7.23405
-6.81676,110.27155,-20.045,7.248623
-7.24484,111.76544,64,7.258984
-7.52968,113.89095,-88.886,7.259154
-7.06067,105.42428,-109.5,7.266516
-6.63649,107.8929,106,7.270303
-6.73714,109.72872,-12.708,7.289954
-7.21105,113.41972,14,7.2905
-7.16982,114.71647,-45.825,7.299422
-6.93057,110.09432,7,7.305132
-6.59302,107.75762,175,7.305291
-7.12908,110.59953,49,7.359382
-7.13489,105.69103,-1478.258,7.378398
-7.12284,112.44873,5,7.422216
-7.64237,113.8557,-49.776,7.439761
-6.61365,110.90348,1168,7.44179
-7.38065,109.243,176,7.442185
-7.45098,110.64129,289,7.487966
-7.75539,113.37314,2,7.497211
-7.73085,111.1211,885,7.5089
-6.94899,109.09389,18,7.514585
-6.72087,107.39566,450,7.56151
-7.21298,112.99197,-2.107,7.63145
-6.73512,108.87579,-3.993,7.636195
-7.21568,110.28826,859,7.647976
-6.86122,109.68932,4,7.659467
-7.25712,108.41816,220,7.689643
-6.91876,105.32339,-20.799,7.70066
-6.73,108.15372,31,7.703968
-7.13651,105.54469,-733.907,7.705738
-6.80234,107.84013,926,7.707839
-6.61351,113.46388,-57.848,7.713079
-7.84098,111.79712,2019,7.75103
-6.75171,107.49231,906,7.774147
-6.68408,107.58245,724,7.784319
-6.60323,107.75439,149,7.803556
-6.49829,111.081,-2.554,7.805482
-6.83203,110.47289,-12.903,7.807727
-7.76063,113.39136,5,7.813498
-6.58911,112.90149,-43.767,7.814846
-7.31643,112.2464,72,7.819191
-6.99552,108.937,17,7.821774
-6.83826,108.11901,214,7.82274
-7.6868,113.98394,17,7.83863
-6.74668,108.28875,61,7.853802
-7.26779,108.41478,189,7.858799
-7.48298,108.92675,75,7.878745
-6.3508,111.12712,-24.181,7.886901
-7.60757,112.7262,40,7.897518
-7.21775,113.56108,-2.318,7.902121
-6.86782,108.10956,233,7.903347
-7.39525,111.08432,81,7.904146
-6.7339,107.86188,479,7.926669
-7.31974,113.95657,-51.485,7.938337
-7.15862,112.72385,22,7.940286
-7.64624,113.99664,7,7.955336
-6.67462,109.74833,-41.806,7.960957
-7.27003,111.84418,78,7.974728
-6.19723,111.31679,-47.913,8.022644
-7.28298,110.26711,697,8.039198
-7.04583,109.4905,61,8.052655
-6.96482,109.51584,16,8.094117
-7.02017,110.34944,201,8.10743
-6.77912,109.71562,-5.268,8.107445
-6.76194,109.43673,-18.774,8.137834
-7.81782,113.37344,38,8.1465
-7.18823,110.58099,123,8.149975
-6.73243,110.15631,-39.299,8.181517
-6.82401,109.41733,-7.219,8.188925
-7.61534,110.73149,122,8.19458
-6.9207,110.09741,6,8.198366
-6.96931,109.37186,73,8.202456
-7.67783,113.1275,-11.805,8.205511
-7.21679,111.42425,54,8.214623
-6.71825,109.30826,-38.756,8.216192
-7.23109,113.41346,0.808,8.225983
-7.57985,110.17392,276,8.239552
-7.35802,114.08677,-60.746,8.271916
-7.53227,109.90577,879,8.28839
-7.59524,114.01264,-31.211,8.314056
-7.61112,113.72292,-55.199,8.320957
-6.72823,109.30513,-38.204,8.326327
-6.5157,108.65286,-3.426,8.330579
-6.4822,110.37618,-48.279,8.359933
-8.43291,112.32473,-205.781,8.366024
-7.87611,113.35522,186,8.379403
-6.83356,112.11315,-9.65,8.390366
-6.52621,111.35663,-25.579,8.455474
-6.84486,111.96791,8,8.460868
-6.52204,107.77997,66,8.511256
-6.36818,105.20843,-274.246,8.517373
-7.62533,114.57414,-246.804,8.526328
-7.56937,110.46145,1354,8.54238
-7.77788,113.44455,19,8.543368
-7.35277,113.94628,-62.092,8.559602
-6.85163,109.69233,-0.095,8.574574
-7.24884,109.42689,563,8.587914
-7.20653,113.84934,-7.977,8.589908
-7.64257,111.43386,120,8.626317
-6.90123,108.67969,21,8.633997
-6.35768,105.21179,-214.71,8.63499
-6.28386,111.14807,-46.419,8.643414
-6.751,113.56325,-43.974,8.670759
-7.48194,110.63158,329,8.680995
-7.07575,108.51357,558,8.682605
-6.65996,114.73279,-75.953,8.705732
-7.23422,109.14679,1743,8.71876
-7.52445,113.75005,-75.834,8.74738
-7.54214,109.90267,709,8.763455
-6.85469,111.96485,4,8.763488
-7.57384,111.31243,290,8.766083
-7.76188,113.3937,4,8.790674
-7.12572,105.54811,-629.921,8.794614
-6.51849,110.50642,-36.716,8.804199
-7.29857,111.96726,58,8.821236
-6.89719,108.10019,237,8.826136
-7.46138,110.63805,335,8.826907
-7.11797,112.87926,85,8.868081
-7.68869,113.12822,-10.24,8.872265
-6.97031,108.18046,505,8.887736
-6.57772,107.91163,51,8.896511
-7.2748,110.69653,168,8.904922
-6.68021,108.01868,110,8.915526
-7.35395,109.96169,1086,8.92049
-7.09045,108.56027,502,8.923897
-7.22275,111.99102,30,8.930353
-7.8066,110.95539,167,8.932282
-7.1473,105.54126,-908.974,8.945768
-7.32435,109.97098,1723,8.99657
-7.69863,113.12511,-6.275,8.997547
-6.75711,111.1417,10,8.999784
-6.81371,109.42054,-7.926,9.002172
-7.41947,113.9254,-72.473,9.037534
-6.66466,107.73517,590,9.048673
-8.54531,112.28942,-494.775,9.105841
-6.46013,107.949,23,9.121186
-7.75399,113.24996,6,9.126599
-7.80337,111.8089,1995,9.13005
-7.15709,105.97428,-2260.226,9.135731
-6.00574,105.15299,-934.589,9.135921
-7.1049,114.45191,-97.577,9.144192
-6.88437,109.9663,-11.399,9.177569
-7.36771,112.15032,108,9.186524
-6.86147,108.25247,247,9.196887
-6.7003,111.58836,14,9.210425
-6.54733,107.62573,145,9.292669
-6.46992,107.94588,25,9.311029
-6.74756,109.72549,-7.676,9.312003
-7.46671,111.20397,221,9.352086
-6.76197,114.27269,-65.569,9.399158
-6.62362,113.4607,-56.802,9.400488
-7.47167,110.63482,363,9.403326
-7.28665,113.96694,-36.293,9.410028
-7.2018,108.90994,88,9.417045
-7.16129,111.50453,65,9.422496
-6.56146,109.64196,-46.028,9.425517
-7.27555,113.97039,-26.568,9.446332
-6.17136,105.27122,-189.005,9.447546
-7.07869,108.52293,562,9.449266
-6.71978,107.42496,588,9.449525
-8.03396,113.30574,208,9.457318
-7.95507,113.04483,1781,9.46859
-6.21465,111.20188,-53.748,9.476085
-7.7747,113.43445,13,9.480085
-6.60914,108.041,62,9.488793
-6.8545,112.1066,-5.783,9.513147
-6.84404,111.82558,56,9.516982
-7.10176,109.33042,199,9.517034
-6.80875,108.12844,79,9.529641
-7.05208,111.76047,45,9.53601
-7.62072,113.71994,-52.898,9.54551
-7.56268,114.59377,-163.686,9.571432
-6.58131,109.35105,-36.578,9.60317
-7.15367,107.43387,1658,9.6134
-7.55926,111.74376,129,9.629115
-6.79199,112.83825,-38.349,9.632482
-6.98994,111.63822,157,9.638742
-6.66411,109.75161,-43.682,9.658697
-6.97323,108.18962,516,9.688783
-7.15132,113.43837,25,9.691395
-7.40754,111.79134,241,9.712257
-7.15855,110.59028,127,9.729058
-6.93191,111.08696,331,9.749848
-6.85339,107.81191,1062,9.76279
-6.59928,112.89829,-41.404,9.775563
-6.85953,107.83118,936,9.776835
-6.50868,110.50948,-35.765,9.780802
-7.64498,112.00094,51,9.782168
-6.60336,113.46704,-57.635,9.786343
-7.22926,111.71675,55,9.786462
-8.15621,113.26734,28,9.788745
-6.8034,109.42374,-12.43,9.804976
-6.91695,114.65269,-69.789,9.809856
-6.65958,109.04303,-24.192,9.816735
-7.13746,112.87318,56,9.837137
-7.22106,113.41659,3.147,9.84011
-7.37876,114.0803,-66.266,9.844548
-6.82749,114.82319,-86.35,9.867167
-7.12011,110.03502,741,9.874634
-7.30878,113.96002,-48.683,9.899516
-7.07154,113.32107,51,9.929005
-7.31882,114.66996,-118.087,9.932399
-6.8347,109.55655,1,9.943256
-6.2985,105.81007,-16.737,9.969295
-6.75254,114.70392,-81.916,9.979806
-6.90938,109.6742,12,9.984577
-6.44162,105.18505,-382.576,10.020636
-6.53748,107.62883,104,10.035394
-6.81214,107.83701,999,10.051691
-6.84823,114.10371,-18.131,10.05501
-7.0542,111.47507,158,10.074813
-6.48915,110.51557,-34.134,10.089004
-7.03047,109.35273,112,10.100904
-6.78553,107.59866,1569,10.10618
-7.24336,112.84013,-2.761,10.115555
-6.66904,111.31201,-6.628,10.122608
-6.67545,107.8805,193,10.131836
-6.54823,113.62639,-57.014,10.152821
-7.12548,113.73257,-13.375,10.164882
-7.11491,114.44881,-108,10.169245
-7.46639,110.20957,338,10.18568
-7.58609,110.74069,123,10.213057
-6.49888,110.51252,-34.41,10.222919
-6.28096,108.727,-30.388,10.234688
-6.64642,108.90388,-6.407,10.244062
-6.58283,107.76083,113,10.258592
-7.30811,111.96425,62,10.26071
-6.93978,109.23899,25,10.266812
-6.07923,105.15078,-866.525,10.270096
-6.73042,107.42156,621,10.278175
-6.91303,114.79654,-97.776,10.285476
-6.88081,107.89825,753,10.303123
-6.74502,108.87263,-3.221,10.305939
-6.72012,108.15691,32,10.30915
-6.44245,109.11141,-36.606,10.314023
-7.91245,113.91335,308,10.332998
-7.78105,113.45464,26,10.351092
-6.60776,109.4849,-41.489,10.355376
-7.08273,111.46614,103,10.36009
-6.66609,109.89279,-31.528,10.362323
-7.97824,114.46373,-75.962,10.40432
-6.57662,113.04803,-51.002,10.412123
-7.15805,105.53784,-1026.942,10.422658
-6.69264,110.16875,-45.59,10.425868
-6.6486,109.47214,-35.383,10.438333
-7.67755,110.57023,236,10.439752
-6.99711,110.49811,17,10.443748
-7.23447,113.12753,2.64,10.472941
-7.6046,114.58065,-231.079,10.478023
-7.00659,111.48994,116,10.482531
-7.49481,110.20065,348,10.50019
-6.55718,107.62261,159,10.513081
-6.76317,107.85258,607,10.53153
-6.34359,111.60706,-40.058,10.53772
-7.26448,113.97384,-16.994,10.540205
-7.47593,110.20661,335,10.545932
-6.66293,113.02115,-51.709,10.555797
-7.09491,114.45505,-93.81,10.568606
-7.0728,108.50419,441,10.580281
-6.82843,108.12215,101,10.592094
-6.50166,109.37595,-41.507,10.592389
-7.57108,114.30635,-96.759,10.596227
-7.21572,106.10098,-2258.15,10.598242
-7.24317,110.13806,676,10.606051
-7.20727,109.72279,1846,10.61184
-7.62524,110.72838,120,10.617874
-6.73621,108.29207,52,10.627937
-6.50939,109.45941,-39.667,10.637934
-6.72394,107.40531,518,10.661945
-7.65267,111.43066,127,10.673909
-6.54796,113.05694,-51.853,10.677125
-6.75805,109.72221,-5.408,10.679572
-7.08092,114.17325,-34.581,10.68562
-6.98675,110.50134,13,10.699646
-6.47972,107.94277,28,10.725903
-7.29775,113.96347,-45.37,10.727878
-6.77628,107.56962,1637,10.74512
-6.96601,110.50781,9,10.754166
-7.01092,111.77333,35,10.772085
-6.79308,109.42697,-18.075,10.787697
-7.63031,113.71696,-49.355,10.795004
-7.52265,111.32847,141,10.819838
-6.6533,113.02413,-52.879,10.8269
-6.70352,107.5763,1012,10.87404
-6.56794,107.91476,57,10.882464
-6.78244,107.58898,1556,10.90074
-6.7286,111.57928,22,10.915152
-6.58617,112.61643,-50.797,10.923882
-6.77885,111.13489,12,10.925757
-6.9764,110.50457,11,10.934508
-6.97613,108.1988,524,10.938743
-7.83645,114.22332,216,10.942392
-7.09375,109.90074,756,10.948332
-6.77269,114.69766,-82.952,10.98537
-7.46348,109.92736,810,10.998985
-7.31759,111.96126,61,11.005295
-6.11003,105.29078,-123.124,11.010571
-6.71061,108.44592,26,11.028005
-6.57388,109.92163,-44.086,11.029168
-6.95648,110.86599,142,11.03572
-6.45031,107.95214,21,11.045787
-6.90695,108.09707,239,11.068368
-7.16877,105.53444,-1185.255,11.078007
-6.22668,111.23955,-52.196,11.112016
-6.71017,108.16011,32,11.113251
-6.76859,109.7189,-4.474,11.120813
-6.46295,109.10499,-33.757,11.147946
-7.0833,111.75071,107,11.181916
-7.98473,113.32118,652,11.202842
-6.78147,107.5516,1594,11.23902
-6.62369,107.74797,167,11.2614
-7.36488,112.65938,10,11.284351
-7.17907,110.01657,1125,11.28847
-7.0923,111.46315,103,11.297277
-7.39842,114.50249,-99.164,11.312607
-6.90884,110.24274,1,11.321938
-7.3684,114.08353,-63.368,11.328027
-7.06981,108.49478,488,11.336382
-6.6657,107.88362,165,11.341759
-6.85337,113.53133,-15.423,11.363757
-7.27645,107.97857,1471,11.37052
-6.63011,109.33579,-40.61,11.373444
-6.27409,111.15111,-46.769,11.387621
-7.59769,112.72928,18,11.387934
-6.63392,107.74476,310,11.413836
-7.47945,112.19541,35,11.426084
-6.70407,109.59739,-29.084,11.43717
-7.37527,112.65616,10,11.437732
-7.16244,114.1478,-36.991,11.438714
-6.87762,108.10643,220,11.44549
-6.78491,114.83656,-81.175,11.448462
-7.086,114.02952,44,11.463572
-8.68879,112.24431,-851.609,11.498011
-7.60553,110.73457,120,11.506163
-7.21453,112.84911,-5,11.528574
-7.06247,111.75722,55,11.553591
-6.50873,109.23137,-42.305,11.569919
-7.22616,111.70712,47,11.599784
-6.95936,110.87512,212,11.623921
-7.63995,113.71395,-48.087,11.643426
-6.84375,110.50975,-3.587,11.67041
-6.77236,109.43346,-17.308,11.676181
-6.55701,111.347,-18.1,11.677996
-6.88742,108.1033,240,11.688661
-6.70023,108.16329,33,11.692506
-6.63375,110.75452,160,11.770862
-6.87779,107.88871,725,11.778635
-7.7427,112.25389,137,11.786337
-6.61586,107.60407,298,11.827621
-6.84464,109.55343,4,11.830058
-6.77461,108.86324,-0.6,11.834641
-6.48953,107.93964,29,11.837044
-6.69296,111.02008,70,11.841269
-6.64066,108.18232,42,11.84472
-7.10971,112.31116,7,11.8545
-6.58651,110.48512,-35.053,11.875862
-6.72574,108.29539,49,11.8815
-6.47937,110.51865,-31.918,11.895869
-7.94508,113.04793,1698,11.92776
-7.00755,110.49483,19,11.930348
-8.11115,114.42207,-5.887,11.948506
-6.82101,107.53909,1091,11.96401
-7.11495,105.55154,-473.248,11.98433
-6.75479,107.50194,946,11.98564
-6.52763,107.63195,97,12.010727
-7.10192,111.46012,114,12.022598
-7.02837,107.76806,670,12.031895
-6.68038,108.16964,40,12.036068
-7.39865,110.08935,2160,12.03826
-6.32074,109.00705,-55.351,12.043664
-7.16308,112.43613,18,12.04908
-7.63608,113.99985,-1.383,12.077424
-6.63077,108.18548,46,12.107918
-6.60463,109.91198,-40.156,12.134034
-7.02032,109.35591,103,12.138569
-7.99175,114.12515,1587,12.14267
-7.29798,109.26894,699,12.154043
-7.46947,110.49284,1161,12.1682
-6.55814,107.91789,49,12.181792
-6.92264,113.36754,120,12.184089
-6.78274,109.4302,-17.832,12.199141
-6.60287,110.33843,-23.583,12.210805
-6.75491,108.8695,-1.893,12.2134
-7.98855,114.11498,1489,12.22072
-7.51958,110.47709,1412,12.23671
-6.5108,110.9356,183,12.259148
-6.51776,107.63505,113,12.267773
-7.30774,111.96229,59,12.299675
-7.03824,107.76493,671,12.307913
-6.86258,107.8408,886,12.317545
-7.1521,107.87055,1360,12.32261
-7.23261,110.14137,681,12.350532
-7.8312,114.36717,787,12.356689
-6.65363,109.75487,-45.464,12.368171
-6.61345,107.75117,132,12.387704
-7.01849,107.7712,668,12.39859
-7.59582,110.73763,121,12.404148
-6.65057,108.17914,43,12.40618
-6.69037,108.01549,132,12.42919
-7.83067,109.38263,-44.246,12.433354
-6.64429,108.61218,-8.121,12.435066
-7.2046,111.63972,59,12.439344
-6.69381,107.57938,832,12.441057
-6.55362,109.5979,-37.926,12.449601
-6.69028,108.16647,32,12.45238
-7.50419,110.19768,337,12.455266
-7.02218,109.21319,112,12.462828
-6.78271,107.84635,686,12.473416
-6.69402,109.60053,-29.032,12.477432
-7.66274,111.42749,134,12.484349
-6.82447,113.39811,-31.271,12.494909
-7.65746,110.57653,278,12.496116
-6.63374,113.45754,-54.139,12.517146
-7.09125,114.17004,-33.663,12.527742
-6.77293,107.84946,586,12.551467
-7.289,111.97026,57,12.566322
-7.18827,109.87114,1957,12.57425
-7.83097,112.22621,284,12.599921
-6.61291,110.33529,-22.828,12.609013
-7.59698,113.86995,-69.069,12.610435
-7.75248,112.25084,147,12.610946
-6.83661,111.25962,50,12.632416
-6.74632,111.14509,9,12.635057
-7.72789,113.97111,22,12.637798
-7.64962,113.71092,-46.686,12.64283
-7.93507,113.05105,1596,12.65493
-7.2321,111.9881,30,12.659373
-8.10323,114.28198,1060,12.68192
-6.59897,108.0442,59,12.685042
-7.48539,110.2036,335,12.730785
-7.77151,113.42432,7,12.764997
-7.04835,108.92027,38,12.77974
-7.27569,113.6856,-12.565,12.784396
-7.60552,114.0094,-15.363,12.7925
-6.01147,105.17101,-865.352,12.794845
-6.54834,107.921,53,12.817458
-7.83146,111.80008,1874,12.82135
-6.70034,108.44916,21,12.836793
-6.98512,114.06102,21,12.838315
-6.27769,111.00836,-43.919,12.863971
-6.62086,108.18865,47,12.869445
-6.71526,108.29871,43,12.876215
-7.31457,109.97404,1986,12.87893
-7.69709,113.98074,16,12.894353
-7.39308,112.23,62,12.916482
-7.03536,109.63463,116,12.918579
-6.57146,109.65375,-49.088,12.928846
-7.12491,114.44569,-112.739,12.946368
-6.82193,107.83389,908,12.952205
-6.14207,105.58251,-59.414,12.966323
-6.34114,105.79659,-20.637,12.977144
-6.44047,107.95526,21,13.015308
-7.78423,113.46471,36,13.040062
-7.14718,112.87016,16,13.042115
-6.88383,107.90778,682,13.045343
-7.01805,110.49153,21,13.05458
-6.64456,110.89382,1165,13.05905
-7.54083,113.88745,-89.171,13.065666
-7.92589,111.18477,972,13.075747
-6.53588,109.54244,-40.724,13.0865
-6.72088,108.44268,32,13.090812
-6.64583,111.03484,79,13.093634
-6.32319,111.54294,-42.081,13.096725
-6.81463,113.40119,-31.116,13.100539
-6.96739,108.17129,504,13.106848
-6.68524,107.87737,259,13.11383
-7.34735,109.82131,983,13.125164
-6.87864,109.25809,7,13.131911
-6.97522,108.0752,572,13.1435
-7.10434,109.89743,836,13.164282
-6.49932,107.9365,30,13.174612
-6.70911,107.42836,600,13.178572
-7.04809,107.76179,676,13.187148
-6.76475,108.86636,-1.268,13.201633
-7.01067,111.63175,158,13.215464
-6.7673,109.86118,-20.298,13.234147
-6.87384,109.96961,-15.436,13.239421
-7.38981,109.52441,172,13.239511
-6.8343,113.39504,-28.957,13.261144
-6.7572,109.86434,-19.388,13.289632
-6.93663,109.94995,41,13.294428
-7.02194,113.05164,89,13.308565
-7.64941,110.31862,315,13.365154
-7.00862,107.77434,667,13.37455
-7.47181,111.06039,140,13.377495
-7.73295,112.25694,128,13.37858
-6.41422,111.3916,-42.87,13.411326
-6.82419,108.5553,187,13.429287
-7.65872,113.13761,-12.522,13.449
-6.16644,105.56215,-75.263,13.465694
-6.83175,107.83075,922,13.481082
-6.72164,114.14313,-74.135,13.488309
-7.05218,114.75318,-36,13.49779
-6.59605,112.61334,-51.407,13.507165
-7.63102,113.85926,-52.587,13.50932
-6.5127,110.36664,-40.916,13.517023
-7.20499,106.10437,-2248.63,13.519296
-6.48868,113.64493,-63.577,13.525975
-7.08038,110.04743,558,13.534132
-6.67327,110.31646,-30.092,13.544671
-6.35289,111.4107,-46.482,13.5592
-6.92081,111.09042,221,13.573471
-6.95749,109.94339,289,13.583803
-7.20245,112.99527,8,13.601942
-7.14848,114.72312,-28.308,13.606008
-7.07524,110.19068,90,13.608154
-7.07286,111.75397,78,13.617226
-7.74595,111.54256,150,13.623911
-6.64367,113.02713,-53.691,13.628981
-6.94966,107.79311,702,13.628996
-6.53851,107.92411,47,13.636704
-6.89275,108.2426,468,13.642668
-7.73981,114.53837,-340.086,13.648359
-7.16393,107.43066,1777,13.65753
-7.32965,112.03103,80,13.66237
-7.67041,111.7089,365,13.66237
-6.79558,114.83317,-79.999,13.672081
-7.85554,113.21813,60,13.675436
-6.67048,108.1728,35,13.692506
-7.20153,111.63008,53,13.705695
-7.07056,114.17649,-32.141,13.709966
-7.22645,111.42126,60,13.710066
-7.1219,110.31766,436,13.77828
-6.51696,112.92388,-58.79,13.778422
-7.0849,114.45815,-92.994,13.844168
-6.40278,105.342,-112.02,13.845265
-6.91243,108.81955,9,13.856511
-7.41875,110.08305,1647,13.86301
-7.36387,113.94279,-66.524,13.87759
-7.22633,111.42122,60,13.889019
-6.90824,109.10664,8,13.889704
-7.2518,107.69679,2100,13.92915
-6.66052,108.17597,30,13.943313
-7.09215,105.84923,-1736.261,13.950072
-7.48968,110.4865,1369,13.96169
-6.86161,110.54043,1,13.977136
-6.77421,114.83998,-83.174,14.002185
-6.50055,110.93881,134,14.00862
-8.09271,114.14295,1890,14.02944
-7.11253,110.32062,388,14.055346
-7.2755,113.11469,-23.137,14.103308
-6.96447,108.16207,553,14.149817
-6.10046,108.17985,-30.979,14.153612
-7.85619,113.7887,390,14.159356
-7.67284,111.42432,140,14.165195
-7.35427,111.52419,136,14.175338
-6.42445,111.38841,-41.528,14.185205
-7.09434,111.60556,54,14.194023
-7.53757,111.03976,300,14.201753
-6.83495,110.48204,-11.2,14.217821
-7.11842,108.75411,771,14.230869
-7.2231,111.6975,48,14.254896
-6.35911,107.68521,11,14.258045
-7.24648,108.42156,228,14.287855
-6.91669,108.09395,241,14.291293
-6.94365,112.50478,72,14.292344
-6.60946,112.89512,-35.936,14.300995
-6.79248,107.98349,603,14.314296
-7.11672,107.7399,1007,14.35315
-6.65595,107.88671,132,14.365704
-6.20498,107.87935,-7.007,14.376169
-6.58872,108.04742,56,14.378647
-6.99876,107.77748,666,14.393534
-6.09952,105.1444,-856.571,14.419147
-6.97052,109.22937,49,14.431229
-6.4103,112.52965,-63.766,14.459588
-6.52869,107.9272,43,14.477045
-6.67256,113.01816,-51.172,14.483935
-6.91404,108.00291,1056,14.489993
-6.7471,109.86751,-17.643,14.49603
-6.88539,111.24437,167,14.504675
-7.63572,114.5709,-263.521,14.505247
-6.82571,109.1324,-5.49,14.508244
-7.25349,113.97726,-24.99,14.50993
-6.87192,108.24918,284,14.514826
-6.23774,111.02084,-48.852,14.550472
-6.50912,107.93338,30,14.578769
-6.51891,107.93027,36,14.597712
-6.67441,112.02118,-28.326,14.597757
-7.52628,111.18526,571,14.601823
-6.02519,105.4591,-2.918,14.613014
-7.0637,111.4721,149,14.636105
-7.82736,113.37045,45,14.638362
-6.71782,107.38604,391,14.654633
-6.41448,113.09835,-58.255,14.657262
-7.63999,114.28477,-85.901,14.664799
-7.55206,109.89956,694,14.674567
-7.05793,107.75864,678,14.682093
-7.58124,112.02091,45,14.689898
-6.88233,108.24589,433,14.694427
-7.39098,109.23975,144,14.694623
-6.5159,111.35985,-30.057,14.719751
-7.12516,105.69411,-1428.475,14.722926
-6.81691,114.82648,-85.282,14.734604
-7.64984,114.28169,-80.282,14.734813
-6.5079,107.63819,103,14.748168
-6.81807,112.68788,-34.482,14.76039
-6.49154,107.78956,42,14.765466
-6.76839,111.28095,46,14.798218
-7.24422,109.14365,1716,14.81321
-7.07355,114.74647,-14.763,14.818986
-6.70225,111.01716,64,14.829228
-7.84625,114.22026,258,14.845157
-7.43362,112.35733,26,14.85255
-6.92371,114.7932,-97.217,14.86393
-7.16436,111.51411,62,14.871185
-7.72878,114.25701,13,14.880933
-7.02858,110.48826,21,14.905248
-6.61091,108.19184,44,14.910943
-6.85259,109.97626,-20.994,14.913391
-7.85651,111.50777,120,14.915951
-7.26673,107.98171,1669,14.9194
-7.26248,109.84788,1239,14.91975
-6.1081,105.47523,0.923,14.920237
-6.80895,112.97566,-32.973,14.930859
-6.22634,108.5989,-36.912,14.936289
-6.51456,109.514,-42.862,14.948742
-7.31089,111.97216,62,14.951761
-8.08193,112.00624,104,14.957116
-7.28879,111.90295,54,14.957567
-6.03418,105.24256,-307.191,14.993146
-7.07758,107.75236,727,14.998136
-6.0086,105.16198,-916.705,15.010995
-7.01369,108.49533,515,15.015542
-7.2077,111.64934,52,15.015644
-6.70478,108.30202,39,15.021269
-7.6259,114.00304,-2.224,15.036657
-6.72533,110.13685,-34.524,15.038445
-6.80627,114.82981,-82.031,15.044301
-6.93681,113.07816,128,15.04558
-6.71159,109.02661,-17.415,15.057205
-7.25135,113.26497,-2.424,15.068679
-8.02966,114.44759,-38.583,15.089536
-6.78109,111.70352,28,15.092711
-6.63669,108.90698,-6.932,15.109697
-6.68428,112.0181,-28.975,15.118046
-7.6593,113.70791,-43.47,15.120795
-6.08939,105.14759,-856.638,15.133592
-6.85458,109.55033,5,15.134501
-6.40402,111.39479,-45.222,15.136562
-6.98892,107.78061,666,15.147793
-7.27848,108.4114,218,15.150335
-6.56238,114.33492,-77.307,15.151121
-6.60108,109.20258,-37.546,15.157126
-6.86329,112.81601,-18.407,15.160242
-7.76509,113.40392,5,15.163995
-6.43491,112.09594,-50.996,15.166334
-7.81265,111.80596,1818,15.16723
-6.67622,109.88962,-27.5,15.182059
-7.59419,114.58391,-213.132,15.199066
-6.66268,110.17814,-47.922,15.226944
-6.64391,113.4544,-52.085,15.243776
-7.27944,111.97324,53,15.24524
-6.93588,114.21852,-15.244,15.267989
-6.67936,109.46255,-35.031,15.293318
-7.01017,109.35909,99,15.303372
-7.07485,114.03297,14.916,15.309896
-7.1645,110.44582,447,15.313522
-6.8111,107.54223,1150,15.31907
-6.83508,111.97098,40,15.321826
-6.51672,112.63814,-53.719,15.327074
-6.97955,109.36865,63,15.328335
-7.3164,110.68349,148,15.329776
-6.53218,107.77677,73,15.335543
-6.27835,110.86548,-44.91,15.338123
-6.83483,107.75355,1610,15.35241
-6.03517,105.45599,-6.367,15.35329
-6.77207,114.26954,-67.341,15.358353
-7.13495,114.44254,-121.889,15.365789
-7.57321,114.59048,-173.423,15.37046
-7.14707,105.97747,-2230.71,15.37616
-7.49972,110.48334,1363,15.38026
-7.12834,108.75096,750,15.406109
-6.96154,108.1528,560,15.409735
-7.25423,109.14051,1810,15.41151
-6.83092,107.53597,1003,15.41872
-6.34918,107.68835,9,15.423913
-6.49858,113.64186,-62.625,15.432756
-7.24151,111.98514,32,15.438847
-7.19536,108.88985,470,15.454025
-7.68292,111.42116,138,15.455467
-6.85143,107.82449,978,15.46698
-7.2057,114.42046,-51.972,15.483862
-7.97457,114.18004,1083,15.51281
-6.86324,109.97293,-17.77,15.524635
-7.66618,110.37175,364,15.573878
-6.7774,109.85801,-21.485,15.576128
-6.54364,108.79116,-11.329,15.599737
-6.95947,107.78999,675,15.623079
-6.36906,107.68206,12,15.643841
-7.86626,113.35831,106,15.645449
-7.63016,114.28783,-89.6,15.659078
-6.48126,113.07772,-46.352,15.69124
-7.9424,113.9039,347,15.695982
-6.62844,109.05284,-24.985,15.709423
-6.67707,107.43847,537,15.710776
-7.63523,110.72525,117,15.712229
-6.9427,109.80599,80,15.741281
-7.154,110.44911,385,15.758693
-6.96928,107.78685,671,15.771516
-6.80479,113.40428,-32.115,15.778647
-6.69011,108.45239,16,15.797248
-7.57164,110.03509,484,15.830751
-6.52644,108.64945,-5.485,15.83136
-6.42997,108.67992,-15.558,15.879249
-6.97909,107.78373,668,15.896777
-7.14339,107.43699,1560,15.91655
-6.43064,107.95838,19,15.921996
-6.66006,112.87932,-39.725,15.948239
-6.73392,110.16382,-40.292,15.956596
-7.7683,113.41413,5,15.976135
-6.77208,107.98986,627,15.985051
-6.72198,109.02332,-14.973,16.034546
-7.70739,113.97754,19,16.058278
-7.128,110.74256,61,16.081513
-6.85979,114.10009,-15.344,16.105676
-6.01521,105.4622,-3.304,16.115467
-6.58537,108.77819,-11.787,16.116284
-7.10821,112.88229,77,16.121442
-7.06776,107.7555,697,16.155853
-6.70331,110.02294,-33.763,16.162698
-6.98893,109.93354,202,16.168054
-7.33428,109.39946,137,16.185668
-6.77936,107.57929,1510,16.19379
-6.75866,111.284,38,16.222708
-6.28262,111.29004,-46.083,16.227569
-6.81585,108.99373,1,16.227895
-7.58104,114.30323,-94.187,16.228236
-6.57686,107.61635,162,16.237459
-7.17503,110.44252,462,16.245871
-7.47959,110.48968,1259,16.24777
-7.35803,109.81796,901,16.247828
-6.42399,113.09548,-58.697,16.248947
-6.86977,110.592,3,16.26154
-7.49561,114.4721,-110.085,16.265077
-6.78228,107.98667,683,16.269234
-6.82477,109.55966,1.412,16.283748
-7.22002,111.68783,49,16.305285
-7.07319,111.46912,119,16.30973
-6.65,112.88248,-29.872,16.329617
-6.92899,108.05006,539,16.346986
-6.19172,105.84378,27,16.357263
-7.61572,114.00621,-5.225,16.367542
-7.26079,114.54547,-98.945,16.36879
-7.4287,110.07994,1436,16.38211
-6.72299,109.16448,-21.288,16.382915
-6.43466,111.38524,-39.656,16.389394
-7.13826,108.74783,767,16.391347
-7.82672,114.22632,184,16.393239
-7.10157,114.16681,-39.958,16.397996
-6.80266,107.98031,599,16.423547
-6.64229,108.32181,25,16.447859
-6.99377,108.25446,452,16.453585
-7.71891,114.26007,-2.379,16.453665
-6.4695,110.52175,-27.463,16.47098
-6.59284,110.34156,-24.199,16.480339
-6.65188,109.1867,-30.412,16.488811
-8.62949,112.40567,-834.565,16.490445
-8.04512,113.87171,432,16.496057
-5.96788,105.91448,-56.39,16.503013
-6.64318,109.75812,-46.236,16.505191
-8.44298,112.32159,-200.506,16.512133
-6.57844,108.05062,47,16.518088
-6.85308,112.81918,-26.248,16.532857
-7.25031,114.54873,-102.711,16.535321
-6.58618,113.04505,-46.934,16.53888
-6.69431,108.30533,33,16.560855
-6.89849,110.24599,-3.506,16.568904
-6.39381,111.39798,-46.806,16.575871
-6.92559,114.22172,-12.968,16.576281
-6.96922,111.64472,161,16.592468
-7.08737,107.74923,742,16.596887
-7.21385,111.66855,52,16.605119
-7.78149,114.52531,-353.502,16.611367
-6.65884,109.46893,-35.289,16.620665
-8.5351,112.2926,-487.931,16.63624
-7.29194,111.91283,50,16.640248
-6.86487,112.10336,-4.871,16.645139
-6.66998,109.03977,-23.163,16.651747
-6.96027,109.23258,46,16.683544
-6.36308,111.40753,-47.377,16.685406
-6.68776,107.43508,586,16.686165
-8.65733,112.25422,-761.217,16.713779
-7.38057,110.23649,482,16.725903
-7.45305,108.93617,94,16.736446
-7.32652,112.02125,84,16.73955
-6.74886,111.28706,23,16.73998
-6.28859,110.86228,-44.277,16.767529
-7.65971,114.27861,-73.488,16.769406
-7.19429,107.71518,1575,16.77473
-6.65264,108.31853,23,16.785282
-6.57267,107.76402,94,16.792249
-7.51362,110.19472,310,16.799783
-6.73555,111.14846,7,16.804962
-6.47174,113.08068,-45.786,16.814685
-6.66643,112.73514,-46.022,16.833816
-6.6771,112.73182,-39.592,16.834058
-6.62294,110.33219,-23.126,16.848517
-7.20503,108.92006,73,16.852052
-6.60108,108.19498,37,16.858943
-7.70247,111.12999,1151,16.8602
-6.98714,113.48964,106,16.904081
-7.14347,110.45239,342,16.909516
-6.27879,108.7413,-28.168,16.927299
-7.2852,110.69329,138,16.95209
-6.97439,108.65684,139,16.960735
-7.21078,111.65896,42,16.963642
-6.93375,112.50787,50,16.966576
-7.17831,110.58409,103,16.98265
-6.56703,107.61949,181,17.005463
-7.51484,113.75304,-74.917,17.018528
-8.64999,113.53962,-943.224,17.037041
-6.95883,111.64798,178,17.037781
-6.9586,108.14351,575,17.054605
-6.95473,109.519,16,17.065147
-7.19427,106.10776,-2250.461,17.090642
-6.63432,110.89703,1317,17.10142
-7.26993,111.97623,43,17.135715
-7.21693,111.67817,49,17.15214
-6.76827,110.27188,-27.539,17.158229
-6.75786,107.51157,962,17.1598
-6.84414,113.39196,-24.293,17.186529
-7.03912,110.48494,32,17.197602
-7.38847,110.09256,2264,17.23369
-6.57659,112.33524,-49.272,17.262243
-7.72318,112.26,128,17.268571
-7.09714,114.02604,63,17.310344
-6.70057,108.01229,153,17.315406
-7.25094,111.98219,36,17.322985
-6.59319,113.4702,-57.485,17.330867
-6.56908,109.78131,-43.764,17.331909
-7.1265,107.73681,1129,17.34731
-7.08751,108.55092,730,17.350252
-6.61128,109.19939,-36.37,17.367615
-7.70909,114.26313,-19.173,17.374338
-7.40842,113.92886,-71.749,17.389406
-6.65406,113.45124,-50.749,17.390006
-6.82704,110.26834,-21.541,17.403608
-6.23441,108.60146,-36.695,17.410049
-6.89027,107.66432,758,17.412524
-6.58682,112.33205,-48.843,17.414348
-6.9462,114.21531,-20.502,17.433587
-6.83788,110.49124,-9.159,17.437927
-6.56817,108.05381,47,17.461989
-6.48233,110.8018,77,17.464522
-6.37043,108.99135,-35.968,17.47778
-7.81716,110.95209,153,17.482403
-7.06342,109.20028,407,17.484574
-6.76186,107.99306,586,17.492891
-7.73815,111.82942,607,17.502919
-6.49802,107.6413,105,17.508849
-6.73697,109.87067,-18.467,17.526775
-6.90504,107.97449,1025,17.540291
-7.85609,114.21719,312,17.541654
-7.68336,111.13598,1193,17.5427
-7.24726,107.98797,1495,17.56056
-7.09717,107.74611,801,17.576292
-7.70596,112.69546,317,17.576737
-6.73119,108.43941,40,17.578346
-6.09742,108.17042,-30.151,17.594306
-7.11016,110.03811,649,17.607741
-7.19687,113.8524,-9.396,17.61332
-8.081,114.28893,1287,17.61565
-6.82635,108.99041,3,17.640236
-6.60818,111.33101,-10.465,17.650318
-7.66897,113.70489,-41.104,17.690776
-7.08141,109.05248,68,17.690945
-6.23435,105.83031,6,17.69549
-6.8137,108.55862,180,17.707994
-5.95715,105.91788,-54.469,17.722249
-6.57631,112.61952,-50.899,17.728195
-6.84193,109.97958,-22.718,17.733812
-8.02997,112.02257,112,17.74089
-7.14507,114.43943,-121.807,17.761094
-6.99463,108.06896,558,17.77933
-6.59754,109.4881,-42.686,17.781143
-7.30471,109.97714,2080,17.80574
-8.0921,114.28545,1145,17.80604
-6.41873,110.96432,5,17.814699
-7.06019,114.17973,-32.47,17.834887
-6.3733,111.40436,-47.547,17.83635
-7.26041,111.97923,38,17.85056
-6.74082,113.56642,-46.983,17.854203
-7.13295,110.45568,307,17.862499
-7.03973,108.77911,66,17.890546
-6.86562,107.85042,805,17.910302
-7.22264,110.71288,125,17.917637
-7.10695,107.74301,859,17.927615
-6.38356,111.40118,-47.551,17.977773
-7.00433,108.06585,587,17.980407
-6.9049,114.51434,-43.455,17.98271
-7.78743,113.47482,44,17.992888
-6.97958,111.64146,142,17.996124
-6.59116,109.34796,-38.661,18.02064
-8.29729,110.23259,-514.488,18.034232
-6.64782,108.75874,-1.927,18.052432
-6.94782,109.66211,11,18.055506
-6.7983,107.69322,1342,18.07108
-6.51249,109.9408,-43.868,18.090882
-6.59441,109.91521,-40.98,18.091845
-7.68755,110.56709,206,18.103469
-6.84158,107.82762,945,18.112617
-6.96547,108.07833,358,18.115258
-6.29357,111.14499,-44.639,18.117901
-6.48811,107.64443,87,18.127822
-6.72704,107.415,558,18.139953
-7.08457,108.54158,518,18.144536
-7.22006,109.86119,1634,18.15839
-7.62034,114.2909,-88.974,18.177019
-6.233,105.25156,-261.184,18.179975
-6.88443,114.23457,-42.516,18.201212
-6.53841,113.05991,-52.292,18.206679
-7.17805,109.44907,772,18.213866
-7.0749,114.4613,-84.265,18.221838
-7.50968,110.48021,1351,18.22192
-7.57009,113.87824,-85.979,18.234507
-7.62338,110.87069,102,18.253251
-6.13358,105.55555,-70.491,18.256322
-6.56636,112.33844,-50.985,18.257252
-6.63404,113.03014,-48.6,18.265812
-7.14817,108.74469,725,18.273518
-6.55789,108.05703,37,18.300652
-6.67016,112.87618,-41.314,18.301132
-6.93443,114.78987,-91.195,18.313861
-7.29049,112.39626,39,18.314656
-7.2447,113.12432,-2.822,18.318603
-6.61964,112.89197,-28.78,18.339229
-6.91763,108.38048,1732,18.35029
-6.7368,110.17289,-41.557,18.355311
-6.08257,105.39483,103,18.363616
-6.58266,110.91316,704,18.396203
-6.79482,107.62776,1412,18.42142
-6.96227,110.88429,214,18.430571
-6.34126,111.13009,-31.22,18.431958
-6.87406,114.23783,-56.107,18.441633
-7.76238,112.24776,159,18.443458
-6.00847,105.17308,-865.352,18.462961
-6.66303,108.31525,25,18.464839
-6.73123,112.85721,-43.856,18.466924
-7.15808,108.74155,799,18.499716
-7.71767,113.97431,14,18.502043
-8.10211,114.14,2163,18.50349
-6.2721,111.29335,-47.006,18.505026
-6.84102,107.77304,1380,18.51051
-7.02995,108.78223,91,18.524185
-7.73871,114.25391,25,18.537816
-6.77805,111.27793,41,18.538426
-6.01235,105.75587,-59.892,18.584539
-7.01089,112.91264,71,18.587563
-8.0194,114.45081,-3,18.589201
-7.67871,113.13134,-12.507,18.620837
-6.59284,110.19992,-43.146,18.62989
-6.68387,108.30863,30,18.637366
-6.91532,114.22493,-5.54,18.664626
-7.20613,110.29126,789,18.665721
-6.43354,113.09259,-56.64,18.666731
-6.84082,110.5005,-6,18.685613
-6.78748,109.85486,-21.471,18.707086
-7.6696,114.27555,-66.94,18.707609
-8.72002,112.23446,-903.607,18.72362
-6.55843,109.78462,-45.491,18.734577
-6.00222,105.75907,-65.022,18.750056
-6.91024,110.7198,7,18.75106
-6.36915,107.82785,13,18.761604
-6.95003,109.23579,37,18.776208
-6.47207,110.37934,-48.364,18.782482
-7.72144,111.12405,914,18.79708
-7.09032,110.04432,563,18.80672
-7.09936,112.3144,7,18.823213
-6.38136,107.97407,14,18.841861
-6.73903,111.29012,23,18.849178
-6.89064,108.683,16,18.849698
-6.94303,111.08348,318,18.855149
-6.43555,108.09537,11,18.856111
-6.23147,108.59215,-31.979,18.864856
-7.09159,109.04929,63,18.87779
-7.69303,111.41798,131,18.892556
-6.52107,110.9324,255,18.893324
-7.22486,107.84766,891,18.907655
-6.18355,105.70181,-42.827,18.912209
-7.13118,107.8771,1223,18.91824
-7.14764,109.45861,556,18.921144
-6.63523,110.46988,-27.93,18.921628
-7.37502,113.93931,-69.341,18.935803
-6.4205,112.52648,-68.13,18.938953
-6.54763,108.06026,33,18.958826
-6.78862,107.60836,1472,18.96472
-6.86868,107.86003,767,18.979509
-8.10098,114.42524,-9.342,18.992187
-6.26435,111.15415,-46.801,19.00767
-6.37148,107.97721,12,19.00898
-7.85644,113.36138,84,19.0126
-6.66449,112.02427,-28.472,19.028338
-6.46218,109.31173,-54.45,19.036991
-6.67988,108.45564,14,19.038587
-6.58,108.63253,-3.921,19.048292
-7.58372,114.58719,-194.262,19.058321
-6.10334,108.18931,-29.78,19.067255
-6.66416,113.44807,-51.378,19.068068
-7.21444,107.85092,897,19.08338
-7.09206,108.03772,1128,19.09104
-6.46221,113.08366,-47.458,19.109194
-7.24601,111.4152,91,19.129578
-6.62997,114.17163,-70.12,19.139868
-6.39308,111.76305,-40.164,19.173281
-7.06612,109.48415,101,19.185173
-6.49033,110.942,71,19.193742
-7.57529,110.60233,370,19.225527
-6.44581,108.09219,13,19.225828
-6.39751,107.52687,35,19.238293
-7.32341,112.01147,68,19.239396
-6.47819,107.64756,77,19.260941
-7.29559,110.69003,140,19.264488
-7,109.36228,96,19.268673
-6.49074,113.07476,-46.903,19.278729
-7.32643,112.24328,59,19.280623
-7.13127,110.31472,488,19.300665
-7.16841,110.58719,125,19.300924
-8.07212,112.58069,382,19.331325
-6.94515,114.78653,-87.804,19.336852
-7.00111,112.9157,51,19.340293
-8.03991,114.44438,-19.901,19.340544
-7.7961,110.95867,176,19.342589
-6.68635,109.88646,-24.607,19.35574
-6.42076,107.96153,17,19.357901
-6.98789,108.23589,372,19.361365
-6.70119,109.02989,-18.941,19.367162
-6.89478,114.23133,-30.248,19.373525
-7.1919,112.99856,11,19.380377
-6.72472,111.15184,6,19.386119
-6.58666,107.61326,145,19.38933
-6.38677,107.53026,33,19.397203
-6.98493,108.07208,478,19.419303
-6.95572,108.08146,296,19.432126
-7.85053,111.7941,1807,19.44353
-6.63992,112.88563,-24.732,19.45887
-8.46684,112.4568,-107.809,19.473247
-6.78969,111.1315,15,19.478689
-7.20348,107.56583,1455,19.48436
-6.86466,111.96174,7,19.502538
-6.10123,110.84631,-53.606,19.509551
-7.20397,107.71209,1720,19.53251
-6.379,107.6789,15,19.54394
-6.67344,108.31195,27,19.546997
-6.67499,107.73196,508,19.557409
-8.18089,114.25759,502,19.560022
-6.45205,105.18173,-359.867,19.562074
-6.48919,111.08384,-2.94,19.581225
-7.24689,111.41478,91,19.612753
-6.68268,110.17187,-47.15,19.621379
-7.03254,109.20995,139,19.634746
-6.3912,107.97096,13,19.63659
-7.10417,105.55495,-372.851,19.642006
-7.83698,113.36743,55,19.647453
-7.04789,112.33045,6,19.64988
-6.82615,110.45443,-15.436,19.655696
-6.53743,108.06345,32,19.660469
-6.97968,112.63744,-2.802,19.678671
-6.94597,108.08456,269,19.679869
-6.43067,112.52331,-72.515,19.696347
-6.96142,113.35539,145,19.726793
-7.24248,113.9807,-33.507,19.736091
-7.32375,109.40278,136,19.742729
-7.05811,112.32726,5,19.744813
-7.67859,113.70188,-42.228,19.761411
-7.6993,114.26621,-33.417,19.761782
-6.90507,114.22813,-13.939,19.791873
-6.86369,114.24104,-61.012,19.807759
-7.77689,113.10057,66,19.815086
-7.19842,111.6204,39,19.826722
-6.2699,108.71327,-33.176,19.838384
-6.40824,107.5235,37,19.850685
-6.91897,109.67117,13,19.858947
-6.59701,112.32886,-47.304,19.880914
-6.71413,109.59423,-27.658,19.886342
-6.66204,110.03582,-35.699,19.89753
-7.06834,112.32409,6,19.908961
-6.41649,111.83672,-40.684,19.933489
-5.95715,105.18915,-566.088,19.94595
-6.36162,107.98035,10,19.960302
-7.306,110.68674,148,20.012501
-7.08027,113.46058,112,20.024664
-7.28487,112.11382,63,20.034274
-6.5913,108.19809,31,20.043176
-7.29468,109.9803,2198,20.04915
-7.32029,112.00169,71,20.058443
-6.59048,110.05814,-38.105,20.094284
-7.40605,111.08094,86,20.096399
-6.4253,108.09857,11,20.114913
-8.67836,112.24757,-826.08,20.127188
-6.3793,107.82467,14,20.150453
-6.67913,111.30884,-6.574,20.153245
-6.84411,107.78279,1287,20.15404
-6.57974,109.77797,-41.899,20.162196
-7.22426,109.1499,1756,20.17584
-8.39009,110.20336,-865.534,20.182289
-7.04955,110.4817,34,20.19426
-6.55615,112.34163,-51.856,20.19787
-6.35899,107.83103,12,20.201109
-6.69844,107.43173,540,20.201813
-7.17416,107.42734,1900,20.21045
-7.98856,114.46049,-45.789,20.213636
-6.98979,109.36546,64,20.226169
-6.66638,107.44187,449,20.233716
-7.33703,110.10873,1132,20.23905
-7.59093,114.30011,-92.887,20.239141
-6.52724,108.06664,30,20.251859
-6.72684,109.87382,-16.468,20.261172
-6.0262,108.22355,-34.568,20.266528
-7.27128,114.5422,-96.938,20.267783
-6.45616,108.08897,14,20.271113
-7.11193,109.32723,218,20.272899
-7.12247,110.45897,278,20.280374
-7.1855,110.43925,466,20.294893
-7.61052,114.29397,-90.521,20.297738
-7.37822,110.09579,2347,20.3289
-7.8548,108.81015,-63.372,20.331902
-7.47575,113.76535,-62.486,20.335277
-6.44079,112.52014,-71.505,20.342149
-7.26501,113.68892,-2.876,20.352931
-6.96543,107.92923,1303,20.3591
-6.54231,107.77358,78,20.363752
-7.01851,108.2028,820,20.370834
-6.34065,111.59785,-40.279,20.376237
-6.6691,109.46573,-35.601,20.391933
-6.68778,112.7285,-36.835,20.393649
-6.62977,112.8888,-25.717,20.41784
-6.62697,108.91006,-7.096,20.437112
-7.26373,111.82454,78,20.4474
-7.83384,114.50894,-236.534,20.464244
-6.37603,107.53367,30,20.465336
-6.41087,107.96468,16,20.46636
-6.86452,109.5472,7,20.540648
-7.05426,110.76564,15,20.5519
-6.60593,112.61025,-51.335,20.5644
-6.9354,113.50578,106,20.570409
-7.67954,114.27245,-47.67,20.575343
-6.76342,114.84346,-83.529,20.592606
-7.21023,109.57961,1301,20.59854
-6.93197,108.05946,452,20.630202
-7.02014,108.78533,55,20.636747
-6.96899,112.64077,-0.876,20.638451
-6.59088,109.20575,-39.66,20.647064
-6.0365,108.22032,-34.325,20.654912
-7.13439,109.17803,811,20.656417
-7.18572,108.8597,440,20.672024
-7.05596,109.48733,99,20.675137
-7.96499,113.04169,1772,20.70022
-6.29886,110.85907,-43.437,20.700954
-6.40102,107.96783,14,20.705691
-6.72917,111.29319,21,20.722448
-7.11928,110.60259,38,20.727587
-6.46826,107.6507,69,20.738344
-6.75165,107.99625,510,20.757474
-7.18048,114.71314,-29.462,20.763483
-6.93794,108.07833,295,20.777711
-6.66964,108.45888,9,20.792206
-6.4437,112.23489,-54.979,20.808759
-6.56725,111.3438,-15.412,20.81073
-6.88822,110.2492,-7.122,20.823392
-7.68945,114.26932,-38.591,20.827844
-7.40873,110.08619,1819,20.83679
-7.34406,111.5274,113,20.845918
-6.58415,109.9184,-41.774,20.861187
-7.05215,108.43889,504,20.869021
-6.8899,107.92689,643,20.873404
-6.62143,109.19621,-33.777,20.873525
-7.52309,110.19176,307,20.87426
-6.44309,113.08964,-55.386,20.879946
-7.15235,114.15095,-36.707,20.881454
-6.23667,108.59563,-29.965,20.889275
-7.07864,112.32087,4,20.93253
-6.59641,107.61021,131,20.946969
-7.27706,109.55856,958,20.948836
-7.99448,113.3181,516,20.948998
-7.16744,111.52371,58,20.979785
-7.96105,112.75794,538,20.996996
-7.08898,112.31764,7,21.030124
-7.18356,106.11114,-2241.267,21.041037
-7.84666,113.36441,75,21.051635
-6.92806,108.37714,1740,21.05527
-6.85832,110.55573,3,21.069579
-7.18132,113.00186,37,21.085118
-7.25653,108.7102,659,21.088819
-6.86862,109.26124,-0.744,21.094495
-6.84868,109.26747,-9.261,21.098458
-6.29165,108.72364,-31.528,21.108357
-6.95585,114.78319,-87.88,21.162276
-6.78215,114.2664,-69.139,21.168486
-6.01592,108.22676,-35.528,21.170173
-6.41675,111.10657,-3.465,21.189963
-7.68817,113.69888,-48.981,21.194035
-7.55063,108.24033,393,21.205674
-6.45086,112.51699,-68.299,21.20683
-6.62043,109.33881,-44.688,21.216024
-6.87144,112.67125,-5.678,21.223815
-6.76186,107.55782,1493,21.23459
-6.59629,110.48206,-34.486,21.254778
-6.44182,105.32989,-107.896,21.256702
-7.04952,108.77601,69,21.260903
-6.41508,108.10178,8,21.272614
-7.08164,108.53227,475,21.284933
-6.92645,108.0908,251,21.305189
-7.98535,114.10478,1321,21.30634
-6.45835,107.65384,58,21.311807
-6.54776,109.78794,-46.188,21.312156
-6.78563,110.32655,-26.103,21.317457
-6.52166,113.49247,-60.891,21.317552
-6.92215,108.81646,13,21.327269
-7.20495,112.8521,-5.04,21.348761
-6.41897,107.52012,41,21.370688
-6.79495,113.40734,-34.937,21.385214
-6.83685,108.9871,3,21.392766
-6.7834,107.40482,516,21.404889
-6.99084,108.24518,380,21.419094
-6.6418,114.31017,-76.309,21.419236
-7.15526,114.43629,-74.082,21.423269
-6.23735,108.61078,-41.141,21.4372
-6.17414,108.33149,-24.37,21.453779
-7.08157,105.85259,-1611.407,21.45389
-6.98499,108.94033,15,21.457893
-6.24776,111.01772,-48.212,21.460721
-6.94838,111.65127,134,21.463362
-7.04506,109.63157,143,21.46677
-6.08822,105.41272,-13.865,21.468149
-6.71042,108.73923,-9.284,21.478101
-7.05509,112.61394,2,21.478656
-6.59297,110.90993,976,21.507162
-6.59015,111.05229,11,21.509058
-7.35486,112.10999,104,21.513468
-6.7397,110.18205,-41.619,21.513787
-7.27701,109.14545,1956,21.52912
-6.54587,109.50424,-33.427,21.53528
-6.22851,108.58285,-30.382,21.551328
-6.56254,107.7672,88,21.562628
-6.67045,105.11203,-210.191,21.563311
-7.87549,113.21188,87,21.569956
-7.54911,111.74697,128,21.572588
-7.51869,111.75648,142,21.583925
-7.29511,111.92272,46,21.612473
-7.11273,112.45187,5,21.62679
-6.83793,107.76329,1411,21.63228
-6.44842,111.93745,-43.919,21.645981
-6.67269,110.17502,-48.084,21.664971
-7.53284,111.32528,150,21.667922
-6.51708,108.0698,37,21.673038
-7.61328,110.022,233,21.704184
-7.8193,109.10533,-83.247,21.711375
-6.85328,112.53302,-5.647,21.715618
-7.01031,108.78846,66,21.716568
-6.78771,111.27491,48,21.723799
-7.40133,109.2365,114,21.767581
-6.46648,108.08571,15,21.786814
-6.95658,114.21206,-19.989,21.7883
-6.84085,107.53285,888,21.789192
-6.82301,112.11646,-10.633,21.791832
-7.17825,111.57907,30,21.80935
-6.64176,109.18985,-31.739,21.817097
-6.60614,107.60714,179,21.820769
-6.62185,114.31636,-76.68,21.839089
-6.09436,108.16098,-29.516,21.848092
-5.78452,105.97232,-58.968,21.848955
-6.0052,105.4653,-8.804,21.849544
-6.44798,111.94923,-43.428,21.850242
-7.16018,113.00846,61,21.854127
-6.11092,105.48412,-8.623,21.896915
-6.34882,107.83422,10,21.924152
-6.45266,113.08665,-51.359,21.926203
-7.23524,107.84442,892,21.94104
-7.03761,112.33367,5,21.950158
-7.10872,112.59719,2,21.965989
-7.86588,114.2141,361,21.975195
-6.47978,109.36689,-41.143,21.977473
-7.36869,109.81461,780,21.979623
-7.21478,108.9507,126,21.982646
-7.06637,111.89864,112,21.994426
-7.81706,114.22933,174,22.00619
-6.79909,112.97873,-35.254,22.009735
-6.35179,107.98349,10,22.012715
-7.01727,110.35025,203,22.027014
-6.16989,108.17859,-23.065,22.041072
-7.15252,109.5978,947,22.042962
-7.28033,109.15588,2021,22.04643
-6.94706,109.94668,131,22.053373
-7.21358,107.56265,1462,22.05801
-6.63273,109.76139,-47.434,22.106745
-6.89797,109.10984,9,22.135731
-6.753,112.56436,-37.207,22.147348
-6.73237,109.02003,-10.983,22.15853
-8.73898,113.65381,-1031.986,22.15921
-7.23619,111.41822,67,22.163965
-6.72246,110.1278,-32.777,22.172073
-6.71388,111.15523,5,22.180347
-6.44486,111.38206,-39.424,22.194615
-7.25496,113.1211,-9.887,22.212461
-7.13707,105.98065,-2169.213,22.235487
-6.36528,107.53708,28,22.247455
-7.71343,112.26304,123,22.263711
-7.70313,111.4148,132,22.267582
-6.53194,113.48927,-60.05,22.273563
-7.39956,111.36703,51,22.284849
-7.60073,114.29704,-91.359,22.297155
-7.10637,111.03228,36,22.305339
-6.50565,111.36304,-32.048,22.306684
-6.93622,108.08767,247,22.309791
-7.16548,114.4331,-93.804,22.352645
-6.85029,107.80223,1053,22.35949
-7.23665,111.418,67,22.362314
-8.02398,113.30885,266,22.369353
-6.02247,105.7527,-52.69,22.372901
-6.86121,110.56493,3,22.399287
-6.15971,108.18179,-25.756,22.400501
-6.44845,107.65698,51,22.403552
-6.87447,109.54408,7,22.410834
-6.68223,113.01513,-50.682,22.412408
-6.45842,111.94598,-43.919,22.429333
-7.21722,108.72271,524,22.47217
-8.16622,113.2642,32,22.492217
-6.96795,109.94011,230,22.493289
-8.40044,110.20009,-923.54,22.500369
-6.3785,111.71704,-40.241,22.525804
-7.71199,111.127,1010,22.54147
-6.3552,111.64365,-38.759,22.556731
-6.16419,108.33465,-27.958,22.580211
-6.26768,111.01149,-45.921,22.584865
-6.16389,111.04266,-55.782,22.587062
-6.6965,109.88329,-20.603,22.59239
-7.02903,108.19947,856,22.598656
-6.58285,110.34468,-23.064,22.614937
-6.49163,109.37907,-41.78,22.615835
-7.11545,105.69719,-1347.046,22.621857
-7.53893,111.75016,136,22.626317
-7.69776,113.69588,-56.839,22.629427
-6.93495,108.06888,338,22.633392
-8.00913,114.45402,-8.237,22.63908
-6.90707,111.80584,181,22.650061
-6.94462,109.52214,17,22.677625
-6.38895,107.67574,18,22.693527
-6.54592,112.34481,-52.051,22.707661
-6.50651,112.92715,-56.754,22.710894
-7.49877,109.06386,36,22.718352
-7.22371,107.55946,1473,22.72149
-6.90978,111.09388,191,22.724102
-7.45366,109.93045,754,22.736179
-6.91703,108.01238,765,22.742772
-6.66313,110.31962,-30.223,22.760285
-7.1934,107.569,1419,22.77482
-7.17075,113.00516,54,22.782957
-7.52878,111.75334,140,22.799053
-7.3645,112.14022,107,22.805211
-7.2006,109.58267,1282,22.81739
-7.33279,112.04085,79,22.818117
-5.79541,105.96889,-53.479,22.826805
-6.58819,113.61398,-48.714,22.82974
-7.26524,113.11788,-13.658,22.832715
-7.04985,114.18294,-26.677,22.838336
-8.23736,111.95737,207,22.846173
-7.02106,111.62851,98,22.846329
-6.18005,108.17542,-21.998,22.849868
-6.59575,113.04209,-40.789,22.864242
-6.88442,109.54097,9,22.888833
-6.81538,109.13563,-6.751,22.889298
-6.78804,107.69644,1296,22.89797
-7.26687,109.27871,1000,22.9017
-6.89438,109.53786,13,22.914294
-6.68396,109.60369,-28.327,22.918825
-7.18866,111.57593,30,22.924921
-6.71671,109.87698,-15.459,22.930513
-7.05016,108.19279,894,22.952394
-7.06447,109.62547,291,22.958779
-7.25698,107.98483,1400,22.96948
-7.39733,111.79454,199,22.974466
-6.0468,108.21711,-35.287,23.00824
-8.42294,112.32786,-228.06,23.010658
-6.68037,109.0365,-21.81,23.042727
-6.92601,108.04068,604,23.047283
-7.19623,109.72624,1885,23.05793
-6.41353,111.82746,-41.788,23.063228
-6.82675,111.26271,50,23.065043
-6.5873,109.49131,-42.07,23.087705
-6.63295,110.32907,-24.485,23.088471
-6.47664,108.0825,18,23.114691
-6.87476,107.87917,659,23.136952
-6.85865,109.26435,-4.796,23.144162
-6.67426,113.44494,-53.975,23.157475
-6.69078,109.03319,-20.387,23.177373
-7.0649,114.46441,-65.364,23.190011
-6.79753,109.85171,-22.189,23.19193
-7.09262,108.17934,795,23.200476
-6.44552,111.92831,-44.047,23.200778
-6.88686,107.91733,542,23.207166
-6.70662,109.88012,-17.679,23.219874
-6.21468,105.4003,-112.2,23.223789
-6.43858,107.6601,42,23.250064
-6.50698,108.07296,22,23.253731
-7.1887,110.01355,1116,23.2617
-8.38725,113.05136,-295.127,23.270617
-6.61818,113.74811,-52.177,23.296213
-6.33929,107.69149,8,23.298248
-7.10317,110.32354,338,23.339942
-7.21152,108.94051,88,23.356546
-8.09086,114.42841,-24.257,23.369171
-5.99598,108.09646,-36.388,23.370477
-7.15004,113.58223,-0.352,23.372457
-7.31549,109.8313,1203,23.38646
-7.12814,110.17414,304,23.39561
-7.53619,111.18214,653,23.398241
-6.18407,108.32831,-19.154,23.400497
-6.87346,112.81281,-14.467,23.403429
-6.53716,108.64607,-6.936,23.411334
-7.17564,114.42988,-124.199,23.430843
-7.50518,113.75608,-72.561,23.440629
-6.60833,113.75118,-52.078,23.445614
-6.39141,109.12747,-43.246,23.460796
-7.56359,111.31567,254,23.475551
-7.38617,113.93582,-70.426,23.479033
-6.98618,109.79231,202,23.49904
-6.62443,113.03315,-40.59,23.500066
-6.00552,108.09343,-36.275,23.515745
-6.69682,113.72363,-49.61,23.518332
-6.94094,108.08777,254,23.528445
-7.63434,112.00431,50,23.541759
-7.25515,114.68986,-96.508,23.553113
-6.74104,107.41819,602,23.558644
-6.85335,114.24423,-69.01,23.586705
-6.46887,111.94272,-43.345,23.599364
-6.97905,108.20802,482,23.600305
-7.62379,110.0187,316,23.608263
-5.97856,105.91108,-64.519,23.634592
-7.59151,109.74472,423,23.650777
-6.14947,108.18499,-29.433,23.656753
-6.82862,107.73409,1542,23.65746
-7.59912,110.15944,284,23.672885
-7.1953,111.61068,38,23.678647
-6.60331,110.9067,915,23.681339
-6.71079,108.00908,175,23.688586
-6.70665,113.72056,-48.749,23.700443
-7.02069,112.90958,66,23.705023
-6.60723,112.32567,-46.406,23.725929
-6.49376,105.16839,-246.886,23.728351
-6.25773,111.0146,-47.658,23.729148
-7.19891,109.86784,1861,23.73054
-6.22556,108.57355,-29.015,23.757677
-6.25509,108.66669,-31.453,23.763998
-6.83127,109.9829,-24.97,23.769599
-6.46084,112.51388,-65.881,23.774608
-6.80535,108.99704,1,23.78019
-6.11233,108.21755,-29.879,23.791784
-6.24032,108.62009,-41.346,23.814894
-6.42972,107.51674,51,23.819568
-6.44051,107.51333,65,23.820719
-6.98494,108.22661,390,23.825327
-6.49688,108.07614,20,23.828817
-6.19025,108.17223,-21.518,23.83642
-7.70739,113.69287,-69.155,23.885724
-6.24327,108.6294,-40.341,23.904478
-7.50865,111.75961,165,23.910095
-6.48446,114.07412,-78.872,23.914735
-6.48676,108.07933,19,23.916778
-7.14961,113.01175,59,23.926986
-7.24673,108.71332,553,23.9308
-7.05894,108.91693,58,23.930994
-5.96456,108.24281,-39.421,23.933581
-6.86408,110.57407,4,23.934015
-5.9651,105.47766,102,23.934473
-6.46292,108.23914,7,23.962025
-7.6474,110.57969,292,23.967246
-7.06377,114.03646,-4.044,23.99427
-6.445,112.0928,-50.299,23.997742
-6.58151,108.20122,29,24.025108
-7.95983,114.02331,790,24.035709
-6.55243,107.77038,84,24.039489
-7.10764,109.75411,1101,24.04901
-6.453,108.24231,6,24.049873
-7.99885,114.45726,-44.543,24.069633
-7.65014,110.29383,257,24.075084
-6.71647,113.7175,-48.768,24.077098
-7.39731,113.93234,-71.599,24.099242
-6.59043,109.77464,-43.275,24.102594
-6.79392,107.40151,475,24.115666
-6.65943,108.46211,8,24.121009
-7.68041,111.70577,430,24.126927
-6.24623,108.63872,-38.654,24.132966
-7.6929,111.133,1030,24.15451
-6.59846,113.75427,-52.104,24.200781
-6.40484,108.10499,6,24.219132
-6.01509,108.0904,-35.53,24.225809
-7.11189,114.1636,-44.76,24.234386
-6.62804,113.74505,-52.253,24.237035
-6.68697,113.72669,-49.456,24.241836
-6.63161,109.19304,-32.711,24.274285
-7.40149,109.53631,156,24.324726
-7.20949,109.8645,1805,24.3297
-7.03957,114.18616,-25.505,24.340456
-7.01878,114.19267,-26.984,24.340935
-6.19362,105.69862,-42.494,24.344776
-7.79062,113.48494,59,24.352033
-6.878,110.2524,-14.504,24.3548
-6.25213,108.65736,-36.509,24.357657
-6.86459,113.1007,-10.941,24.363772
-6.84284,112.82238,-31.39,24.36614
-6.44309,108.24548,5,24.408787
-6.5002,113.07179,-49.199,24.411366
-7.02734,112.3369,5,24.414705
-6.24917,108.64804,-38.527,24.414835
-6.53708,109.79129,-45.507,24.4214
-7.55202,113.88397,-88.048,24.42656
-7.1833,107.57218,1407,24.44762
-7.59173,112.01763,46,24.451456
-6.3989,107.67261,20,24.453766
-6.4188,107.66633,24,24.461044
-7.09645,110.18406,238,24.47337
-6.72102,108.00587,292,24.475695
-6.53292,114.34425,-77.902,24.47721
-6.46247,105.17839,-330.431,24.490065
-6.41523,109.26051,-32.378,24.504277
-7.1315,113.3024,40,24.540506
-7.112,110.46223,148,24.545142
-6.60097,109.34489,-44.19,24.555531
-6.5724,110.91636,621,24.612255
-6.13947,108.05093,-26.604,24.618805
-6.61072,109.34183,-46.295,24.637075
-7.28617,107.97545,1299,24.64279
-8.33174,112.35654,197,24.643471
-7.96303,114.0335,786,24.649698
-7.05989,110.47848,35,24.666749
-7.13901,113.01508,56,24.675023
-7.86513,112.6456,637,24.690073
-6.8636,113.52815,-15.557,24.702112
-6.95409,111.08001,328,24.707661
-6.65568,112.73849,-49.686,24.71248
-6.95916,109.0907,21,24.719238
-7.24453,114.69317,-86.978,24.728753
-6.12991,108.05396,-27.213,24.73325
-7.07423,109.62239,403,24.750532
-7.10025,110.0412,583,24.751923
-6.79132,107.54848,1334,24.75572
-7.19573,114.42357,-8.666,24.770943
-6.81482,109.56277,-3.971,24.780634
-8.56228,112.42677,-661.48,24.78958
-7.20826,108.93026,64,24.793689
-6.77284,107.40814,484,24.795488
-6.19395,108.32515,-15.28,24.803014
-6.80318,108.56195,122,24.811318
-6.85399,113.38888,-19.748,24.815553
-6.04513,105.4529,-9.451,24.822548
-6.9346,108.22935,526,24.836664
-6.03702,105.25145,-202.934,24.846076
-7.20405,107.85417,875,24.851419
-7.08585,110.18737,175,24.851606
-6.436,109.25407,-28.351,24.854136
-8.68195,113.52956,-1102,24.854981
-6.95567,108.13424,490,24.869661
-7.02919,114.18941,-24.66,24.87388
-5.8158,105.52387,-58.5,24.877413
-7.18089,110.72593,91,24.883847
-6.52881,113.0629,-51.896,24.897126
-6.3545,107.5405,26,24.928103
-6.92725,114.64946,-68.53,24.92976
-6.68031,112.87304,-43.1,24.931387
-7.02016,108.33785,579,24.945101
-6.85423,113.10395,-11.821,24.951792
-6.71927,111.29629,15,24.965173
-6.19684,108.03272,-15.876,24.980075
-6.81286,107.97712,490,24.981042
-6.90438,109.53475,13,24.983478
-7.8294,109.10216,-98.57,24.998667
-7.30458,111.9524,57,25.008049
-7.46918,112.19862,34,25.036552
-6.42871,107.66321,32,25.043751
-7.756,111.53942,147,25.047954
-6.8472,107.79253,1107,25.04851
-6.79172,107.61806,1389,25.04927
-5.99213,105.7623,-70.433,25.050492
-6.20046,108.16906,-20.449,25.084454
-6.24533,105.53712,-90.12,25.08545
-6.92303,108.03128,719,25.087935
-7.86964,111.78804,1705,25.12956
-6.20638,108.02969,-15.402,25.135203
-6.13448,108.34413,-34.63,25.156395
-8.18204,114.39986,-14.351,25.186865
-6.45958,110.52485,-25.379,25.197122
-6.38947,107.82149,15,25.197435
-6.72626,113.71446,-50.423,25.204405
-7.09379,111.7474,91,25.23503
-7.28762,109.27218,764,25.244778
-5.94639,105.92128,-57,25.246416
-6.47939,111.93944,-41.831,25.247075
-7.19656,108.87347,738,25.256291
-6.99988,110.64003,6,25.271431
-7.53257,110.18877,297,25.288061
-7.82046,114.37055,719,25.288525
-7.00838,114.1959,-29.286,25.292233
-6.71173,107.3669,348,25.302922
-5.77365,105.97576,-54.542,25.304691
-8.07141,112.00953,101,25.309862
-7.57041,110.17686,273,25.313366
-7.05649,111.90174,107,25.313419
-6.22261,108.56426,-30.979,25.318172
-7.74869,114.2508,35,25.329698
-7.43867,110.07681,1262,25.34206
-6.40886,107.66947,18,25.376029
-6.63792,113.74198,-52.211,25.379633
-6.49377,114.07136,-77.732,25.384914
-6.67715,113.72975,-49.399,25.397761
-7.18718,113.85543,-13.571,25.409304
-7.72951,114.5416,-345.907,25.411039
-6.79154,111.70024,42,25.430947
-6.13924,108.18819,-31.763,25.431152
-6.34198,107.98662,9,25.445771
-7.17314,107.57537,1415,25.44798
-7.80922,109.1085,-61.205,25.466471
-6.14593,110.98621,-53.618,25.477421
-6.79791,107.63742,1498,25.47777
-6.93082,110.80425,9,25.504772
-7.09546,111.03571,37,25.519471
-5.80579,105.52699,-58.02,25.536881
-6.58856,113.75737,-53.127,25.551147
-6.88001,108.6863,14,25.568016
-6.14902,108.0479,-24.718,25.608248
-7.05112,105.4273,-50.415,25.613734
-6.94001,114.07509,8,25.614464
-6.83349,111.82888,54,25.628688
-7.13866,110.17083,321,25.63638
-7.44304,109.79133,740,25.647341
-7.92514,113.05414,1521,25.67033
-6.53509,112.06464,-45.274,25.675188
-7.62461,111.29648,445,25.676621
-6.0854,105.40378,19.601,25.685112
-7.8756,114.21105,437,25.688706
-6.26694,108.70397,-33.722,25.703068
-6.83729,110.26515,-22.871,25.736051
-7.96622,114.0437,805,25.75902
-6.96655,114.77985,-88.011,25.775425
-6.47322,109.10174,-32.563,25.79751
-6.43315,108.24866,4,25.809744
-7.26577,114.68655,-101.616,25.812003
-6.09827,108.20101,-29.399,25.814364
-6.86695,110.58311,4,25.816312
-6.48335,105.17173,-265.516,25.837093
-7.97256,114.06397,950,25.839762
-7.06952,108.9136,122,25.848902
-6.21591,108.02668,-13.86,25.861974
-6.05708,108.2139,-37.862,25.872454
-6.20383,108.32198,-11.029,25.87278
-7.0593,108.77289,81,25.889313
-7.23142,113.98414,-32.867,25.895742
-6.44262,111.9192,-44.194,25.906518
-7.09847,112.88533,60,25.926746
-6.97844,109.93683,202,25.94615
-6.68247,106.5609,628,25.950998
-6.47284,108.23597,7,25.952726
-6.42318,108.25186,7,25.954943
-6.33863,107.83743,10,25.962297
-6.25807,108.67603,-30.155,25.976077
-8.05016,114.44119,1.933,25.978392
-6.78926,112.9818,-35.07,25.983941
-6.05767,107.63424,-24.996,25.998074
-8.39747,113.04815,-336.721,26.001581
-6.68428,112.58581,-47.668,26.007425
-6.11534,108.22698,-30.716,26.013617
-7.17288,106.11452,-2225.581,26.044082
-6.61726,108.91315,-7.554,26.047159
-6.52286,110.36345,-38.905,26.062931
-6.87133,114.0965,-13.048,26.063777
-7.19455,111.85858,24,26.071246
-6.39466,108.10817,5,26.075648
-7.71702,113.68985,-92.771,26.079778
-7.08202,108.18269,889,26.087412
-6.71478,107.37647,296,26.102528
-7.03958,108.19614,809,26.109678
-6.73604,113.71139,-49.42,26.109913
-7.2589,109.42373,332,26.112499
-6.20797,111.31343,-47.646,26.136929
-6.14295,110.97689,-53.409,26.151802
-6.45131,107.50991,74,26.161561
-7.62359,112.00766,50,26.169237
-6.6053,113.03912,-35.858,26.191319
-6.23345,108.31251,-4.309,26.19724
-6.71014,114.1467,-78.146,26.215137
-7.27726,109.27545,877,26.216268
-6.5357,112.34801,-53.294,26.258246
-6.09131,108.15152,-30.913,26.259397
-6.22357,108.31565,-6.075,26.278005
-8.47628,112.4538,-155.45,26.281361
-7.06168,113.32415,82,26.295549
-6.04715,107.63757,-25.487,26.298465
-6.47291,105.17506,-277.706,26.300385
-6.12199,110.91146,-54.736,26.310708
-7.26361,108.99549,130,26.315559
-7.97894,114.08429,1109,26.33654
-6.21965,108.55496,-31.974,26.351208
-6.54502,112.06156,-44.11,26.365203
-6.9319,108.81336,13,26.366128
-7.01407,108.06273,556,26.37186
-6.12033,108.05699,-29.464,26.377138
-7.0763,109.48098,148,26.388897
-6.4194,111.84594,-39.991,26.396915
-7.50914,109.06061,34,26.404749
-6.18728,108.03575,-19.927,26.405099
-7.23584,108.42495,252,26.40641
-6.10933,108.20814,-29.19,26.417007
-6.64298,110.32593,-28.434,26.444278
-6.02467,108.08737,-34.415,26.458217
-6.74581,113.70836,-47.332,26.476076
-7.24559,107.84117,896,26.477887
-6.2137,108.3188,-6.782,26.480317
-6.34371,107.5439,24,26.487817
-7.38762,114.50585,-97.067,26.502662
-5.94559,107.96062,-37.039,26.506347
-7.06684,108.48538,395,26.506536
-6.65498,108.6088,-7.846,26.555772
-7.87489,112.64253,590,26.561617
-6.06819,107.63091,-24.109,26.565437
-5.95226,107.66749,-27.584,26.566076
-7.85789,110.08692,80,26.57715
-6.95519,107.93241,1255,26.59847
-6.03385,107.97114,-35.011,26.601745
-7.18438,107.42406,1972,26.60353
-6.96698,114.20884,-20.868,26.605163
-8.2869,110.23587,-461.117,26.612441
-6.10634,108.19873,-29.628,26.631417
-6.80211,112.83509,-37.838,26.632426
-6.87593,114.66545,-74.808,26.652673
-6.93919,110.65899,7,26.659067
-8.68135,113.67191,-787.374,26.666544
-6.99719,111.49297,110,26.667146
-7.03149,111.62524,120,26.673027
-6.69848,112.72517,-37.737,26.684956
-6.70301,111.15865,1,26.686782
-6.51138,113.49563,-59.63,26.691322
-6.62547,110.47293,-28.617,26.696362
-7.02873,113.47663,202,26.737262
-7.08006,108.91028,142,26.759749
-6.75557,113.70532,-44.067,26.761841
-6.00565,108.22997,-35.044,26.778118
-8.73489,112.3725,-1049.107,26.781077
-6.64778,113.7389,-51.153,26.788879
-6.129,108.19139,-33.039,26.797358
-7.23753,107.99108,1335,26.80537
-6.21068,108.16587,-20.336,26.806091
-7.2598,109.42286,332,26.806166
-6.58301,113.47337,-59.833,26.806938
-5.8063,105.96546,-53.019,26.807646
-6.47074,112.5108,-63.093,26.811131
-6.30315,111.14196,-42.63,26.81233
-6.57866,113.76044,-56.489,26.818214
-6.28776,105.81345,-9.239,26.830896
-6.8012,107.54536,1133,26.84121
-6.21668,108.54565,-30.934,26.863685
-7.78749,111.10329,493,26.869227
-7.31716,111.99188,60,26.871599
-6.95347,112.50172,40,26.874069
-6.66736,113.7328,-49.786,26.874209
-7.00047,108.79159,65,26.888987
-6.10852,108.19778,-30.087,26.892943
-6.1586,108.04485,-21.449,26.926291
-7.96939,114.05384,815,26.936819
-6.9306,110.78408,11,26.961601
-6.07024,108.08534,-32.285,26.967326
-6.7974,111.27188,59,26.978588
-7.10171,109.04611,65,26.982514
-6.56643,112.62261,-51.46,26.987811
-6.47511,114.07686,-80.042,26.991076
-6.48014,111.08666,-4.335,26.992219
-7.29827,111.93262,54,27.006355
-6.25661,105.53356,-97.235,27.01535
-7.17053,111.53331,57,27.057564
-6.68924,111.30567,-0.823,27.078227
-6.14226,108.31149,-29.508,27.093877
-6.61484,113.03614,-37.001,27.099239
-6.26399,108.69467,-31.407,27.118093
-6.65758,113.73585,-50.334,27.129955
-6.7391,112.14266,-16.248,27.139625
-6.06721,108.07583,-32.41,27.14702
-6.93817,109.66513,11,27.15368
-7.11737,110.74589,71,27.15905
-6.74152,108.43615,49,27.166659
-7.46849,111.7722,338,27.185371
-6.13928,108.30215,-29.207,27.188256
-6.84389,113.10715,-16.457,27.191774
-6.76535,113.70226,-42.262,27.200845
-7.09059,108.90696,124,27.207223
-6.65305,110.32278,-29.861,27.211566
-6.21372,108.53631,-30.847,27.215972
-6.68533,107.72873,503,27.248042
-6.577,109.49455,-39.648,27.250733
-6.73125,108.00265,349,27.270526
-6.55253,114.33801,-77.689,27.271897
-8.08071,114.43161,-23.253,27.293241
-6.03081,107.96162,-37.014,27.311229
-6.17773,108.03878,-21.021,27.312224
-6.62223,109.76467,-47.888,27.322486
-6.41315,108.25506,6,27.334962
-6.26103,108.68536,-29.735,27.358894
-7.06079,108.18942,853,27.367896
-6.73808,111.57623,26,27.370075
-6.90322,108.23928,486,27.381331
-7.49545,113.75915,-68.016,27.392392
-7.85534,112.64867,673,27.395387
-7.59899,110.30983,404,27.399164
-7.67514,111.28064,605,27.405437
-7.71585,112.69235,348,27.422108
-6.55881,113.76661,-61.607,27.422238
-6.42562,109.2573,-29.106,27.424589
-7.14231,114.15411,-33.646,27.435664
-6.0366,107.6409,-25.567,27.454559
-7.27315,109.84454,1129,27.471
-6.0369,107.98066,-35.464,27.487455
-6.7923,114.26327,-70.36,27.494748
-6.98184,110.78835,40,27.494796
-6.43223,109.11464,-38.799,27.503454
-7.26424,109.13738,1765,27.51723
-7.07122,109.05567,80,27.541989
-6.82306,107.97392,484,27.553977
-6.21074,108.52694,-29.746,27.555189
-6.99803,114.1991,-20.249,27.5667
-7.22054,108.13876,754,27.574766
-6.60605,110.47902,-33.178,27.578499
-6.45506,111.37887,-40.626,27.580882
-5.9628,107.66417,-33.201,27.583184
-6.59798,111.33419,-11.527,27.586243
-6.52552,112.3512,-55.332,27.588276
-7.55059,109.33144,289,27.617077
-7.98214,114.09453,1190,27.62629
-7.08459,111.03914,41,27.641595
-6.07324,108.09484,-31.731,27.643375
-6.79507,105.26647,273,27.645942
-7.64613,114.56767,-285.344,27.68758
-6.20473,105.40339,-111.855,27.691939
-8.07092,111.72486,124,27.692462
-7.54304,111.32209,178,27.697538
-6.97535,109.79572,168,27.700614
-6.46641,111.66346,-39.773,27.721448
-7.23114,108.1354,739,27.723895
-6.87525,112.10012,-8.539,27.727679
-6.16817,108.04181,-21.264,27.736594
-6.10421,110.8556,-53.433,27.751761
-7.26119,107.69379,1901,27.76101
-8.66781,112.25089,-802.653,27.766732
-6.3803,108.98825,-35.259,27.79163
-6.48162,109.38219,-41.374,27.796805
-6.99062,108.79471,47,27.797408
-6.87054,107.52344,733,27.802764
-6.74145,107.99944,400,27.829317
-7.05491,114.4675,-39.711,27.829694
-6.5775,111.34059,-14.306,27.833383
-6.92004,108.02184,658,27.846576
-6.54269,114.34114,-77.705,27.849841
-7.01713,112.34011,4,27.874822
-6.20777,108.51754,-28.689,27.887755
-7.27371,108.99231,151,27.891444
-7.45356,109.78799,576,27.90537
-7.15198,108.6014,999,27.917062
-6.92857,109.66815,11,27.923577
-7.31402,111.98202,66,27.93374
-6.77512,113.69923,-39.266,27.940822
-6.64924,108.46533,7,27.961839
-7.14135,113.44148,28,27.990441
-6.86782,110.2556,-19.19,28.003545
-7.10154,110.4655,187,28.013302
-8.5902,110.85078,-386.782,28.016551
-7.57952,110.45827,1127,28.02652
-6.4621,107.50648,77,28.026969
-6.11902,110.90212,-54.441,28.0275
-7.38805,109.49407,141,28.0305
-7.19593,110.43599,446,28.041244
-7.97574,114.07412,1001,28.04523
-7.18905,111.59111,35,28.058467
-6.80754,109.84859,-21.802,28.061454
-6.71958,110.11871,-30.664,28.067578
-6.14523,108.32086,-29.802,28.09403
-6.58074,109.20891,-40.662,28.096397
-6.56875,113.76352,-59.042,28.097448
-6.48375,107.49961,90,28.126314
-6.50305,114.06859,-76.356,28.14006
-7.81323,113.80217,825,28.147132
-5.95609,107.95735,-37.117,28.151925
-6.57178,108.20436,29,28.153005
-6.33219,107.98971,7,28.156044
-6.97444,108.94367,16,28.175393
-6.58206,109.63553,-39.115,28.178954
-6.61754,112.32247,-47.22,28.181349
-6.92772,110.77498,8,28.182129
-7.77226,112.24466,177,28.215354
-6.53133,110.92918,296,28.225209
-6.31395,105.36954,-114.468,28.235964
-6.22091,108.16266,-19,28.249676
-6.03993,107.99018,-36.481,28.281478
-6.44808,105.47289,-82.932,28.285462
-6.20477,108.50812,-29.807,28.286826
-6.50418,105.16507,-104.609,28.287895
-6.15787,111.02377,-55.912,28.292509
-7.07023,110.47525,39,28.317258
-7.18574,114.42671,-23.322,28.318839
-6.11875,108.19458,-31.807,28.321397
-7.48564,113.76223,-65.06,28.325535
-6.09106,105.42167,-10.36,28.362149
-6.06289,108.07525,-32.537,28.363746
-6.80938,110.84226,23,28.366961
-7.23988,114.55197,-106.258,28.374127
-7.54734,108.22998,390,28.377581
-6.33296,107.54729,18,28.387543
-7.53047,110.04803,529,28.425971
-7.071,105.85596,-1516.169,28.452327
-6.41935,108.68326,-18.642,28.462649
-7.21222,110.71613,135,28.483704
-6.22544,108.02364,-11.491,28.4838
-6.88781,107.37176,748,28.484621
-6.13632,108.29281,-27.13,28.494946
-7.985,114.17679,950,28.50622
-7.71326,111.41162,134,28.507318
-6.40313,108.25828,4,28.540427
-6.60111,109.77129,-44.841,28.544989
-6.93454,109.52531,12,28.564209
-7.49864,111.76274,215,28.57625
-6.91442,109.53162,10,28.57919
-7.19539,112.85507,-3.621,28.584163
-6.70934,111.2994,12,28.585484
-6.11835,108.23642,-30.477,28.58977
-6.96507,111.07658,401,28.598437
-7.72339,111.40843,140,28.619336
-6.09674,105.43954,-20.407,28.620376
-7.30819,114.67328,-121.848,28.637437
-6.84311,114.24744,-72.354,28.64904
-6.3845,108.11136,3,28.663682
-6.06738,108.21068,-37.731,28.669925
-6.74944,112.13942,-16.219,28.678965
-6.11073,108.06003,-30.968,28.709273
-6.23406,105.54071,-85.833,28.710867
-7.64522,110.72215,119,28.714924
-6.07869,107.6276,-21.549,28.719518
-7.19218,111.60089,51,28.726978
-6.20177,108.4987,-31.142,28.731284
-7.1775,113.85846,-13.727,28.747931
-6.02603,107.64421,-25.689,28.758955
-6.70806,110.0825,-30.961,28.762366
-7.1307,108.02536,1122,28.77096
-7.88467,112.63946,553,28.772547
-6.26886,107.56756,10,28.77305
-7.44877,110.07365,1175,28.77643
-6.78483,113.69619,-37.584,28.796249
-7.08381,111.60885,55,28.817391
-6.50969,113.06884,-49.539,28.819943
-6.6844,113.44181,-54.774,28.823111
-7.30143,111.94251,52,28.826496
-6.86064,107.52659,748,28.828063
-6.32224,107.5507,16,28.837213
-6.94273,108.95369,12,28.851493
-7.61286,112.01103,48,28.8556
-6.55495,112.05846,-42.411,28.862537
-7.28916,108.40801,183,28.865819
-7.70376,112.26605,108,28.869407
-6.97734,114.20559,-18.601,28.873061
-6.49547,111.36621,-35.628,28.878481
-6.49001,111.93613,-41.415,28.879186
-7.21805,108.96079,113,28.889126
-6.92448,109.52848,15,28.892402
-6.07626,108.1043,-28.368,28.897861
-7.09673,109.47458,269,28.913491
-6.06418,108.0663,-31.404,28.918273
-6.29018,107.56083,10,28.918734
-6.48276,108.23278,7,28.920902
-6.76505,111.99284,-20.542,28.926128
-7.37927,109.8113,736,28.957768
-6.31153,107.5541,15,28.970772
-6.04296,107.99969,-36.754,28.974136
-7.2339,114.69647,-77.724,28.97462
-7.43074,108.79944,188,28.976208
-7.25082,111.55657,49,28.986873
-6.72881,112.14588,-18.784,28.989743
-6.30085,107.55745,13,28.995096
-5.99518,105.46839,-16.456,28.998007
-6.46203,110.38246,-48.404,29.020493
-5.97332,107.66086,-32.22,29.045231
-6.13073,105.54658,-67.619,29.051938
-6.29307,108.00217,7,29.053968
-7.28174,114.53893,-97.514,29.06576
-6.47292,107.50303,86,29.07122
-6.17769,105.5586,-78.434,29.071695
-7.4641,109.78467,429,29.105143
-6.27951,107.5642,9,29.126569
-6.84738,108.98379,3,29.132452
-7.12707,105.98383,-2111.965,29.156484
-6.85075,107.52973,777,29.158941
-8.3077,110.22932,-550.279,29.195505
-6.18162,105.26796,-218.174,29.195824
-6.49608,112.9304,-54.846,29.196615
-6.48273,109.37611,-41.751,29.209893
-6.33172,111.13306,-35.105,29.220552
-8.0403,112.01928,108,29.242273
-6.2311,108.15944,-20.177,29.243944
-7.79197,114.52203,-381.171,29.244487
-7.20634,110.43271,496,29.252646
-6.03424,108.08435,-33.26,29.256346
-6.22463,105.39723,-102.414,29.265151
-7.14066,110.3118,565,29.27527
-7.25439,113.69223,-1.749,29.282223
-6.92451,112.79692,-4.154,29.283971
-6.4711,111.08949,-6.237,29.307363
-8.06037,114.43799,-0.054,29.332982
-6.56928,108.63591,-3.597,29.35116
-6.7945,113.69317,-35.294,29.357595
-6.98061,107.48861,1071,29.40879
-6.87743,107.37505,732,29.411059
-6.70868,107.35734,317,29.424356
-7.12213,114.1604,-38.036,29.426497
-6.98769,114.20233,-19.655,29.428271
-5.94173,107.6708,-24.408,29.438892
-7.09745,112.74292,54,29.453862
-6.45677,111.66657,-39.68,29.45973
-8.01404,113.31198,305,29.468196
-7.84544,113.79208,398,29.475615
-7.84546,112.65178,744,29.479145
-6.63642,111.03778,56,29.499322
-6.86935,108.68963,10,29.504495
-6.02778,107.95208,-36.999,29.509121
-6.04599,108.00923,-35.553,29.513699
-7.19666,110.2942,759,29.521815
-6.94168,108.81024,18,29.521935
-7.38748,112.22421,60,29.525398
-6.27362,108.00833,-3.695,29.542416
-6.89042,107.51715,734,29.552908
-6.03665,107.787,-31.812,29.56644
-7.34481,109.39614,126,29.569125
-8.45742,112.45977,-58.173,29.571451
-6.74246,114.70707,-80.187,29.594423
-7.10578,105.70025,-1297.854,29.614654
-8.37703,113.05457,-260.301,29.631657
-8.74865,113.65076,-1098.099,29.633694
-6.04682,107.78381,-32.83,29.641228
-6.0326,105.74949,-49.465,29.655598
-5.79574,105.53012,-44.817,29.660316
-6.76226,107.41147,499,29.675434
-6.24127,108.15623,-21.97,29.678456
-6.95331,108.95035,11,29.684577
-6.08829,108.14205,-33.545,29.700472
-7.09338,105.55837,-199.737,29.713271
-6.11375,105.49303,-18.56,29.722907
-6.61813,109.05611,-24.507,29.731192
-6.25819,107.57093,7,29.741436
-6.19876,108.48927,-31.216,29.741786
-6.92514,113.50898,144,29.753387
-7.88526,114.20803,493,29.756151
-6.32238,107.99283,8,29.766395
-7.2559,107.83793,925,29.7685
-6.17347,105.70499,-45.794,29.792609
-6.49721,112.2182,-53.89,29.793209
-8.19192,114.25411,452,29.796707
-8.45316,112.3184,-186.981,29.817424
-7.12838,113.0184,60,29.84056
-6.86774,112.95735,-13.114,29.850453
-6.22367,111.23012,-52.803,29.875607
-7.10764,112.73973,52,29.879505
-7.46084,111.06384,118,29.887796
-6.07242,108.07221,-32.163,29.903943
-6.29309,111.28678,-47.594,29.915057
-6.69079,111.59142,10,29.925491
-6.54222,113.48608,-58.792,29.929019
-7.40828,109.55768,186,29.931629
-6.52515,112.06773,-46.197,29.938327
-6.85766,110.25878,-22.007,29.939452
-8.00423,113.31509,384,29.94956
-5.93634,107.66578,-26.982,29.952794
-7.08061,110.47202,116,29.970943
-7.17923,108.83941,476,29.984615
-7.14041,113.58523,5,30.003645
-7.16297,107.57854,1427,30.01814
-7.22028,113.9876,-19.935,30.031275
-6.13336,108.28346,-25.391,30.053993
-6.78509,113.41042,-37.585,30.054003
-6.54787,108.64269,-6.786,30.057826
-7.33654,112.24014,70,30.075796
-6.6117,109.76795,-46.817,30.076458
-6.25144,108.15303,-21.673,30.083451
-8.07055,114.4348,-7.784,30.100635
-5.82575,105.52079,-48.619,30.102003
-6.50792,112.21484,-51.43,30.13018
-6.04903,108.01878,-35.173,30.154216
-6.08798,108.20424,-30.692,30.171705
-6.24753,107.57431,5,30.200438
-6.06115,108.05681,-31.164,30.220698
-6.48139,107.79271,40,30.242299
-6.45267,109.53337,-32.375,30.251504
-6.88047,107.5203,759,30.262853
-6.26163,108.14983,-16.881,30.273007
-7.44307,108.93928,100,30.275173
-7.60222,112.01437,48,30.280377
-6.01546,107.64753,-25.916,30.283828
-7.2485,109.56761,905,30.288882
-7.8639,114.35694,541,30.290081
-6.80051,111.12813,16,30.300962
-6.80418,113.69014,-32.676,30.313088
-6.57994,112.47672,-54.197,30.313683
-6.43972,111.91008,-44.15,30.313917
-6.30113,111.7165,-38.458,30.335827
-6.45926,109.30263,-51.777,30.359369
-6.87628,108.39353,2147,30.39573
-6.86474,111.67743,99,30.405992
-6.83355,113.11035,-21.435,30.40967
-6.93214,108.95703,10,30.418957
-6.47607,111.66036,-39.676,30.421133
-6.27185,108.14663,-11.634,30.433255
-6.84749,110.26196,-23.31,30.437171
-6.49457,107.49619,73,30.438518
-7.82201,111.80302,1726,30.44027
-6.48059,112.50773,-58.515,30.440426
-6.88767,109.11305,8,30.443901
-5.76279,105.97919,-51.205,30.447339
-6.28211,108.14342,-8.729,30.453015
-6.85997,110.8264,8,30.458551
-6.59006,112.47356,-53.753,30.458763
-6.91511,114.51116,-29.536,30.461042
-6.69414,112.015,-29.116,30.463996
-6.61578,112.60719,-51.307,30.465725
-6.30405,105.37261,-115,30.468072
-7.16785,109.45227,830,30.471002
-6.87496,113.09744,-11.012,30.494565
-6.21766,111.2113,-53.786,30.494565
-7.67485,112.27513,81,30.499105
-7.63434,110.01538,295,30.512136
-5.98383,107.65753,-29.81,30.519126
-7.50642,114.46872,-112.654,30.524233
-7.06909,108.76978,101,30.528209
-7.55387,108.2507,244,30.544681
-7.13311,107.44024,1384,30.56032
-7.05316,109.20349,184,30.569752
-7.2099,108.14214,742,30.58566
-7.41692,111.07755,90,30.587742
-7.07142,108.18605,822,30.589996
-6.56214,110.91956,476,30.592344
-5.96662,107.95402,-38.521,30.593762
-7.06419,113.60907,204,30.598831
-6.41057,111.81822,-42.229,30.601747
-6.75166,107.41484,538,30.604558
-6.58776,111.33738,-12.6,30.608391
-6.4545,112.23153,-54.849,30.616552
-6.85422,111.68071,100,30.625222
-7.95664,114.01317,714,30.642901
-7.21432,109.15301,1746,30.65065
-6.3743,108.11457,2,30.652219
-6.29236,108.1402,-7.328,30.661891
-7.41172,109.23323,96,30.664645
-6.51922,113.06588,-49.787,30.680269
-6.26391,108.01142,-6.656,30.685761
-6.62747,105.41595,-48.695,30.68673
-7.14265,107.58491,1437,30.72028
-6.31257,107.99596,7,30.742297
-6.65568,107.44526,394,30.763028
-6.7426,110.19123,-41.65,30.768126
-6.05207,108.0283,-34.801,30.777455
-6.3994,110.54368,-47.729,30.79443
-6.32841,107.84063,9,30.794548
-6.74177,112.71166,-40.815,30.801538
-7.82144,109.3856,-39.26,30.806437
-7.66512,111.28378,568,30.806985
-6.12137,108.24587,-28.962,30.807832
-7.55328,111.31888,196,30.814139
-6.05812,108.04732,-31.835,30.814187
-6.70923,112.72184,-41.717,30.82052
-6.07768,108.20746,-34.608,30.828323
-6.14821,108.33024,-30.271,30.833401
-6.79264,108.56527,42,30.844233
-6.60755,108.91623,-8.311,30.856146
-6.80721,112.69127,-35.528,30.878759
-6.77946,112.98486,-35.028,30.881347
-6.235,108.02058,-10.585,30.916272
-6.52696,107.48593,84,30.925809
-6.00026,107.86591,-27.613,30.931213
-5.93934,107.67522,-15.373,30.932769
-6.19575,108.47984,-30.624,30.949541
-6.95831,112.64409,-1.553,30.949901
-6.07928,108.11373,-28.17,30.972445
-6.56999,112.4798,-53.074,30.982944
-6.7211,112.86035,-43.213,30.984666
-7.17786,108.15232,595,30.995457
-7.02388,108.05959,573,31.001093
-6.9536,110.85688,24,31.001512
-6.80382,112.26429,-17.296,31.017981
-8.06997,114.29238,1266,31.027
-7.10826,114.02256,22,31.032282
-6.7821,108.56862,31,31.0512
-6.05509,108.03781,-32.208,31.062561
-6.30282,107.99906,8,31.06887
-7.54208,110.18576,285,31.074065
-6.79336,112.26755,-18.567,31.074545
-6.30261,108.13699,-6.05,31.076749
-6.80442,107.39818,428,31.077968
-7.25645,109.28198,1086,31.08733
-5.99436,107.65419,-30.086,31.093686
-6.60027,112.47039,-52.902,31.14749
-6.26497,111.35982,-48.72,31.167552
-6.72426,109.59108,-24.178,31.195847
-6.53772,107.48255,107,31.197857
-6.46581,114.07985,-80.843,31.19962
-7.18857,108.14891,650,31.202808
-7.22867,109.4332,727,31.209193
-7.88199,110.64779,175,31.212041
-7.08652,109.47777,199,31.22638
-6.00491,107.65085,-27.598,31.227766
-6.82537,107.39152,414,31.236818
-7.2369,108.71645,506,31.243953
-6.15426,108.33782,-31.359,31.243995
-6.87173,107.86961,683,31.247813
-7.83951,109.09898,-104.196,31.249002
-6.50539,107.49275,68,31.282715
-7.60155,113.86843,-65.313,31.28389
-6.80711,111.26884,55,31.319201
-7.32909,109.2592,493,31.332622
-6.30919,110.85585,-40.723,31.372339
-6.56664,109.49776,-35.945,31.384387
-7.3067,107.82188,1357,31.39034
-7.40488,109.547,157,31.405468
-7.94656,110.91141,139,31.42631
-5.93121,107.6741,-20.98,31.440406
-7.00799,108.20612,656,31.457627
-6.14437,108.34097,-32.792,31.469588
-6.63858,105.41243,-32.104,31.471184
-6.51435,111.64806,-38.398,31.47279
-6.08916,107.62428,-14.65,31.487886
-6.13038,108.2741,-26.325,31.498109
-6.81491,107.39485,394,31.501363
-6.71093,110.0915,-28.366,31.503241
-6.00639,107.88508,-22.163,31.507634
-6.51906,109.22815,-44,31.525042
-6.84377,111.68397,122,31.53409
-6.55857,108.63931,-4.067,31.537083
-7.33379,111.53061,97,31.548901
-6.73085,112.71506,-41.306,31.575818
-8.52493,112.29584,-482.368,31.602496
-6.31075,109.01022,-58.986,31.616752
-6.69934,111.30252,2,31.63474
-7.48859,111.76589,263,31.639021
-6.52662,112.63505,-53.734,31.652861
-5.9972,107.85633,-37.496,31.664812
-6.22749,108.74382,-32.674,31.666787
-6.57292,110.34779,-23.174,31.667263
-6.10113,108.06307,-31.698,31.670663
-6.24704,108.59234,-24.275,31.692425
-6.93347,110.79314,9,31.698756
-6.26155,111.29665,-48.105,31.70106
-6.58394,110.77007,172,31.732952
-7.79915,109.11165,-35.358,31.742634
-5.92071,107.67742,-24.65,31.747981
-6.00332,107.87548,-13.913,31.748111
-7.19136,110.72266,119,31.75584
-6.057,107.78061,-31.662,31.789074
-6.51862,112.21151,-49.936,31.793546
-6.81884,107.68675,1238,31.79763
-6.75272,112.70825,-41.802,31.842621
-6.81391,113.68711,-27.076,31.85375
-6.48569,109.38536,-40.271,31.85704
-7.69412,112.26908,99,31.863752
-7.1221,109.32404,234,31.871248
-6.31287,108.13378,-2.991,31.874991
-6.00945,107.89468,-33.657,31.875327
-7.23557,109.28851,1182,31.89648
-8.63932,113.54298,-884.857,31.899003
-6.90043,107.66114,699,31.904756
-7.19115,114.70981,-23.269,31.905998
-7.13225,114.15724,-33.086,31.924239
-6.61046,112.46721,-53.12,31.933879
-6.13809,107.75499,-14.701,31.953314
-6.05335,108.0783,-32.908,31.973686
-6.4865,112.22154,-56.059,31.977296
-6.91313,110.72893,7,31.981873
-7.16222,106.11791,-2198.451,31.996729
-6.96388,108.947,14,32.003733
-6.81423,112.26105,-15.673,32.021852
-6.51619,107.48934,71,32.022095
-6.04379,108.08133,-33.052,32.02502
-8.3214,112.35978,274,32.0262
-7.02105,107.62318,835,32.028803
-6.87529,111.67412,76,32.040375
-6.61576,110.47597,-30.824,32.054759
-6.13284,107.90192,-18.999,32.057559
-6.12438,108.2553,-27.798,32.059601
-7.5898,110.45506,1022,32.07375
-7.27063,107.69079,1820,32.11064
-6.19277,108.47042,-32.528,32.115435
-7.19924,108.14553,675,32.129481
-7.00686,112.34332,5,32.129532
-6.75495,111.99599,-14.353,32.13231
-6.54158,110.92596,342,32.136861
-6.99136,112.91873,37,32.174592
-7.15283,107.58171,1397,32.17603
-6.12796,107.75819,-11.644,32.206697
-6.78289,112.27081,-20.3,32.21845
-7.82393,113.79882,667,32.239967
-7.7938,113.49509,67,32.245528
-6.73511,110.72284,16,32.262242
-6.39967,107.81831,15,32.263005
-6.17195,108.4048,-31.31,32.265709
-6.98482,108.65358,125,32.290672
-7.10851,108.75726,594,32.302926
-6.08229,108.12315,-29.184,32.328291
-6.30232,108.72026,-31.091,32.349981
-6.01558,107.91384,-33.572,32.360555
-7.29429,109.83792,1091,32.36201
-6.81748,109.84548,-19.583,32.378575
-6.25422,108.01449,-8.417,32.378617
-6.46208,111.09234,-6.607,32.399014
-6.62059,112.46403,-53.271,32.42274
-6.58069,107.46892,158,32.423998
-7.48841,109.06712,32,32.435727
-6.84718,110.68776,5,32.438447
-7.34734,110.10549,1365,32.43951
-6.46521,111.37567,-40.028,32.44625
-7.98708,113.17695,667,32.448128
-7.00068,111.77657,37,32.463312
-7.25097,112.40862,33,32.475959
-6.24458,108.01754,-10.277,32.476124
-6.55819,113.6233,-54.79,32.490117
-5.93334,107.65633,-32.053,32.490514
-7.13776,114.72646,-17.133,32.493797
-7.04658,111.90481,136,32.53356
-5.98921,105.90772,-60.882,32.534948
-6.01251,107.90427,-33.321,32.541165
-6.12739,108.26471,-27.354,32.546572
-6.16898,108.39551,-31.674,32.547801
-6.99703,109.78892,239,32.551423
-6.94501,107.93558,1253,32.55371
-6.7167,110.10964,-28.561,32.573478
-7.09105,110.46876,68,32.605503
-6.35173,105.79323,-19.282,32.607617
-6.4857,111.65726,-39.007,32.622669
-6.98701,108.21277,450,32.630281
-6.97121,113.35233,152,32.634115
-6.7454,110.71961,12,32.639338
-7.41626,107.81751,1437,32.64083
-7.29929,107.68168,1726,32.64189
-7.69752,110.56395,196,32.655898
-7.63925,110.28659,250,32.656413
-6.6564,113.3078,-52.911,32.656684
-7.0449,114.47063,-27.687,32.656704
-6.69056,112.86984,-43.191,32.66876
-6.83325,107.97071,480,32.67096
-7.84689,112.79362,838,32.703635
-8.06092,112.0128,104,32.716415
-6.63067,112.46087,-54.928,32.71879
-7.19369,107.85742,858,32.724637
-6.52382,111.64504,-39.275,32.734008
-6.56994,107.47234,142,32.751487
-8.24776,111.95409,244,32.763445
-6.32944,107.6946,7,32.798002
-7.17361,111.54288,50,32.830814
-6.56016,112.48285,-51.73,32.857601
-6.1482,107.75179,-14.298,32.876479
-7.22513,109.29177,1222,32.8813
-6.45937,105.46932,-81.04,32.903383
-7.83468,113.79545,458,32.913984
-7.04287,109.20671,120,32.916755
-7.38921,111.37027,54,32.91831
-6.08529,108.13259,-30.462,32.942058
-5.99415,107.84674,-36.76,32.963238
-6.56488,112.05535,-42.169,32.982993
-6.1749,108.41412,-31.818,32.987178
-6.80246,114.26012,-74.698,33.002353
-5.94234,107.68467,-6.079,33.004415
-6.64069,112.45774,-56.125,33.005907
-6.91105,107.99343,709,33.008931
-7.34849,111.38298,81,33.020922
-6.81689,111.26579,41,33.030737
-6.61636,105.41948,-60.357,33.048339
-6.59143,107.46553,173,33.073465
-6.48535,111.36936,-37.06,33.07808
-7.03048,112.90654,105,33.086061
-6.54846,107.47916,100,33.093718
-7.20911,113.99108,-2.051,33.097069
-6.98079,108.79783,25,33.101454
-6.23859,111.27699,-48.798,33.10836
-6.4368,105.47647,-84.01,33.131307
-6.95144,108.80714,20,33.131676
-7.89512,111.21196,731,33.132222
-6.0797,105.38586,60,33.132362
-7.11157,111.45713,125,33.136536
-6.11784,107.76139,-10.321,33.161783
-6.64373,110.75139,135,33.162395
-6.18979,108.46101,-33.262,33.165077
-7.66872,113.13448,-12.753,33.165539
-6.6449,112.74184,-50.501,33.181144
-8.91865,113.88356,-2108.926,33.189497
-7.32346,111.53385,122,33.211914
-6.72002,112.71844,-42.671,33.213524
-7.66945,110.38221,362,33.226082
-8.20401,110.26199,-270.289,33.242286
-7.11781,112.73655,11,33.243322
-7.10111,108.90363,99,33.256177
-6.92483,110.76581,6,33.273999
-6.50484,111.6511,-37.714,33.27751
-6.90874,110.66854,9,33.290671
-6.396,111.77224,-41.01,33.304688
-6.53292,110.21863,-37.35,33.311318
-7.83554,112.65491,771,33.317782
-6.31957,108.56948,-21.387,33.326127
-7.18581,112.85807,-2.272,33.366967
-7.06669,110.33498,247,33.384595
-6.7332,109.1613,-18.296,33.409243
-6.47528,111.37251,-38.265,33.435604
-7.2764,114.68323,-108.023,33.459373
-6.14318,107.89869,-20.372,33.471168
-5.97582,107.78935,-37.584,33.493692
-6.51235,114.06579,-76.058,33.513992
-6.98199,108.2173,397,33.523124
-5.97888,107.79891,-37.152,33.524197
-8.18337,113.6862,71,33.552853
-6.4223,111.85512,-41.133,33.579896
-7.54859,111.03632,315,33.583004
-6.52297,110.22174,-37.506,33.588035
-6.82458,112.25781,-13.729,33.592546
-5.95449,107.72257,-35.549,33.609686
-6.6279,112.31924,-48.115,33.61357
-5.95146,107.71307,-28.061,33.630298
-6.3108,111.71338,-42.883,33.640031
-7.08396,109.61934,402,33.641372
-7.56099,110.17982,272,33.652958
-6.49528,111.65417,-37.969,33.656802
-5.97482,108.23959,-38.626,33.658352
-5.99537,108.23317,-35.624,33.660994
-7.7467,111.96846,74,33.666852
-7.31319,109.40609,133,33.668897
-7.30489,109.8346,1076,33.68209
-6.17786,108.42347,-33.26,33.685028
-6.83581,107.38822,443,33.686611
-6.65065,112.45463,-55.405,33.691213
-6.1583,107.7486,-12.705,33.696241
-5.91021,107.68072,-27.863,33.700732
-8.03784,113.58934,1732,33.72765
-5.97278,107.7798,-36.458,33.732038
-6.8232,113.11357,-27.625,33.753944
-5.9273,107.63747,-36.825,33.761606
-6.78848,110.33554,-25.638,33.788137
-7.97488,113.03859,1796,33.80531
-6.94391,108.09716,264,33.810771
-6.96121,108.80404,19,33.812409
-6.42595,111.10366,-3.265,33.81295
-5.93031,107.64689,-33.838,33.814346
-7.71404,110.41605,249,33.818869
-6.15118,108.33962,-31.989,33.829723
-7.28474,109.55729,541,33.837354
-7.16218,109.59473,750,33.841484
-7.70367,110.41929,287,33.844862
-6.56197,108.2075,30,33.857104
-6.7248,110.72606,22,33.882978
-5.94538,107.69413,-3.309,33.892653
-6.87793,110.67817,5,33.899522
-7.15771,109.45545,457,33.909386
-6.88584,111.67082,66,33.909971
-7.10947,110.60567,30,33.926366
-7.1176,110.17744,221,33.928465
-5.94842,107.70359,-12.609,33.931245
-6.96517,110.89348,259,33.936347
-7.76604,111.53626,150,33.94753
-7.21669,110.42945,539,33.961508
-6.47587,112.22488,-55.681,33.97426
-7.23388,107.55629,1446,33.99981
-6.73063,113.56961,-47.715,34.000177
-8.17617,113.26107,30,34.012225
-5.98193,107.80846,-35.537,34.031014
-7.8945,112.63638,541,34.035923
-6.45508,112.08964,-51.158,34.040032
-5.92431,107.62808,-38.102,34.066655
-6.63182,114.31329,-76.685,34.096482
-5.96973,107.77024,-35.866,34.09949
-5.98204,105.76548,-69.5,34.11214
-6.66654,113.16252,-55.196,34.11418
-5.95753,107.73208,-35.461,34.138779
-5.99109,107.83716,-34.269,34.150048
-7.08423,114.74313,-3.705,34.166465
-6.71381,110.10057,-27.252,34.181304
-7.58081,109.74806,475,34.194645
-7.08723,112.74611,22,34.21037
-6.18681,108.45162,-33.721,34.223428
-6.69217,111.16204,1,34.226009
-7.89953,110.07385,7,34.233461
-6.79131,110.3445,-25.618,34.2355
-6.49047,112.50464,-55.255,34.254781
-6.96449,109.79913,110,34.264918
-6.16604,108.38622,-31.144,34.267838
-7.82339,114.5122,-252.2,34.29177
-7.0584,108.63066,141,34.295548
-6.22273,105.25484,-217.642,34.303323
-7.29658,107.82506,1273,34.30971
-7.04791,108.63392,111,34.318139
-7.19216,108.87982,619,34.322454
-6.8326,112.82559,-33.262,34.330852
-7.22124,108.9708,143,34.330874
-5.81718,105.96205,-59.681,34.339186
-6.802,111.69698,40,34.346979
-8.02834,113.59231,1931,34.36218
-6.97099,108.80094,23,34.364747
-7.68449,112.27212,92,34.369301
-7.41168,109.56839,188,34.372445
-6.16841,107.7454,-11.806,34.374569
-6.06718,107.77741,-27.896,34.378498
-6.7478,113.27935,-46.289,34.379752
-6.77157,113.12968,-33.993,34.381476
-7.06892,108.62738,161,34.388768
-8.37981,110.20657,-932.658,34.390315
-6.65454,112.02737,-28.447,34.393322
-6.83293,114.2506,-75.116,34.394141
-6.82363,113.68406,-21.415,34.402286
-6.50062,111.93279,-40.618,34.408948
-7.19793,113.99458,-4.629,34.430031
-6.09154,108.06611,-31.424,34.438819
-7.33838,111.38615,89,34.440685
-7.10704,110.18075,202,34.444421
-6.31265,111.13901,-39.731,34.44709
-6.59582,108.77495,-10.984,34.473209
-7.2417,108.13205,684,34.477621
-6.18083,108.43284,-34.217,34.48244
-6.09963,107.62097,-10.312,34.491823
-5.98498,107.81802,-34.003,34.532472
-6.69565,107.72551,491,34.536975
-6.18381,108.44222,-34.136,34.542051
-5.96668,107.76069,-34.938,34.542179
-6.66062,112.4515,-54.119,34.546697
-5.92132,107.61873,-38.95,34.551669
-5.98803,107.82759,-33.763,34.554919
-6.59783,108.9193,-9.689,34.559141
-8.40771,113.04495,-364.788,34.566442
-5.96059,107.7416,-34.314,34.566482
-6.64968,105.40891,-25.464,34.586332
-6.3299,108.56623,-19.307,34.602363
-7.28463,109.98342,2136,34.60313
-7.28052,112.39936,40,34.607225
-6.8836,112.80963,-10.806,34.612608
-6.46296,109.53016,-33.586,34.616742
-6.92646,113.08141,101,34.628186
-6.13996,110.96755,-52.392,34.634513
-6.82522,111.97407,41,34.661873
-6.32216,111.13604,-37.786,34.692954
-6.99759,113.48636,119,34.697487
-7.18824,109.44587,781,34.702837
-6.17853,107.74219,-8.866,34.708987
-6.90039,107.51399,796,34.711557
-6.55626,109.501,-33.851,34.715705
-7.26616,107.83471,951,34.73665
-6.9067,111.6643,78,34.744048
-6.52926,112.20819,-49.794,34.778583
-7.28012,107.68777,1762,34.78148
-7.06613,108.47868,354,34.788989
-6.03987,105.26034,-143.486,34.789608
-5.96364,107.75113,-34.922,34.790688
-8.05553,113.86846,421,34.800721
-6.78192,113.12646,-33.625,34.820225
-7.1314,112.16186,56,34.821322
-7.33593,112.05072,74,34.825822
-7.04194,111.62198,88,34.828758
-7.80739,114.23237,123,34.846178
-6.91037,107.51083,688,34.881169
-7.14597,111.45672,93,34.881956
-7.28374,109.84122,1043,34.91339
-6.77244,112.27406,-22.251,34.913633
-7.06044,105.85929,-1367.02,34.920019
-6.76121,113.13292,-35.261,34.930927
-6.57284,113.47654,-59.001,34.934051
-7.10214,113.59721,80,34.950701
-6.89816,107.36847,777,34.954639
-7.24602,109.28524,1101,34.96061
-6.71851,112.1491,-20.763,34.961611
-7.05505,108.44806,432,34.968038
-7.24135,112.41159,35,34.972711
-7.27635,107.83148,1055,34.97454
-7.5932,114.44155,-122.029,35.0064
-6.10773,107.76457,-12.022,35.007282
-6.08197,108.06916,-31.834,35.039612
-7.19407,109.30146,1132,35.04272
-8.1937,110.26519,-252.334,35.043865
-5.83668,107.70392,-44.15,35.049075
-7.27468,112.117,58,35.076582
-7.09389,110.32643,287,35.079177
-6.46523,112.2282,-54.603,35.080843
-7.72572,112.68925,411,35.103706
-6.78281,114.69452,-83.852,35.109944
-6.25461,111.15719,-47.345,35.111067
-7.5195,109.05735,33,35.11318
-8.74464,112.36941,-1069.158,35.127502
-7.62276,113.86181,-52.805,35.155998
-6.97083,107.63899,670,35.17156
-7.69042,111.70264,435,35.190415
-7.79416,111.8118,1602,35.20736
-6.83497,112.25459,-11.202,35.216084
-6.54289,110.21552,-36.342,35.258333
-7.8919,110.64466,194,35.264991
-7.18677,113.99806,-17.721,35.272121
-6.79484,109.00035,4,35.282343
-8.72516,112.37555,-1028.822,35.283872
-6.02474,107.94253,-35.406,35.285786
-7.66231,110.43231,441,35.294084
-6.43683,111.90094,-43.967,35.298938
-7.05818,107.90003,847,35.315842
-7.53971,109.33485,278,35.316288
-7.07891,108.76666,139,35.321085
-6.32385,105.36646,-113.833,35.346954
-6.5504,112.4859,-50.562,35.346968
-6.70562,107.34776,298,35.355661
-6.75257,114.84693,-83.304,35.356601
-6.05506,105.4498,-15.869,35.367215
-7.02417,108.492,302,35.368208
-7.04025,112.90351,139,35.38876
-7.07627,111.89555,71,35.390264
-6.55186,110.92276,411,35.390681
-6.18867,107.739,-6.606,35.391991
-6.69194,113.01211,-49.892,35.395595
-6.96079,107.64214,673,35.396359
-7.16714,108.1557,542,35.410771
-7.09616,105.70332,-1229.358,35.422906
-6.7145,110.72927,28,35.436689
-7.72662,113.68683,4,35.491024
-6.29414,105.37569,-115,35.510015
-6.6706,112.44839,-52.223,35.534964
-7.15644,108.1591,487,35.541331
-6.92191,110.75659,7,35.543192
-7.54075,110.0448,528,35.54813
-7.28967,107.68474,1720,35.56392
-6.89898,107.9555,817,35.574627
-6.44963,110.52796,-23.052,35.575509
-6.8963,111.66755,64,35.613127
-7.07329,111.61215,72,35.616889
-6.53325,111.64201,-39.659,35.623339
-6.59234,109.63231,-33.983,35.630951
-6.53321,108.79442,-10.998,35.682379
-6.44719,111.66966,-39.673,35.686795
-7.91529,113.05722,1350,35.68889
-6.92748,111.65781,75,35.708217
-6.01863,107.92341,-33.623,35.715049
-7.22323,114.69981,-57.634,35.741953
-7.11707,105.987,-2058.221,35.753854
-6.37558,111.70787,-40.098,35.758384
-6.85796,108.98044,3,35.758984
-7.309,107.67859,1671,35.76435
-7.10323,108.17597,744,35.783327
-7.17309,112.43301,15,35.785112
-8.22556,113.24557,27,35.788086
-7.2454,109.99569,1679,35.79421
-6.67706,113.15913,-54.466,35.8149
-7.13083,113.58825,9,35.818364
-7.22708,110.42621,539,35.819799
-5.92542,105.48996,68,35.830279
-8.48581,112.45082,-208.533,35.830335
-7.17293,107.86395,930,35.861183
-6.90805,107.98395,754,35.870249
-7.6739,111.13898,1177,35.88236
-7.13246,107.58813,1371,35.89368
-6.79226,113.12321,-34.137,35.919594
-7.95734,110.90804,138,35.925846
-7.73353,111.40524,140,35.926699
-7.56195,109.89647,520,35.92753
-7.19096,109.5857,984,35.933016
-6.92156,108.96036,9,35.935406
-7.08876,112.88836,49,35.967342
-7.47855,111.76903,280,35.968207
-6.84326,112.53616,-3.952,35.992415
-6.49268,108.22962,9,36.001914
-6.70424,110.73248,33,36.004882
-6.33774,111.58864,-40.625,36.012816
-6.87477,111.95859,14,36.029533
-6.54891,108.93481,-14.163,36.032995
-6.75563,110.7164,12,36.034697
-6.12497,110.92079,-54.342,36.036738
-7.29587,107.97233,1122,36.0505
-6.82742,109.84237,-17.601,36.05929
-6.91709,111.66106,69,36.064992
-6.81261,114.25694,-77.434,36.085279
-6.99657,112.34653,9,36.085922
-6.81289,113.11679,-29.978,36.093831
-7.99641,112.17421,314,36.096286
-6.95274,108.12498,340,36.117188
-7.36128,112.13013,95,36.130544
-6.75164,112.42309,-37.055,36.149676
-6.16309,108.37694,-30.574,36.164562
-6.09491,105.43748,-8.041,36.165592
-6.2737,111.3873,-49.322,36.167673
-6.58811,108.92239,-10.725,36.213729
-6.1988,107.73581,-6.394,36.219183
-6.7942,110.35355,-21.743,36.229414
-7.28648,107.82826,1127,36.23395
-6.93791,111.65455,105,36.235228
-6.99648,114.05744,15,36.240805
-8.69261,113.52621,-1151.729,36.247142
-5.97512,105.47458,15.998,36.253339
-6.15416,108.34898,-34.516,36.264408
-6.81248,111.69372,53,36.267089
-7.2607,112.40558,42,36.27267
-6.98088,107.63585,665,36.276593
-6.07734,107.77419,-24.327,36.28292
-6.85868,108.69298,10,36.301486
-6.89293,107.93645,556,36.302021
-6.82274,114.2538,-75.397,36.306495
-7.28376,108.98914,122,36.336162
-6.74142,112.42627,-39.068,36.405755
-7.22521,108.42833,289,36.418546
-6.87385,113.52496,-14.143,36.432948
-7.42212,109.22997,80,36.43892
-7.25502,109.9927,1822,36.44267
-6.77513,111.98969,-32.3,36.444778
-6.92415,108.23265,291,36.466044
-6.55879,108.93168,-12.38,36.467806
-8.21574,113.24866,30,36.482207
-6.45305,111.09517,-6.944,36.48883
-7.10273,112.45501,5,36.498894
-7.82556,112.65802,806,36.500782
-6.83696,110.69097,4,36.513248
-6.68055,112.44528,-48.786,36.516658
-7.8949,114.20497,386,36.551787
-7.11871,109.75062,1021,36.572035
-6.19472,107.88256,-10.081,36.578425
-6.53897,108.93797,-17.283,36.588754
-6.23457,105.39416,-95.957,36.605326
-6.82553,107.72438,1455,36.61091
-6.80258,113.12,-33.079,36.646498
-6.81326,107.68563,1194,36.64769
-6.51521,112.07084,-47.359,36.669944
-5.97712,107.95069,-40.162,36.675493
-7.18332,107.86068,919,36.677187
-6.09762,107.76777,-14.933,36.685805
-6.22277,105.5443,-81.635,36.732353
-5.98516,105.47148,-18.601,36.751813
-8.23536,113.24249,21,36.752339
-7.97915,111.35096,724,36.757248
-6.60521,105.42303,-67.799,36.758324
-6.55652,112.6257,-51.549,36.770399
-7.35859,111.37981,76,36.779295
-7.43309,108.94241,146,36.783575
-6.63902,108.46857,4,36.792572
-5.84719,107.7006,-44.294,36.840324
-6.94509,108.22602,419,36.843323
-6.5686,108.92857,-11.171,36.85698
-7.60409,114.43815,-115.662,36.865451
-7.86551,113.215,69,36.918547
-6.20369,105.69544,-42.646,36.944235
-6.26793,105.52997,-99,36.965032
-6.57836,108.92547,-11.976,36.968369
-7.12125,113.59127,22,36.980055
-7.27367,109.13498,1801,36.99171
-6.84539,112.25134,-11.235,36.999203
-6.15715,108.35832,-36.173,37.000054
-7.1756,114.00156,-21.657,37.010001
-7.26632,108.7071,503,37.010463
-8.1773,112.405,271,37.018507
-7.51268,109.91195,856,37.02854
-6.80506,109.13885,-7.707,37.035074
-7.58231,114.44494,-122.886,37.06522
-6.91054,107.65795,687,37.068316
-7.2535,108.99864,155,37.070164
-6.73119,112.42949,-39.572,37.075432
-6.4801,110.94519,92,37.082178
-7.27418,109.13425,1801,37.09697
-6.11658,105.50197,-21.396,37.09774
-7.92253,113.91016,332,37.101972
-7.16159,108.44846,495,37.12526
-6.76369,112.70484,-42.953,37.128866
-6.7508,113.13616,-38.618,37.134949
-6.12788,105.53765,-64.105,37.135981
-6.08749,107.77097,-20.766,37.190171
-6.82218,107.24708,268,37.196462
-6.20891,107.73262,-4.578,37.211543
-5.89971,107.68403,-31.412,37.233156
-6.52898,108.94114,-16.684,37.245229
-6.39015,108.98513,-35.368,37.245583
-7.04784,107.90329,804,37.277013
-6.80371,108.41648,420,37.28489
-6.80486,109.56589,-6.624,37.294137
-6.95077,107.64528,676,37.294836
-6.50643,109.45006,-38.053,37.336821
-7.75863,114.24768,50,37.350846
-7.16253,107.86725,980,37.37627
-8.00602,112.17123,306,37.378422
-6.65723,111.88393,-26.276,37.381401
-7.08244,108.04082,826,37.41722
-6.04274,105.74629,-45.723,37.429909
-7.782,112.24157,188,37.434252
-6.76969,112.9879,-38.958,37.44751
-7.55156,110.18277,269,37.458164
-6.83331,113.68105,-14.473,37.47265
-6.76184,112.4199,-34.196,37.48409
-6.69056,112.44215,-46.743,37.502991
-6.45145,105.3269,-107.597,37.503127
-5.83566,105.51773,-46.426,37.510021
-7.29218,114.53566,-97.377,37.517962
-6.77178,113.84277,-41.234,37.525127
-6.55064,109.58856,-40.794,37.535269
-7.98685,112.17722,335,37.539446
-6.21901,107.72943,-3.477,37.544417
-6.11011,107.61768,-7.189,37.547801
-7.05474,109.62854,186,37.54884
-7.93579,110.9148,144,37.556866
-6.76082,113.84619,-42.018,37.581534
-6.5592,107.47575,97,37.589705
-7.03491,114.47374,-15.218,37.620142
-7.44381,109.93356,740,37.633939
-6.81274,107.25007,264,37.649621
-6.97602,111.07314,369,37.65519
-6.70818,112.15233,-23.303,37.676644
-6.19479,105.40647,-105.33,37.686054
-6.64693,111.88714,-28.43,37.691198
-7.37683,114.50921,-97.649,37.696732
-7.90587,113.63063,2081,37.70541
-6.83163,107.2441,276,37.723579
-6.52172,114.06292,-78.713,37.728383
-7.40953,109.51688,155,37.729655
-6.82245,107.71467,1506,37.72996
-8.05058,112.01608,107,37.729979
-7.04149,114.75652,-10.839,37.736979
-7.13129,108.60786,732,37.752054
-8.03248,111.51743,897,37.764916
-7.82107,112.22932,273,37.77983
-6.74279,109.01675,-5.391,37.803067
-6.07684,105.37685,30.546,37.812923
-6.959,111.50523,198,37.840419
-6.5406,112.48898,-49.631,37.849655
-7.75675,111.96531,80,37.855355
-7.34848,112.09008,91,37.877089
-6.31817,107.84385,9,37.885835
-7.72868,113.82868,345,37.888272
-6.76199,112.27733,-25.785,37.896846
-7.14627,114.5812,32,37.911073
-8.19418,113.68279,73,37.911426
-7.37477,109.45245,87,37.918267
-7.20179,110.71939,102,37.924919
-6.53991,112.20487,-49.914,37.925639
-7.09267,113.60017,75,37.927379
-6.86386,113.38584,-15.526,37.928157
-6.36548,108.84663,-51.969,37.950228
-7.25224,108.12869,689,37.969856
-6.94937,111.50833,137,37.986571
-6.55245,113.48289,-58.195,37.988734
-7.07377,111.04252,61,38.011388
-6.51894,108.94433,-16.762,38.017612
-6.31454,111.51573,-40.711,38.02261
-6.89884,111.09731,103,38.024642
-6.66567,108.60544,-7.504,38.043321
-6.71098,112.8635,-43.288,38.043447
-6.22067,111.22072,-53.045,38.060133
-6.32059,111.71024,-44.705,38.070593
-6.50039,112.50153,-52.612,38.077334
-6.16012,108.36764,-33.024,38.085679
-7.56319,113.88048,-86.581,38.100096
-8.17256,113.68959,86,38.102673
-6.79836,105.2771,150,38.102801
-7.14577,108.16247,479,38.117483
-6.93758,114.64625,-63.569,38.136141
-8.02911,111.50697,864,38.168148
-6.88568,112.09687,-16.349,38.171715
-6.97003,113.78099,79,38.200785
-6.48865,109.39464,-37.418,38.203882
-6.64501,107.44863,275,38.20408
-7.71918,114.54484,-369.71,38.214158
-5.75192,105.98263,-46.781,38.222642
-7.07704,112.74929,19,38.25433
-6.72098,112.43265,-40.391,38.260065
-7.14149,112.15868,30,38.267381
-6.82293,111.69046,54,38.272158
-5.93564,105.92468,-60.873,38.272731
-7.1567,114.57794,24,38.2836
-7.42784,111.07415,95,38.290632
-5.78568,105.53323,-33.404,38.291399
-6.8122,112.83194,-37,38.317661
-7.71813,113.83196,447,38.330691
-6.53884,109.55163,-44.789,38.334684
-6.45202,110.38558,-48.257,38.359623
-7.90495,111.20886,768,38.373477
-6.47327,109.52692,-35.028,38.378651
-8.07796,110.0177,-219.412,38.38457
-7.86008,111.79108,1538,38.40081
-7.05179,113.32726,95,38.401217
-7.22642,110.00166,1264,38.4234
-6.92525,114.50798,-22.785,38.426254
-6.70068,112.439,-44.184,38.464845
-7.77608,111.5331,156,38.469673
-5.82616,107.70724,-45.091,38.479927
-7.73664,111.97162,65,38.48398
-7.1982,110.01057,1058,38.48478
-7.12227,107.59132,1324,38.49175
-7.92479,113.91159,332,38.508881
-7.18594,111.5814,31,38.522505
-7.39621,108.2288,393,38.522557
-6.69405,110.73567,58,38.524397
-6.69456,113.43867,-53.323,38.525215
-6.15353,107.89546,-19,38.539281
-6.91898,110.74735,7,38.552012
-6.50888,108.94752,-16.673,38.556496
-6.04993,107.92797,-27.911,38.56261
-7.95072,112.76119,537,38.569233
-7.11165,113.59425,48,38.597389
-6.50115,113.49882,-54.878,38.606032
-7.0374,108.6372,95,38.620772
-6.71081,112.43585,-42.958,38.62251
-7.11945,114.01911,-3,38.650389
-7.6136,111.01591,324,38.684586
-6.88533,113.09421,-2.883,38.692055
-7.14279,109.60086,900,38.717351
-6.57058,109.21211,-42.103,38.737467
-6.53297,110.3603,-35.696,38.779649
-7.12285,107.44349,1297,38.7872
-6.69313,106.55754,714,38.78979
-6.03956,107.93119,-30.045,38.794821
-7.27058,112.40246,42,38.802921
-6.39297,105.34505,-117.105,38.827449
-7.11776,113.02171,28,38.833226
-6.68766,113.15584,-51.256,38.84211
-6.01886,107.93765,-35.389,38.854991
-6.81248,112.11975,-11.971,38.876255
-7.28701,114.67991,-111.267,38.879747
-6.45644,114.08291,-80.876,38.882932
-6.99095,107.63269,663,38.883375
-7.4231,108.94555,248,38.885182
-6.74979,113.84961,-45.662,38.890052
-7.4966,108.05121,751,38.897157
-8.18755,112.40177,291,38.90783
-6.63745,108.76198,-3.096,38.909645
-6.97657,108.21606,421,38.938182
-7.21825,109.71936,1379,38.9536
-6.91296,113.37056,78,38.968248
-6.49886,108.95069,-17.059,38.985393
-6.63829,112.316,-48.12,38.988212
-7.09059,113.45736,96,38.998432
-6.83734,109.83926,-16.568,39.0042
-7.13234,109.32083,358,39.013962
-6.91605,110.73811,7,39.017317
-6.02922,107.93442,-32.029,39.043974
-6.12253,107.90515,-19.447,39.049857
-7.11167,108.90028,120,39.078619
-6.84342,107.96752,367,39.079677
-6.71382,110.01966,-34.359,39.107727
-6.81018,107.67596,1184,39.11435
-6.85575,112.24808,-13.626,39.119728
-7.37148,109.44207,83,39.140247
-7.83573,113.08215,330,39.144879
-6.7827,113.83938,-39.708,39.159194
-6.84106,107.24111,281,39.171402
-6.55289,110.2124,-36.607,39.18952
-6.51002,109.65801,-44.6,39.200458
-6.42885,110.96116,11,39.210289
-7.12126,112.16504,26,39.211057
-7.16439,114.00507,-19.239,39.245428
-6.80329,107.25306,247,39.270114
-6.60217,107.46215,140,39.274788
-7.93249,113.90702,338,39.275888
-7.84963,109.09578,-107.423,39.288611
-8.21727,110.96823,63,39.306462
-7.93867,112.19241,409,39.313889
-6.88286,114.0929,-12.596,39.31404
-7.26117,111.55335,56,39.335317
-7.15155,106.12127,-2171.437,39.338879
-6.19375,111.13628,-50.949,39.381644
-8.0884,110.01442,-247.269,39.441506
-7.05469,113.61201,230,39.46214
-6.16665,111.04303,-55.782,39.49058
-6.51458,105.16176,11.042,39.492047
-7.23763,110.42292,548,39.493664
-6.79386,107.25603,252,39.501069
-6.88189,111.53007,277,39.503901
-6.6978,112.15558,-25.054,39.518486
-7.61298,108.43716,194,39.539607
-8.3668,113.05778,-240.909,39.542687
-6.82238,112.82877,-34.305,39.546241
-6.66753,111.88071,-25.496,39.54682
-6.56266,113.47971,-57.388,39.557176
-5.98508,108.23638,-36.639,39.587465
-7.18892,108.86977,496,39.63337
-7.2018,114.7065,-29.848,39.639322
-7.23588,109.99869,1451,39.64514
-7.50491,109.20403,198,39.670373
-8.25818,111.95081,235,39.68427
-7.18455,111.8617,23,39.731879
-7.54612,111.17903,776,39.738749
-6.56299,110.35089,-25.595,39.739734
-6.97725,114.77653,-83.267,39.743408
-7.70762,113.83525,317,39.762343
-5.85771,107.69728,-41.679,39.773798
-6.74485,111.99916,-14.488,39.781117
-7.0527,114.03991,-19.591,39.786756
-6.65906,113.59187,-49.799,39.790884
-6.85737,110.68458,4,39.795094
-6.53063,112.49211,-49.682,39.803162
-6.17321,107.59773,-2.415,39.806345
-6.12061,107.61437,-7.728,39.839649
-7.21701,110.00462,1107,39.85288
-6.94073,107.64844,679,39.854825
-6.95362,109.80255,68,39.85555
-7.21253,114.70318,-45.48,39.874282
-7.24387,113.6955,-3.371,39.901285
-7.38598,108.23203,372,39.909065
-6.83335,111.68721,79,39.916231
-6.77781,107.69965,1029,39.92392
-7.21472,109.29501,1202,39.94016
-8.20694,110.9715,127,39.944896
-6.6872,107.29,384,39.95547
-6.40765,111.809,-42.839,39.965715
-8.72931,113.65685,-962.027,39.969705
-6.51043,112.49839,-51.758,39.975407
-7.17669,111.55247,39,39.985115
-6.89144,111.527,283,39.996724
-5.66809,105.86451,-17.657,40.012087
-6.54702,108.49765,4,40.032235
-6.02169,107.93297,-33.542,40.066182
-6.77213,112.41667,-30.296,40.07214
-6.30927,108.57274,-23.827,40.077012
-6.84297,113.67803,-6.56,40.092138
-7.40612,109.09289,186,40.102722
-6.80857,107.69,1214,40.12712
-6.43392,111.89175,-44.103,40.13327
-7.189,108.00667,882,40.14202
-6.6964,107.31892,281,40.147719
-6.75184,108.43289,64,40.150952
-7.18271,109.0208,166,40.155041
-6.48885,108.95385,-16.839,40.16327
-6.84623,107.38492,449,40.166209
-8.58017,110.85394,-408.777,40.201921
-6.72089,108.73595,-8.915,40.218825
-6.77155,108.57194,14,40.221845
-7.29758,114.6766,-119.099,40.234876
-8.90906,113.88657,-2070.939,40.237384
-7.17216,108.44512,443,40.250721
-6.18893,105.55504,-80.474,40.250874
-5.88921,107.68733,-33.238,40.285026
-7.10693,109.47135,247,40.305106
-6.65602,113.16585,-53.963,40.318938
-6.94687,108.10647,286,40.337092
-7.36796,110.09901,2004,40.34334
-6.6703,114.72957,-77.075,40.348325
-7.15159,112.15553,14,40.355179
-7.06281,111.61543,95,40.363991
-7.13579,114.58447,11.724,40.391059
-6.93392,112.93666,55,40.393116
-6.74034,113.13943,-41.929,40.398258
-6.85664,107.38163,473,40.399561
-6.44403,111.09797,-5.545,40.415911
-7.46911,110.06727,1169,40.42287
-7.77487,108.83524,-22.902,40.422879
-7.96915,111.31965,817,40.423646
-7.22948,114.55523,-105.733,40.443538
-7.08659,105.70638,-1124.16,40.45255
-7.10351,109.6132,685,40.482409
-7.37891,111.37348,58,40.490623
-7.95347,114.00299,588,40.534185
-6.92062,107.65478,683,40.537109
-6.57483,112.05225,-41.48,40.543808
-6.52053,112.49525,-50.767,40.560771
-7.90938,111.91744,242,40.569573
-6.84723,109.83617,-15.38,40.571332
-7.01103,107.62635,688,40.576316
-6.54567,109.0789,-32.667,40.583741
-7.30272,111.54034,105,40.584689
-6.60259,109.62912,-28.601,40.597668
-6.40876,108.68661,-22.972,40.599841
-7.05796,108.45729,385,40.601662
-7.79699,113.50526,73,40.606612
-6.54821,113.91247,-77.401,40.649784
-7.80249,114.51873,-348.59,40.66169
-6.98166,112.92175,40,40.668551
-6.70081,112.86666,-42.722,40.673316
-6.46437,108.52377,-2.135,40.680609
-6.93631,110.80213,9,40.710099
-7.0499,105.86263,-1213.044,40.712899
-6.50418,109.51723,-42.416,40.723105
-7.05238,111.61871,83,40.741754
-7.76485,108.83839,-33.656,40.747031
-6.82061,109.98623,-26.147,40.778135
-6.55203,108.21067,28,40.781768
-7.21459,108.43171,417,40.800079
-6.10717,110.86488,-53.295,40.85144
-6.69867,114.15028,-74.996,40.859664
-7.13512,108.16585,473,40.862811
-6.99066,107.48541,994,40.88236
-6.9757,107.92601,1197,40.91366
-8.10731,113.85223,375,40.922113
-6.53114,114.05999,-80.204,40.931891
-8.20588,113.25177,31,40.934287
-6.19189,105.26469,-254.965,40.941444
-7.0832,113.60314,85,40.962249
-7.82593,113.08523,278,40.987071
-7.23182,112.41457,40,40.995792
-7.65657,114.56441,-300.964,41.010185
-6.80099,107.64706,1199,41.01553
-7.14142,113.29929,31,41.019713
-6.8232,110.44516,-18.172,41.030858
-6.55599,109.07565,-29.238,41.05899
-7.00135,113.34299,111,41.080208
-7.89669,113.63352,2002,41.08218
-6.4252,111.86427,-42.366,41.083408
-7.06855,107.89678,713,41.09096
-7.10429,111.74412,33,41.097418
-7.08258,105.56178,-97.686,41.103739
-7.02689,108.64048,123,41.107372
-8.24036,112.16926,278,41.118826
-7.60294,111.01926,357,41.131165
-7.6242,111.01256,311,41.134436
-7.17597,108.82918,463,41.138168
-7.33908,112.06059,84,41.142966
-6.66248,107.21259,626,41.145569
-6.99748,108.20944,480,41.17041
-7.90433,112.6333,504,41.203055
-7.20437,109.29822,1143,41.20917
-6.1489,110.99556,-53.832,41.256408
-7.38713,111.79774,270,41.259539
-6.98772,111.49597,114,41.276939
-7.12528,114.58775,-11.355,41.29351
-7.0737,113.6061,92,41.299502
-7.45893,110.07047,1085,41.30966
-6.96325,112.49865,24,41.309815
-7.60973,108.42692,178,41.326766
-6.16262,107.60106,-4.806,41.327964
-6.69335,107.30928,281,41.336562
-6.81133,111.12474,20,41.344691
-6.13107,107.61106,-10.808,41.349238
-6.97057,107.4918,842,41.349565
-6.75158,112.28057,-28.455,41.360981
-8.3492,110.21622,-761.11,41.3615
-7.42011,108.80281,134,41.365749
-7.73561,112.68615,477,41.370731
-7.15317,114.00858,-16.537,41.377355
-7.80263,113.8055,693,41.383401
-7.45891,112.20183,33,41.393198
-5.67818,105.86132,-16.081,41.396023
-6.98638,112.34972,6,41.402012
-6.78441,107.25901,253,41.424583
-6.86704,107.37834,578,41.442147
-7.52084,109.91233,909,41.446906
-7.15098,108.45182,562,41.467567
-6.06033,107.92472,-26.558,41.470819
-6.91075,113.65692,78,41.489576
-8.01568,112.16823,290,41.506194
-6.91097,108.9637,7,41.512643
-6.60782,109.05937,-23.835,41.523822
-6.55055,112.20155,-49.004,41.533608
-7.73617,113.68383,9,41.541326
-8.06749,110.02099,-199.902,41.548192
-6.86858,108.97708,5,41.554339
-6.62362,107.45538,173,41.57128
-6.93068,107.65162,681,41.582298
-6.94981,108.11573,302,41.609857
-7.93585,111.21592,1006,41.6169
-7.03112,107.62001,765,41.625435
-7.06104,109.05885,83,41.627739
-7.52247,109.90886,909,41.666785
-7.19868,108.00358,880,41.677712
-7.86121,113.70883,603,41.679659
-8.62868,113.54631,-804.241,41.683278
-7.0443,112.61731,4,41.715241
-7.31309,111.53709,106,41.731589
-7.03272,113.04829,83,41.734292
-7.00101,107.62952,663,41.751328
-6.55732,108.49441,3,41.75671
-7.74765,111.82644,674,41.761112
-8.1861,113.25797,31,41.76809
-6.81877,113.25723,-29.505,41.773042
-8.25412,109.96227,-356.93,41.777303
-6.67777,111.87751,-25.962,41.789891
-6.76292,112.56127,-30.798,41.796495
-7.10703,105.99016,-1943.849,41.798889
-7.9507,114.32969,232,41.801883
-5.99827,105.17627,-843.583,41.811399
-6.2533,111.32319,-47.887,41.841442
-6.98113,113.34924,144,41.843911
-7.1148,114.59101,-17.453,41.84877
-7.22706,108.71957,358,41.85999
-7.9165,111.48899,112,41.862052
-6.68741,112.15885,-28.236,41.873742
-5.98759,107.94741,-40.635,41.875339
-6.50254,108.22647,11,41.88887
-7.4325,109.22672,72,41.926482
-6.14154,107.60775,-10.738,41.928434
-6.79357,113.836,-35.778,41.930746
-6.77497,107.26202,226,41.941018
-6.70595,107.72227,489,41.945103
-7.3687,111.37666,61,41.94673
-6.86606,112.24485,-11.007,41.953504
-6.47887,108.95702,-19.788,41.960975
-7.39353,107.94104,1235,41.98245
-7.22779,107.99421,1120,41.99327
-7.09657,109.7576,936,42.000861
-5.87872,107.69064,-34.505,42.006632
-7.16714,114.57467,6,42.033677
-6.34024,108.56298,-18.624,42.043694
-6.66559,107.22229,603,42.049781
-6.15205,107.60441,-8,42.052571
-7.12743,109.46495,273,42.061553
-8.24515,113.23941,14,42.064376
-6.90108,113.65993,55,42.067435
-8.07416,114.38865,192,42.077189
-6.69839,111.87107,-24.183,42.081065
-7.14263,109.31759,483,42.103802
-6.75985,112.13619,-17.414,42.105595
-6.85262,113.67502,-5.493,42.113387
-6.90105,111.52389,303,42.120988
-7.38086,109.52591,191,42.121128
-6.11942,105.51092,-27.05,42.128672
-7.11111,112.16823,12,42.14001
-8.24371,112.17974,179,42.142408
-6.4747,108.5205,-1.277,42.147934
-7.60215,109.74137,202,42.153959
-7.51722,114.46534,-117.064,42.16768
-7.58576,110.59902,375,42.173898
-6.00847,107.94091,-37.623,42.19123
-6.62561,112.60413,-51.738,42.217015
-7.51045,109.8796,996,42.221305
-6.6129,107.45877,132,42.222416
-8.09695,113.85543,382,42.23185
-5.86823,107.69396,-36.46,42.232415
-6.63418,112.74516,-50.657,42.24306
-6.42554,105.48003,-84.227,42.250981
-5.96751,105.18592,-611.504,42.27629
-7.14194,114.01211,-17.128,42.286423
-8.56396,112.1413,-457.485,42.28849
-6.85052,107.23812,298,42.289843
-6.59405,105.42658,-74.552,42.323607
-7.42665,109.08648,139,42.35923
-7.13069,114.01562,-16.499,42.361801
-7.88535,111.21501,705,42.380498
-6.09389,105.43061,2.621,42.393484
-6.90746,105.327,-10.134,42.393634
-6.55943,113.90897,-74.328,42.403381
-6.32608,111.55201,-43.084,42.406984
-8.92826,113.88054,-2146.88,42.407999
-7.86753,113.72921,606,42.424582
-8.19599,113.25488,33,42.458238
-6.7455,110.20038,-40.524,42.466439
-8.44793,112.46275,-31.397,42.478825
-6.86227,113.67201,-12.778,42.480154
-7.12449,108.16921,504,42.48368
-6.81413,108.41318,629,42.503357
-6.12507,105.52876,-51.344,42.506107
-7.02713,107.90981,889,42.521898
-6.67457,112.58884,-50.925,42.53859
-6.16341,105.70817,-49.891,42.541682
-7.63376,110.86746,100,42.57
-7.1987,108.29141,1311,42.57071
-6.79637,112.69464,-38.167,42.579037
-6.87196,113.669,-22.238,42.586074
-8.43306,112.18248,-308.519,42.61939
-6.63665,111.89034,-30.859,42.628598
-7.43882,111.07072,103,42.635872
-7.90456,114.20194,541,42.642179
-7.63478,111.00925,297,42.680845
-6.68806,111.87429,-25.855,42.689215
-6.48357,109.52367,-37.809,42.706254
-7.38986,109.80799,677,42.774927
-6.67388,109.60685,-26.982,42.805693
-6.28424,105.37875,-110.723,42.835061
-6.79709,110.3627,-19.724,42.835298
-6.73439,109.58793,-22.129,42.84006
-6.76531,110.26266,-29.871,42.851834
-8.21271,110.54373,-129.009,42.908546
-6.53658,112.63192,-52,42.911477
-7.22444,108.98084,162,42.914376
-7.02499,114.47684,-7.287,42.914405
-7.96151,114.3263,277,42.93009
-7.03369,108.05644,559,42.953855
-7.61966,113.86285,-52.122,42.983732
-7.3169,107.8187,1332,42.99336
-6.93979,113.64787,188,43.023287
-6.89668,109.82071,-7.874,43.025576
-7.74551,112.68304,550,43.026747
-6.53673,108.50092,3,43.030943
-8.31811,110.22605,-610.711,43.050632
-6.9137,108.23596,313,43.073102
-7.11385,108.17259,527,43.089598
-7.07908,112.89139,42,43.105402
-6.70255,107.33816,216,43.105672
-7.16179,112.15233,15,43.113793
-8.81209,112.34817,-1237.117,43.114195
-6.70872,111.86786,-21.793,43.115344
-7.81545,112.66118,808,43.136515
-7.11331,109.61011,830,43.143334
-6.88168,113.66598,-13.118,43.145209
-6.68412,107.28035,510,43.157304
-7.43692,109.08325,151,43.160274
-6.54656,112.6288,-50.476,43.179157
-7.18729,110.29714,681,43.189961
-6.95561,108.2227,305,43.195114
-6.67635,108.60205,-8.039,43.196681
-7.18275,108.44179,442,43.198127
-6.47063,105.46575,-80.93,43.20453
-7.0179,111.06029,113,43.209456
-7.35764,110.10226,1550,43.21552
-8.20301,114.25063,424,43.219614
-6.65473,110.89063,796,43.231734
-6.92038,107.50766,672,43.258382
-6.69824,113.15255,-47.334,43.279641
-7.41638,109.08969,131,43.286676
-6.70381,106.55418,889,43.29298
-7.85972,109.0926,-98.959,43.308828
-8.92873,113.4521,-1816.319,43.31459
-7.10197,107.59769,1146,43.33356
-6.72985,113.14271,-42.614,43.334171
-6.46029,113.51141,-57.889,43.338147
-7.63477,111.29328,497,43.350985
-7.81294,114.51547,-288.9,43.364071
-6.21147,105.54788,-82.62,43.365924
-6.54303,110.35715,-31.561,43.366402
-8.09886,110.01114,-268.649,43.398838
-7.92705,111.77004,811,43.410204
-7.3056,107.96921,1014,43.426
-7.04348,108.05331,531,43.430535
-5.99987,105.90438,-45.779,43.441821
-6.66078,105.4054,-17.351,43.449766
-6.77461,112.70143,-42.644,43.451058
-7.11179,109.04296,82,43.453194
-6.44201,110.38871,-47.251,43.464934
-8.41794,113.04173,-384.075,43.467524
-6.4281,111.87341,-43.389,43.471992
-7.65518,110.71903,117,43.48229
-7.10678,110.7492,29,43.549784
-7.37807,109.46282,76,43.55499
-7.12074,107.88037,899,43.569982
-7.7251,109.27655,-30.31,43.572138
-7.06388,108.47598,354,43.619966
-6.24452,105.39107,-96.408,43.621802
-6.43503,111.10079,-4.008,43.624062
-6.8914,113.66294,16,43.633481
-7.36818,109.43166,89,43.666434
-6.68394,110.73882,73,43.674173
-7.35539,109.39282,129,43.680038
-7.44984,111.06729,107,43.687437
-8.1762,111.96765,105,43.698852
-6.62703,111.04071,52,43.708425
-6.91487,113.51218,83,43.719123
-7.01157,113.33982,98,43.744903
-7.05128,107.46622,1299,43.74769
-7.61498,114.43478,-100.845,43.788293
-7.65507,111.28693,573,43.802939
-7.51525,109.20077,96,43.804699
-8.1671,112.4082,275,43.874247
-6.05284,105.74309,-43.026,43.89026
-8.34211,112.35328,42,43.8917
-6.43101,111.88256,-43.896,43.912308
-7.00797,109.78549,268,43.92065
-7.85808,113.69864,605,43.939161
-6.08491,105.44058,-16.775,43.942976
-6.64862,112.31275,-47.172,43.94654
-6.72611,110.86831,160,43.946732
-6.92044,113.65392,63,43.947201
-7.28367,109.16637,1782,43.94896
-6.84804,108.6963,11,43.949625
-6.33042,111.70709,-43.27,43.958621
-6.77516,113.41352,-40.522,43.960285
-7.60012,110.45182,870,43.964386
-8.01372,111.74281,192,43.983749
-7.35478,109.38963,91,43.999007
-6.11605,110.8928,-53.4,44.019938
-6.07398,105.36784,6.749,44.031039
-6.89373,112.8065,-8.651,44.043003
-7.75545,112.67993,592,44.044696
-7.06686,112.75248,5,44.056559
-6.4835,109.0985,-31.043,44.059759
-6.52941,109.22493,-44.966,44.071826
-6.99531,108.65032,96,44.104697
-6.68136,111.16543,1,44.111085
-6.74118,112.28383,-32.074,44.113644
-7.01085,107.47904,994,44.13879
-7.13132,113.4446,37,44.143815
-6.53532,109.08217,-33.066,44.155931
-7.26447,112.12019,62,44.163248
-7.07898,107.89352,711,44.170481
-7.81296,113.55588,514,44.21688
-6.93532,114.50487,-22.99,44.236333
-6.24503,105.82691,7,44.258254
-6.57065,113.90545,-72.773,44.26566
-7.38471,109.48362,126,44.280395
-6.56633,109.07238,-26.985,44.285177
-6.12225,105.51985,-38.978,44.286071
-6.64548,113.16914,-50.812,44.305822
-7.93991,114.3331,189,44.323297
-7.78911,109.1148,-17.851,44.331875
-7.91744,111.77303,852,44.341141
-6.7825,112.41342,-26.919,44.384968
-7.29234,111.54359,117,44.398827
-6.95074,110.84773,8,44.407929
-6.44958,108.82049,-33.943,44.416591
-7.8993,111.92059,232,44.416965
-7.36484,109.42123,125,44.419827
-7.49414,108.05206,749,44.437371
-6.04271,105.26924,-120.267,44.438709
-6.7041,112.0119,-29.237,44.483672
-7.37726,112.22741,109,44.488077
-6.54259,111.63901,-39.592,44.489598
-7.70155,114.4077,-104.335,44.493853
-6.85711,109.83306,-15.275,44.519179
-6.96862,111.50212,146,44.520067
-6.49387,109.52044,-39.43,44.526129
-6.7387,113.85306,-46.228,44.527229
-6.56757,108.49117,2,44.540905
-7.26901,109.42057,264,44.578431
-6.63433,107.45201,202,44.591939
-7.0647,110.76236,14,44.606407
-6.58288,110.20303,-39.296,44.610943
-6.46892,108.96018,-22.741,44.616923
-7.11211,107.59451,1201,44.63126
-5.76629,106.12407,-48.229,44.640527
-7.31622,109.54746,400,44.643744
-5.77543,106.12119,-48.764,44.651743
-6.06499,105.44674,-14.592,44.653405
-6.89615,112.0936,10,44.682922
-6.96611,108.21936,321,44.696136
-6.52024,109.65482,-44.401,44.702188
-6.63497,113.1724,-48.995,44.723741
-5.81565,107.71057,-45.61,44.731645
-7.30256,114.53243,-94.84,44.735938
-5.75717,106.12695,-47.208,44.759048
-8.75829,113.64773,-1173.836,44.790241
-7.65193,110.43558,495,44.792467
-5.82142,106.10664,-100.031,44.854588
-7.87071,113.73942,587,44.866835
-5.78457,106.11829,-50.793,44.8695
-7.74364,111.40207,146,44.874174
-6.80405,107.65669,1196,44.87929
-7.38137,109.4732,100,44.88598
-8.22245,110.54067,-149.293,44.890785
-8.51155,112.87014,-349.744,44.890869
-6.55303,110.35401,-27.996,44.920011
-7.57145,114.44834,-120.123,44.923619
-7.87209,110.65091,161,44.943429
-6.94751,112.64747,-3,44.951401
-7.99731,113.74453,759,44.953024
-8.41297,112.331,-243.28,44.955529
-5.81214,106.10955,-67.832,44.956422
-6.21874,111.31006,-47.695,44.958639
-6.21246,105.25814,-211.079,44.965459
-6.68104,107.27069,336,44.995643
-6.9912,113.34613,111,45.009113
-6.92866,114.0786,4,45.015864
-5.79372,106.11539,-53.8,45.029677
-7.95026,113.9928,587,45.04508
-7.09861,108.76041,277,45.095027
-7.92909,114.33649,165,45.100871
-7.70048,111.69949,503,45.123238
-5.80291,106.11247,-58,45.138615
-7.79768,114.23543,115,45.155929
-7.89913,113.77524,372,45.156932
-7.204,108.43506,428,45.159701
-6.50223,109.94401,-42.791,45.221559
-6.21545,111.16944,-52.722,45.260402
-7.07706,105.7094,-1054.522,45.29379
-6.80446,113.83262,-30.638,45.296001
-7.44285,109.22348,86,45.310127
-8.06777,114.36826,304,45.322058
-7.26478,109.98966,1769,45.33106
-7.64492,110.01207,160,45.349692
-8.44312,110.75536,-302.791,45.352231
-6.8536,107.96432,422,45.363868
-7.46154,107.39447,194,45.365065
-8.11164,114.13703,2045,45.38057
-6.96934,109.08752,25,45.406464
-7.02176,113.33662,95,45.40668
-6.07074,107.92146,-26.416,45.418283
-7.86434,113.71901,593,45.424961
-7.02625,113.62091,206,45.441948
-7.96416,114.18332,922,45.469616
-6.11222,107.90839,-22.013,45.478916
-7.99492,114.13532,1276,45.48523
-6.93973,111.51145,122,45.486085
-6.27707,105.81682,3.065,45.497513
-8.16174,113.69297,108,45.529855
-7.19338,108.43843,451,45.536264
-7.91507,113.62775,2115,45.54102
-7.56151,109.328,275,45.551988
-6.45406,108.52705,-1.343,45.577249
-7.08875,108.76354,172,45.590562
-5.99804,107.94416,-40.365,45.59638
-5.97196,105.76865,-70.476,45.609679
-7.36152,109.41077,129,45.61125
-8.11758,113.84907,365,45.614684
-7.96811,110.90466,147,45.620305
-6.48504,108.51723,1,45.638843
-6.7088,113.14926,-42.691,45.644745
-6.71934,113.14598,-42.109,45.659713
-5.83072,106.1037,-125,45.664845
-6.93041,107.50449,659,45.669095
-6.69028,107.29964,317,45.698234
-8.50205,112.87313,-334.101,45.712502
-6.90851,107.36521,635,45.718349
-7.07944,108.62408,189,45.722086
-7.31875,107.67548,1535,45.73761
-7.24823,110.4196,532,45.741837
-7.17977,111.5621,35,45.746598
-6.69947,107.32855,225,45.76
-8.73044,112.23119,-937.655,45.762319
-6.8792,108.97371,6,45.770228
-7.7861,111.52993,157,45.793276
-6.76585,110.71321,9,45.797736
-6.91421,112.80011,-5.21,45.817338
-6.74342,109.15811,-14.933,45.823702
-7.10099,112.17139,13,45.829234
-6.59934,111.0494,20,45.846574
-7.80977,113.54581,362,45.848498
-6.07493,105.44367,-12.431,45.85402
-6.80863,113.2604,-30.959,45.855845
-7.5596,111.03288,335,45.873153
-7.02082,111.06958,95,45.876616
-6.9434,112.9337,53,45.884349
-7.81613,113.56598,533,45.893844
-7.15007,110.30885,661,45.894013
-7.17204,112.14913,18,45.908307
-7.31291,114.52918,-94.694,45.930533
-7.59222,111.02264,375,45.939715
-7.15942,110.30588,756,45.965515
-6.7308,112.28709,-34.105,45.972321
-6.31962,107.69768,9,45.97688
-6.62881,108.47179,3,45.986605
-7.09275,112.45813,5,45.988089
-7.86981,109.08944,-97.655,45.994988
-6.39997,108.98204,-35.513,45.996438
-7.93673,111.76704,739,45.999384
-6.94538,114.50172,-30.544,46.036919
-7.18376,109.30469,896,46.059419
-6.46514,112.0865,-50.526,46.065558
-6.50527,112.07395,-47.446,46.090081
-8.07097,114.37848,264,46.096941
-8.21443,110.25874,-286.685,46.102449
-6.56119,112.19823,-48.338,46.11714
-7.01637,108.64377,115,46.119726
-7.17926,108.00978,857,46.122985
-7.5666,109.18468,12,46.156715
-7.17756,114.57141,-27.092,46.159169
-7.07278,108.04393,707,46.181109
-7.87482,114.35352,392,46.187889
-6.44701,114.08599,-81.122,46.189503
-7.08944,107.89024,736,46.19232
-6.66869,107.23198,462,46.194276
-6.75996,112.99094,-40.403,46.194772
-7.69074,114.41107,-58.605,46.198544
-6.6518,110.03902,-36.432,46.199385
-8.39795,110.48541,-321.507,46.206013
-6.8763,112.24165,3,46.222774
-7.32337,114.5259,-96.61,46.24557
-7.0609,108.4666,361,46.248926
-7.27468,109.98656,1851,46.2566
-7.04703,111.15267,58,46.272603
-7.04113,107.46945,1153,46.30518
-7.1126,107.44673,1227,46.32636
-7.38996,112.22021,60,46.347419
-7.72444,110.41279,231,46.353708
-8.55301,112.14473,-445.387,46.361677
-7.01841,113.47987,145,46.363781
-7.9773,112.18025,351,46.393588
-7.36608,114.51257,-98.598,46.395389
-7.76685,111.96216,93,46.414625
-7.64495,111.2901,520,46.417828
-7.14164,108.60463,651,46.427194
-6.07113,105.35882,-2.743,46.428607
-6.74765,111.57317,38,46.440832
-7.47807,109.07036,59,46.451156
-7.03937,105.86597,-1103.284,46.457986
-7.71237,114.40431,-111.215,46.473724
-7.17176,109.59171,669,46.485649
-6.51118,111.92951,-40.559,46.512529
-7.26278,108.12536,594,46.565963
-8.10932,110.00784,-299.479,46.576773
-6.58187,113.90196,-70.176,46.611847
-7.02668,111.08828,71,46.625599
-7.13757,109.46177,551,46.628744
-8.27299,114.37132,-1.473,46.629863
-6.1049,105.43437,-45.871,46.630749
-7.24293,109.57042,900,46.634518
-7.7685,114.24459,61,46.642445
-7.6645,111.14192,1207,46.64435
-6.89565,113.091,7,46.647232
-6.34021,111.70396,-42.064,46.677432
-7.10431,114.59428,-10.419,46.69572
-6.93011,113.65089,124,46.696747
-6.79487,109.56901,-7.654,46.71345
-7.87991,109.08626,-94.835,46.715815
-6.54194,108.21387,21,46.717061
-7.07567,110.33215,223,46.717672
-7.03103,107.47267,1119,46.72169
-8.25493,113.23635,8,46.731774
-6.40989,107.8151,19,46.734257
-6.71908,111.86465,-21.05,46.73628
-7.0533,108.05017,575,46.740004
-6.49162,109.40392,-35.278,46.740707
-7.33394,114.52261,-102.536,46.742347
-7.19836,109.44269,739,46.746499
-8.67176,113.67494,-739.855,46.752469
-7.11031,107.88365,817,46.781449
-7.76535,112.67685,657,46.831488
-7.21981,109.57658,1015,46.84566
-6.8898,108.97038,7,46.85259
-7.04119,107.61685,719,46.855277
-7.73929,113.82537,295,46.879453
-6.72048,112.2903,-35.965,46.884717
-7.72648,111.97479,65,46.893515
-6.51231,108.22334,13,46.977805
-6.86761,110.68139,4,46.981209
-7.09988,107.88695,787,46.9849
-7.03466,108.48868,339,46.986349
-6.95537,114.49855,-24.072,47.021301
-7.40643,108.22557,391,47.033536
-6.55115,109.64518,-45.886,47.036761
-7.02963,111.0976,72,47.042099
-6.91077,111.52077,345,47.057974
-6.5264,108.50417,3,47.088962
-6.43199,110.39184,-45.679,47.091809
-7.00801,113.48311,124,47.097485
-6.5629,110.20928,-35.869,47.108948
-6.68701,108.59868,-7.317,47.128429
-6.31955,110.85263,-38.897,47.134761
-8.75437,112.36635,-1099.597,47.145515
-7.00584,108.64704,113,47.17088
-6.65885,112.30955,-44.196,47.174695
-7.1529,109.31435,481,47.175064
-6.7852,111.98657,-25.2,47.177735
-7.0996,110.60878,23,47.177843
-8.8216,112.34517,-1272.61,47.205742
-8.57492,112.13786,-465.16,47.206379
-6.78551,112.69804,-41.058,47.272939
-7.45803,107.38337,171,47.295204
-6.82889,113.25406,-27.959,47.302983
-7.35816,109.40023,109,47.306544
-7.097,105.99334,-1849.672,47.309995
-8.422,112.18594,-327.354,47.314058
-6.91885,107.36194,719,47.31603
-6.46005,108.81723,-30.838,47.363912
-7.29986,108.40464,167,47.366226
-7.05126,107.61368,761,47.370846
-6.85998,107.23513,312,47.376613
-6.90038,108.96705,7,47.37732
-7.04519,113.61498,141,47.39177
-6.9763,112.35287,6,47.392217
-7.50454,108.04877,691,47.416588
-6.96532,114.49546,-13.477,47.435861
-7.18827,108.29472,1292,47.45219
-7.55634,109.18789,14,47.460899
-7.55607,111.1759,879,47.461484
-6.46104,105.32393,-106.26,47.483338
-7.43248,109.79466,613,47.487558
-6.39892,111.78144,-40.728,47.502385
-6.16386,107.89225,-11.243,47.535512
-6.06286,105.73991,-43.06,47.544485
-7.44141,108.79607,98,47.550613
-6.24484,111.16027,-50.408,47.606762
-6.56036,109.2153,-42.502,47.61508
-6.37266,111.69871,-39.705,47.615495
-7.01508,114.47995,-8.583,47.624433
-7.3285,107.67237,1489,47.62804
-7.17797,110.30008,763,47.629444
-6.88408,113.52178,-10.555,47.638601
-6.83317,112.53932,-1.899,47.639321
-7.39587,109.09609,181,47.663031
-6.25742,108.58907,-23.023,47.690208
-6.20018,105.55147,-82.694,47.702565
-7.4033,107.9379,1288,47.71217
-8.75978,113.81548,-1111.223,47.72328
-7.14088,106.12464,-2105.954,47.73752
-8.00412,111.74583,201,47.775195
-6.71013,112.29354,-36.436,47.799898
-7.45319,109.22024,43,47.800104
-7.04185,113.33036,84,47.802116
-7.9723,114.32291,326,47.816369
-7.27051,109.4195,264,47.817578
-8.40773,110.48232,-352.588,47.830678
-7.03257,111.10688,108,47.87579
-6.60062,110.05499,-38.1,47.875879
-6.20217,105.26142,-255.576,47.877992
-7.06308,108.04705,638,47.889789
-6.65371,110.74828,114,47.984507
-7.94707,113.98264,553,47.988091
-6.57289,110.20616,-37.065,47.992211
-7.60832,113.86641,-61.654,48.005696
-6.06828,105.34981,-6.013,48.019914
-8.26284,114.37449,-0.201,48.022891
-6.70166,113.00909,-49.164,48.02428
-6.30353,111.28353,-47.726,48.027369
-6.63597,113.31416,-48.327,48.050295
-7.61214,113.86513,-58.037,48.061497
-8.41081,110.19681,-939.063,48.080746
-7.20762,110.00759,979,48.11762
-8.07631,113.86191,399,48.123555
-8.23175,112.53064,507,48.126633
-6.27432,105.38181,-100.129,48.159529
-7.17258,109.02395,185,48.167491
-6.35807,111.6527,-39.625,48.168801
-7.98076,113.60725,2349,48.16997
-8.08662,113.85866,380,48.182782
-7.97115,113.61024,2397,48.1836
-6.67702,112.16209,-30.08,48.195843
-7.34664,112.237,83,48.209345
-8.2438,109.9655,-362.96,48.214844
-6.88649,112.23846,18,48.233691
-6.74864,105.11727,-519.789,48.261981
-7.0168,107.91307,936,48.279777
-7.08616,111.89247,55,48.282941
-7.0694,112.8944,56,48.302307
-7.48421,109.21051,26,48.317787
-7.57684,109.18147,11,48.331254
-7.3446,114.51929,-102.144,48.340226
-6.92447,112.93961,86,48.340775
-7.98098,110.47483,128,48.389194
-6.40949,110.54052,-40.468,48.401274
-7.62737,109.16559,7,48.403195
-7.97583,111.34054,865,48.411007
-5.82803,105.95863,-64.672,48.41651
-6.25447,105.38798,-103,48.437349
-6.94043,107.50132,668,48.451052
-6.60626,108.77171,-8.143,48.45458
-7.52803,114.46196,-116.713,48.478572
-7.1823,112.14593,19,48.513937
-6.45898,108.96333,-26.2,48.530521
-7.54609,109.19111,17,48.54405
-6.97973,110.93958,312,48.575526
-7.97095,110.478,112,48.589106
-7.01497,111.051,113,48.599592
-7.1687,110.30296,744,48.616935
-6.06545,105.34083,-17.178,48.619072
-6.69977,112.29678,-38.407,48.626284
-8.06458,114.35803,365,48.646344
-8.44414,112.17899,-275.503,48.66553
-6.81537,113.82921,-26.183,48.67021
-7.02373,111.07891,83,48.682957
-6.34998,111.70084,-40.713,48.691368
-6.79478,109.14208,-10.459,48.697893
-6.94794,114.64301,-51.456,48.723124
-7.54405,108.21964,357,48.756392
-6.9782,111.49904,117,48.763566
-7.90182,110.64154,187,48.77199
-6.95287,112.93076,55,48.784589
-8.20498,113.67939,76,48.806015
-7.63731,110.58284,321,48.828554
-7.03748,107.90655,766,48.846574
-6.65937,107.20289,577,48.885515
-6.52496,105.15846,32.868,48.90498
-6.90393,112.80331,-6.809,48.911625
-7.67991,114.41447,-37.018,48.918248
-6.35971,111.69771,-39.614,48.919893
-6.9495,113.64485,172,48.929066
-7.20662,106.24988,-1225.966,48.942915
-6.67184,106.56426,746,48.952443
-7.6173,109.16875,7,48.981935
-7.81613,113.08826,215,48.985798
-6.91621,113.08459,45,48.989752
-7.01977,111.05947,113,48.997931
-6.33374,105.36339,-114.65,49.018383
-6.43757,111.67274,-39.771,49.019251
-6.82294,111.83218,35,49.02807
-7.35533,114.51594,-99.782,49.032306
-7.74572,113.68085,11,49.06537
-6.9962,107.91955,1106,49.06549
-7.52014,110.05127,588,49.070928
-6.9753,114.49237,-1.542,49.083177
-8.61809,113.54962,-768.003,49.092876
-7.8002,113.51545,75,49.102622
-7.36384,109.9586,953,49.10513
-8.11977,110.00454,-315.557,49.109987
-7.70885,114.54807,-369.112,49.113862
-7.46504,107.40556,226,49.122245
-7.08473,110.32929,260,49.128102
-6.79331,108.41979,259,49.148256
-6.89415,107.95156,733,49.162825
-6.86376,107.96111,428,49.19226
-7.41297,107.80719,1468,49.21456
-6.81953,110.83907,19,49.283983
-8.51466,112.29907,-469.444,49.284556
-7.11236,113.16563,57,49.286694
-7.41036,109.51793,155,49.307329
-5.84001,106.10076,-95.29,49.311142
-6.06259,105.33188,-40.784,49.337026
-5.68823,105.85815,-13.163,49.356853
-6.6235,112.74852,-50.617,49.357295
-6.43965,110.53108,-24.36,49.363979
-6.80712,107.66632,1177,49.36916
-8.09011,111.71883,108,49.401469
-7.03547,111.11611,84,49.409169
-7.79163,112.23852,207,49.425283
-7.09182,107.60089,1078,49.46571
-7.49455,109.20728,120,49.496792
-7.20837,108.00047,911,49.520933
-6.71623,107.71902,513,49.533237
-6.57816,113.61709,-50.52,49.535081
-6.89666,112.23529,55,49.538076
-7.19287,109.01763,180,49.54969
-6.66901,112.30638,-42.971,49.586
-6.867,109.82998,-18.62,49.606964
-7.10711,113.02501,15,49.607078
-7.89003,109.08308,-90.59,49.626883
-7.06754,105.71243,-953.003,49.62924
-7.96088,110.48117,123,49.630519
-7.19095,113.2838,25,49.705347
-7.64537,111.00592,292,49.739695
-6.30793,107.84704,8,49.763276
-6.88791,111.10074,70,49.770789
-6.61936,114.74549,-68.555,49.77113
-6.15188,111.00494,-55.508,49.774852
-6.81525,111.97721,23,49.784741
-7.63746,109.16243,6,49.790207
-7.78496,111.8147,1324,49.80949
-7.21807,107.99734,972,49.83573
-7.47388,109.21375,25,49.835771
-7.18134,109.58871,657,49.838834
-6.58482,112.04914,-39.564,49.843487
-7.28195,111.54685,98,49.853196
-7.5725,109.32455,197,49.883547
-6.68947,112.29999,-39.427,49.890618
-6.67385,110.74199,89,49.895094
-6.31298,108.7169,-28.514,49.896219
-6.29896,108.57597,-26.723,49.901745
-6.40475,111.79983,-41.269,49.929476
-6.58286,105.43013,-74.635,49.93
-6.79287,112.41019,-21.216,49.938495
-6.57668,109.06914,-25.435,49.943537
-7.58701,109.17826,9,49.947541
-6.15486,111.01434,-55.863,49.953002
-6.76218,108.42962,82,49.953564
-7.00074,107.48222,912,49.960462
-7.19653,106.25309,-1274.702,49.960913
-6.90596,113.08779,21,50.002176
-7.29517,109.55402,502,50.00442
-7.27276,109.70216,951,50.00845
-7.45209,108.79268,64,50.01215
-7.90543,113.06032,1232,50.01291
-7.04417,111.14358,66,50.034225
-6.62631,111.89359,-31.671,50.038114
-7.19461,107.42079,1930,50.03993
-6.87971,113.23826,-8.854,50.040826
-7.31525,109.54658,400,50.041337
-7.00518,114.48305,-13.193,50.059494
-7.13669,113.72905,-8.043,50.067691
-6.81937,107.70498,1358,50.06867
-7.78485,108.83211,-6.082,50.079601
-7.46354,109.217,33,50.113596
-6.70475,113.4355,-51.017,50.129793
-7.14447,109.17488,788,50.134399
-6.49097,113.50201,-48.812,50.139045
-6.96238,112.9278,67,50.168527
-6.67921,112.30319,-40.465,50.174171
-7.063,111.04592,71,50.195666
-7.27155,111.55011,74,50.20215
-6.88209,112.66794,-5.008,50.203068
-7.37543,109.10252,274,50.204457
-6.9853,114.48926,1.151,50.225118
-8.06593,113.86518,392,50.234346
-7.04157,105.43031,-24.091,50.238691
-6.76103,108.57526,4,50.25455
-6.68126,111.59447,4,50.271499
-8.23704,112.15877,293,50.277052
-7.87764,113.78199,411,50.288206
-7.0597,112.89743,59,50.312677
-7.37142,109.52888,195,50.325797
-7.30565,109.55075,548,50.338741
-7.52985,109.05411,29,50.354983
-7.44718,109.08004,200,50.363168
-7.80528,112.66434,784,50.380346
-7.38563,109.0993,193,50.381335
-7.27333,108.12204,565,50.419509
-6.47058,113.5083,-52.74,50.424976
-8.18347,110.26838,-233.564,50.43559
-6.74451,109.58477,-18.933,50.444257
-7.09373,109.61627,549,50.447503
-6.01052,105.90099,-40.419,50.472829
-6.57185,112.19491,-47.897,50.476818
-7.00648,107.91632,939,50.49017
-8.71544,112.37859,-996.971,50.49496
-9.00378,112.85903,-1776.518,50.500949
-6.53193,108.21709,20,50.561843
-7.72319,114.40093,-110.917,50.579877
-6.40183,111.79064,-40.569,50.592315
-7.60723,109.1719,7,50.607955
-8.13023,110.00126,-329.694,50.613373
-6.07285,105.73674,-45.679,50.613877
-7.57184,109.89337,589,50.635006
-8.70324,113.52285,-1180.785,50.639399
-6.78439,109.00363,-3.789,50.650447
-7.99811,114.14551,1108,50.65811
-6.49539,108.51396,2,50.666542
-7.31691,109.68826,839,50.673074
-7.36521,109.10574,370,50.674323
-6.93012,111.51456,135,50.720077
-6.53977,109.22171,-43.887,50.734347
-7.62586,114.43138,-100.111,50.75882
-6.08116,107.91818,-25.412,50.783147
-7.37944,109.52763,191,50.785143
-6.59305,113.89848,-66.774,50.801075
-7.95606,111.76095,833,50.80432
-6.52208,108.22024,22,50.808675
-8.27657,110.23913,-428.163,50.815985
-8.33568,114.209,160,50.839898
-6.39817,108.68998,-24.597,50.841981
-7.43842,109.50784,104,50.860395
-6.69764,108.59532,-6.469,50.870114
-7.25084,109.70904,1050,50.88983
-7.53584,109.19432,17,50.890179
-5.77565,105.5363,-30.42,50.943782
-6.27929,105.52638,-99.475,50.95919
-7.02455,107.03706,1192,50.9608
-6.59744,109.06262,-24.207,50.963504
-7.09087,112.17454,11,50.964451
-8.19662,110.97475,154,50.988746
-6.35063,108.55969,-16.841,50.991405
-6.99526,114.48616,4,50.995124
-8.52102,112.86716,-400.085,51.00018
-6.57779,108.48794,2,51.002503
-8.02334,111.7398,128,51.023918
-7.19262,112.1427,22,51.065712
-7.92162,113.9015,314,51.069499
-6.40981,108.9789,-37.35,51.092647
-7.98625,113.74798,660,51.097386
-6.2644,105.38488,-98.162,51.115815
-6.95919,113.64184,171,51.134576
-7.98476,113.03547,1751,51.14359
-8.38812,110.48849,-291.914,51.17344
-7.04998,112.90047,86,51.174338
-8.89948,113.88955,-2006.299,51.174585
-6.95903,108.36734,1102,51.18253
-8.18021,114.11557,922,51.223269
-7.70749,110.5608,188,51.243988
-6.4391,108.82375,-36.347,51.247743
-7.12225,108.89693,173,51.249572
-8.28317,114.36815,0.271,51.256683
-7.50703,109.86883,782,51.261999
-8.17482,111.97704,103,51.296737
-7.77829,114.24151,74,51.30285
-6.96806,110.90266,249,51.303506
-7.10234,107.44999,1217,51.31761
-7.66018,110.29066,233,51.331525
-7.5606,114.45174,-116.336,51.333026
-7.02095,107.47586,977,51.3457
-6.86948,107.23213,329,51.34574
-6.52496,109.08547,-32.367,51.358401
-6.82635,113.82578,-21.394,51.358864
-7.07177,105.56521,-80.146,51.36377
-6.64463,112.03047,-29.172,51.395735
-7.59714,109.17507,8,51.404052
-6.73232,114.71023,-80.882,51.405246
-6.95047,107.49815,677,51.421085
-7.58144,111.02603,357,51.437838
-6.98267,110.94887,319,51.440341
-8.89696,114.03247,-2058.927,51.442324
-7.21911,114.55847,-92.37,51.487285
-6.93916,110.81112,9,51.497194
-6.41863,114.09514,-76.746,51.50865
-6.17416,107.88902,-9.535,51.513216
-6.66008,105.11534,-80.047,51.527489
-8.22255,112.53355,494,51.540695
-7.33744,109.54076,256,51.546289
-6.46985,110.94839,62,51.54725
-7.03838,111.12528,88,51.547399
-7.37573,108.23528,371,51.55257
-7.90987,113.77186,386,51.558128
-6.1019,107.91165,-23.642,51.592553
-7.22905,109.71593,1232,51.59606
-8.17043,114.11863,1003,51.60461
-6.60854,111.0465,33,51.617876
-8.26452,109.95899,-319.322,51.625647
-7.2167,106.24667,-1042.786,51.628055
-7.26178,109.70562,988,51.64368
-8.66161,112.11057,-758.939,51.658394
-7.11479,111.74085,25,51.705331
-6.96052,107.49498,746,51.709358
-5.80515,107.71389,-46.013,51.726181
-6.97198,112.92479,116,51.771114
-7.87919,111.78506,1394,51.78047
-7.52557,109.19754,17,51.789673
-7.28659,109.55559,541,51.800816
-8.42816,113.03851,-404.737,51.824167
-7.78799,114.23847,93,51.839357
-7.31532,107.96611,951,51.85726
-7.91423,112.63021,499,51.886811
-6.5305,109.65163,-44.536,51.897781
-6.09575,105.87414,-21.616,51.906482
-7.28389,108.1187,544,51.935898
-8.20297,110.54679,-102.142,51.936337
-6.43759,114.08906,-80.397,51.967653
-6.51607,108.50743,4,51.988464
-8.00953,113.59822,1979,51.99447
-7.12704,114.7298,-6.371,52.003601
-7.97246,111.33009,937,52.023576
-8.67244,112.10717,-767.942,52.035438
-7.94388,113.97254,519,52.036445
-7.355,109.10896,479,52.053132
-8.1834,113.54367,97,52.073151
-7.71062,111.6963,506,52.088822
-6.18445,107.88579,-10.405,52.108658
-8.17331,113.54683,156,52.127545
-7.21856,109.43637,646,52.130272
-7.25891,112.55032,9,52.141017
-6.75322,109.01346,-1.515,52.144084
-7.01677,113.62388,387,52.150561
-6.97678,110.93027,325,52.1611
-6.72763,113.85652,-44.337,52.170914
-7.02884,105.86931,-938.754,52.176832
-7.23344,113.69875,-7.312,52.183991
-6.11011,110.87418,-53.102,52.202573
-7.23991,109.71252,1086,52.21784
-7.20303,109.01444,246,52.266768
-6.8723,111.53316,303,52.267105
-5.98806,105.17946,-741.1,52.282757
-7.77522,112.67376,719,52.319605
-6.89442,114.08929,-12.191,52.336444
-6.47122,107.79588,37,52.343825
-7.3422,112.07043,84,52.357604
-7.08702,105.99651,-1703.174,52.40881
-6.18104,105.84716,29,52.424687
-6.78483,109.57215,-8.568,52.43733
-8.15693,112.4114,247,52.446057
-7.28376,109.69872,877,52.449835
-6.73466,112.00236,-17.601,52.455077
-7.91826,114.33987,133,52.460216
-7.29448,108.11535,540,52.470879
-7.96569,111.75791,765,52.496687
-6.96886,113.63883,185,52.498899
-7.03573,113.61795,151,52.525008
-7.57057,111.02944,341,52.526005
-7.03185,113.33348,90,52.531067
-8.057,110.02428,-186.361,52.535991
-6.50573,108.5107,3,52.546934
-7.18644,106.25629,-1403.892,52.557125
-6.56816,113.6202,-51.742,52.581481
-6.8695,113.2414,-9.803,52.593277
-6.56283,111.2025,-4.038,52.604811
-7.85491,113.68841,592,52.614584
-7.83025,109.3861,-48.826,52.624591
-6.90687,112.23211,54,52.627772
-6.93846,108.37386,1387,52.63333
-6.09155,107.91492,-24.627,52.672463
-7.35143,109.37904,88,52.696166
-7.08987,108.62082,216,52.701096
-6.82303,112.54248,-1.934,52.747998
-8.26865,111.94751,159,52.78718
-6.36942,111.6946,-39.043,52.791989
-6.18485,105.40956,-93.686,52.795252
-6.30281,111.47879,-42.06,52.797843
-7.80659,113.53573,167,52.810039
-6.55223,111.20581,-2.514,52.811048
-7.18798,114.56817,6.014,52.823766
-7.25884,110.41629,479,52.860867
-7.30504,108.11199,510,52.866459
-7.5389,114.45855,-115.085,52.875969
-6.57348,111.19918,-4.884,52.880312
-6.9663,112.35598,10,52.892031
-7.04127,111.13445,74,52.898971
-6.82219,111.12132,23,52.914903
-7.01204,112.62737,2,52.93125
-6.23706,105.9754,563,52.969925
-6.44909,108.96646,-29.903,52.990443
-6.4143,105.48359,-84.738,53.021785
-7.35807,112.12004,102,53.027914
-7.91475,111.20581,867,53.032358
-8.31424,113.21775,-188.355,53.084787
-6.89596,107.94598,608,53.087559
-8.06142,114.34778,424,53.092718
-7.66706,114.56114,-329.151,53.096334
-5.91552,105.49302,-26.172,53.102512
-7.24406,107.55312,1260,53.18701
-6.94095,110.8011,10,53.208201
-7.68537,110.85123,103,53.233429
-6.62709,108.76522,-4.475,53.240365
-6.87389,107.95792,463,53.254327
-8.06643,113.58035,1021,53.261237
-7.18284,111.57174,31,53.285036
-6.92917,107.35869,656,53.292273
-7.09385,114.59754,-6.782,53.299751
-7.1632,109.31113,572,53.342078
-7.78566,110.96193,181,53.365652
-8.3243,113.21464,-211.312,53.367513
-6.98562,110.95816,211,53.384536
-7.34799,109.53746,276,53.393348
-8.46338,112.3152,-194.401,53.417035
-7.03667,111.90795,219,53.429238
-6.49534,112.07706,-48.142,53.472166
-7.50765,108.04771,691,53.476558
-6.91754,111.80259,210,53.478114
-6.58704,109.06588,-24.634,53.501189
-6.42813,114.09209,-77.978,53.507572
-7.08277,112.46125,5,53.512523
-7.75372,111.39892,150,53.523158
-7.2029,112.1395,27,53.530167
-6.08288,105.73358,-49.673,53.534068
-6.82678,110.69415,4,53.534373
-6.82106,107.10118,579,53.563058
-7.12529,111.73756,27,53.605944
-6.67795,107.26103,355,53.608569
-6.54179,111.20909,-1.423,53.613795
-5.92491,105.92807,-56.172,53.624653
-6.83741,108.6996,8,53.630011
-7.9292,111.19511,994,53.66006
-6.9046,113.51538,47,53.664351
-7.24542,108.57223,216,53.667019
-7.12312,109.60704,721,53.696312
-6.66375,110.74515,87,53.699076
-7.16948,108.01292,794,53.707904
-6.86563,114.66868,-76.506,53.727549
-6.7579,113.27619,-43.218,53.739346
-6.87375,113.38277,-12.156,53.744944
-7.01202,111.04175,119,53.745395
-8.16324,113.54997,167,53.759013
-7.80342,113.52562,89,53.771238
-6.05976,105.32293,-60.677,53.792995
-7.61044,110.4486,773,53.795115
-6.79845,113.26358,-32.945,53.821887
-6.54181,109.56086,-50.391,53.822044
-8.2134,113.53423,36,53.828781
-7.90574,113.85091,240,53.866542
-7.22772,108.99101,212,53.869547
-7.36902,109.53089,193,53.880634
-6.58413,111.19586,-5.963,53.88866
-7.27038,109.12461,1590,53.92012
-9.22318,114.07331,-3613.233,53.93134
-7.92796,113.92172,364,53.954905
-7.31558,108.10866,494,53.961367
-6.77477,109.57531,-9.889,53.972344
-6.83739,113.82236,-21.326,53.998963
-5.84557,105.51466,-41.25,54.016056
-6.30975,107.7008,7,54.036085
-8.49256,112.8761,-317.398,54.038383
-8.05414,114.15507,1509,54.04812
-6.63546,112.60105,-51.896,54.053556
-6.55186,111.63607,-39.798,54.076582
-6.95833,114.63978,-34.41,54.098656
-6.19079,111.12695,-50.76,54.110036
-6.50344,109.44075,-36.221,54.110134
-6.5501,109.21852,-42.525,54.116347
-7.90785,111.77604,952,54.125527
-6.49382,109.09525,-30.762,54.13937
-5.96188,105.77182,-89.883,54.147874
-6.89433,113.51859,4.047,54.150927
-7.24343,109.00178,220,54.15272
-8.14669,112.4146,301,54.164637
-8.34675,114.20554,152,54.24803
-8.0194,113.7376,660,54.253213
-8.26474,113.23329,10,54.253445
-7.06137,107.61051,770,54.259013
-6.13697,110.95821,-51.474,54.26527
-6.5477,109.57935,-47.588,54.27445
-8.2337,112.14826,331,54.29158
-8.01894,113.59525,1871,54.31453
-6.30068,109.01343,-60.183,54.334506
-5.8493,106.09783,-55.074,54.348094
-7.25424,112.12341,60,54.35962
-7.66911,114.41787,-4.001,54.362079
-7.00987,110.63689,7,54.407596
-6.33481,111.57946,-41.316,54.411237
-8.80257,112.35117,-1215.567,54.430891
-7.78665,113.09751,92,54.457157
-6.7546,109.5816,-13.923,54.467704
-7.97531,111.7549,657,54.471909
-7.67278,110.39273,363,54.481829
-8.3389,110.21946,-716.444,54.498967
-6.44373,108.53032,-1.623,54.504372
-7.55718,108.26113,249,54.514515
-7.80972,114.37392,354,54.51479
-8.00835,113.74107,695,54.574096
-7.99453,111.74886,259,54.579306
-7.84556,113.07909,374,54.582987
-8.23219,110.53762,-162.371,54.591026
-6.67187,105.40188,-21.632,54.597049
-8.20347,113.53735,53,54.61367
-8.02575,111.49647,841,54.618069
-6.77255,108.42635,116,54.64744
-8.14069,109.99797,-332.926,54.660602
-6.84986,110.82958,8,54.661769
-6.61775,111.04362,46,54.678706
-7.98304,114.31954,381,54.679197
-6.61284,109.62593,-28.031,54.691471
-7.88874,111.78207,1198,54.69366
-6.88485,111.95545,48,54.701212
-6.08513,105.87749,-21.349,54.734945
-6.76468,109.57845,-11.277,54.74983
-6.37601,108.84336,-46.626,54.805172
-7.058,105.71545,-801.147,54.807253
-8.22759,110.96499,27,54.814274
-7.14038,108.02226,867,54.827521
-6.59764,111.62138,-28.793,54.836644
-6.58246,112.1916,-46.745,54.84361
-7.3026,109.40942,147,54.880823
-8.06443,113.01054,1097,54.89157
-7.41314,108.94865,128,54.894411
-7.2268,106.24349,-1015.514,54.897703
-6.83901,113.25087,-24.945,54.916533
-6.97848,113.63583,204,54.921419
-6.81632,107.6953,1243,54.92667
-7.77143,109.83072,6,54.929065
-7.32611,108.10533,477,54.931466
-6.77282,112.55818,-24.331,54.945564
-6.47052,108.81398,-27.663,54.958695
-7.82779,110.94877,143,54.960371
-7.88567,114.35011,268,54.961725
-6.67178,107.24166,411,54.969464
-7.90014,109.07989,-89.942,54.991435
-6.98698,111.06972,313,55.002185
-6.6186,108.47504,2,55.013438
-6.97159,110.79156,16,55.024366
-6.95619,112.35914,22,55.03107
-5.97783,105.18267,-652.664,55.039994
-7.77907,109.11795,-18.854,55.043308
-6.93947,107.35544,728,55.053935
-6.53146,111.21233,-2.846,55.067775
-8.65077,112.11398,-745.463,55.135178
-6.41966,108.97579,-39,55.160266
-8.93783,113.87753,-2198.34,55.16394
-7.0091,111.03254,106,55.169262
-7.32833,111.38929,109,55.170215
-6.47523,112.08334,-49.11,55.179202
-8.21407,114.24715,359,55.185744
-6.74167,114.85052,-84.088,55.204266
-7.11505,108.31794,646,55.221769
-7.81116,112.23246,241,55.250051
-7.63672,114.42799,-100.309,55.256783
-7.08217,107.31021,1728,55.27059
-7.89828,111.77906,1060,55.2912
-7.36205,109.53182,233,55.294817
-6.7484,110.20947,-39.327,55.296612
-7.54975,114.45514,-114.971,55.309678
-7.07518,110.75908,16,55.345281
-8.32853,110.22274,-652.844,55.353306
-8.33432,113.21149,-232.889,55.365053
-7.00093,107.33595,926,55.36978
-7.09624,110.7525,15,55.371065
-8.61841,111.41127,-592.041,55.373018
-6.24155,111.28632,-48.974,55.373907
-8.30424,113.22088,-149.559,55.420135
-6.47064,105.32094,-101.984,55.427788
-7.15131,113.29618,24,55.459872
-6.54081,109.64841,-44.823,55.473664
-7.69584,111.98437,55,55.474019
-7.07151,107.60729,854,55.485681
-7.20845,109.43953,584,55.498184
-8.19347,113.54049,62,55.509938
-6.02117,105.89762,-36.631,55.524141
-7.64155,110.43885,551,55.536902
-8.19786,112.39855,271,55.540601
-6.80304,112.40703,-16.878,55.557461
-7.20719,108.87009,570,55.55998
-7.95218,113.61612,2349,55.57515
-8.22331,113.53113,34,55.606282
-7.63589,110.27594,240,55.638424
-6.10637,105.87079,-14.543,55.645795
-8.3246,114.21249,173,55.658257
-7.0721,107.3134,1621,55.6695
-6.43903,110.958,25,55.688177
-7.33399,109.54067,256,55.697111
-6.43926,108.96956,-35.364,55.710073
-6.90324,113.37357,61,55.713676
-7.26968,108.55968,202,55.731745
-7.3538,108.96721,320,55.734237
-8.18999,114.11251,902,55.740244
-7.98345,112.60853,447,55.75165
-8.15091,113.69635,115,55.759089
-7.78139,109.82758,6,55.793828
-6.71421,112.00873,-27.357,55.798503
-8.03584,111.52789,984,55.800742
-6.97309,112.49558,17,55.80677
-7.82896,113.60666,901,55.813561
-8.12786,113.84579,329,55.835951
-6.49459,109.41314,-34.841,55.901784
-6.7265,107.71579,568,55.906486
-6.04555,105.27817,-100.767,55.930013
-7.79514,112.66752,746,55.937415
-7.08964,110.6119,22,55.950096
-7.03529,107.03366,1150,55.95923
-7.12093,108.61112,515,55.976285
-7.09492,114.73979,-0.233,55.977407
-7.89652,114.34669,199,55.977415
-6.76757,107.70287,930,55.990939
-6.78292,108.42306,139,55.99389
-7.38375,107.94417,1168,56.00688
-8.45522,112.17552,-252.884,56.007277
-7.64758,109.15927,4,56.029791
-8.68325,112.10376,-781.859,56.048516
-6.75023,112.99398,-41.117,56.056067
-7.43065,109.36917,37,56.062172
-5.74107,105.98604,-47.481,56.063512
-6.38755,108.69334,-25.296,56.067665
-7.08073,112.17771,11,56.070366
-7.2761,108.704,340,56.083042
-7.72085,111.69307,599,56.090523
-6.61278,112.75185,-50.987,56.10974
-7.41509,109.57911,155,56.123231
-6.87899,107.22911,339,56.132532
-7.33822,107.66927,1352,56.13614
-6.66485,112.59186,-53.943,56.136872
-8.58585,112.13443,-495.523,56.140942
-7.0416,114.04338,-14.822,56.144458
-8.35656,113.061,-198.801,56.151044
-6.79996,110.3718,-19.932,56.17384
-6.4808,113.50517,-46.087,56.180347
-6.98797,114.77319,-72.767,56.193311
-6.60421,113.895,-64.645,56.194987
-7.13022,106.12803,-2019.691,56.207226
-7.32717,107.81549,1297,56.21653
-7.20877,114.56169,-72.198,56.234213
-7.94641,111.764,675,56.244253
-8.14332,113.55621,268,56.247093
-7.79614,111.52679,155,56.276909
-6.9999,114.62686,-15.722,56.286823
-6.67051,111.16884,1,56.303636
-8.1921,114.39671,-17,56.30599
-8.0474,113.58634,1312,56.32917
-6.40162,109.12427,-42.88,56.365318
-7.09209,107.45326,1167,56.37374
-6.95908,113.7844,92,56.418004
-7.02667,111.91112,318,56.427854
-7.65832,114.42123,-39.926,56.437652
-8.05902,114.29578,1238,56.44692
-7.29376,108.986,141,56.447108
-6.8484,113.81896,-23.069,56.482552
-7.11719,109.46814,215,56.517007
-7.07278,112.46437,5,56.538281
-7.56608,111.17277,1057,56.54099
-6.42946,108.97267,-38.927,56.567612
-8.24703,112.1902,111,56.584639
-7.07707,105.99967,-1612.832,56.589974
-6.94877,108.3706,1196,56.59179
-6.72442,112.00556,-22.892,56.59345
-7.01028,114.62361,-50.742,56.629254
-7.37872,108.08861,441,56.630746
-6.75367,109.15493,-13.637,56.632988
-6.72441,110.01634,-35.341,56.653005
-7.7605,113.81874,126,56.671754
-7.73488,110.40954,199,56.682279
-8.60805,111.41452,-550.216,56.686192
-8.15324,113.55311,220,56.692375
-7.8739,113.74957,547,56.720147
-7.17349,109.30791,652,56.725076
-6.72946,111.8614,-19.148,56.735819
-7.52884,109.33827,153,56.73743
-7.09597,111.88941,42,56.742123
-7.21319,112.13627,37,56.761729
-7.73402,114.39755,-92.549,56.781438
-7.75707,111.82348,802,56.792235
-8.24102,112.52773,492,56.800778
-6.2708,111.37816,-49.303,56.813405
-7.96581,111.30925,757,56.81737
-7.03351,112.62067,3,56.826069
-7.09646,113.02834,38,56.833959
-6.96874,114.63656,-35.594,56.843293
-7.08166,107.6041,908,56.860346
-8.54208,112.14815,-441.403,56.880688
-7.91427,114.1989,665,56.909075
-7.02133,107.32947,1063,56.92247
-8.41101,112.1894,-346.399,56.923154
-7.46288,108.06197,396,56.932869
-8.94403,113.7316,-2118.926,56.945789
-7.01113,107.33272,982,56.95825
-7.64753,114.4246,-70.369,56.964801
-6.87695,111.10419,78,56.976375
-6.77029,112.13294,-17.03,57.016412
-7.06146,107.46298,1120,57.01814
-7.00786,114.0539,11,57.040165
-7.00723,113.62685,164,57.051596
-8.02537,112.1652,276,57.062673
-7.85952,110.51305,232,57.063891
-7.16234,108.59819,888,57.092354
-7.75534,113.67786,27,57.09838
-6.94783,110.83851,9,57.098485
-7.45745,109.07681,52,57.109046
-7.92066,113.76848,439,57.110719
-7.02276,112.62402,2,57.131182
-6.98595,107.92278,975,57.16009
-7.45451,107.37227,137,57.163081
-6.67486,107.25135,367,57.16383
-6.8593,113.24457,-21.902,57.18351
-8.23326,113.52802,31,57.213361
-6.73138,108.73267,-8.24,57.236912
-7.30587,109.69174,813,57.25595
-8.49909,112.01663,-386.247,57.286496
-7.26708,109.11433,1550,57.29055
-7.97521,113.75144,679,57.322268
-6.82677,108.70293,7,57.32318
-6.58799,108.48471,2,57.332947
-7.47333,108.05866,505,57.337164
-6.80197,112.12305,-12.613,57.350266
-7.26945,110.41296,470,57.354469
-6.70825,108.59197,-5.665,57.358244
-6.22754,105.97842,402,57.362098
-6.2138,105.69225,-40.717,57.36709
-8.50073,112.99118,-685.553,57.370079
-7.85173,113.67818,670,57.372573
-7.71357,110.70066,106,57.377168
-7.39409,108.66651,14,57.379483
-7.91956,111.91427,232,57.43013
-7.94041,112.76439,563,57.44523
-6.97915,114.63332,-25.256,57.459957
-7.55102,110.04157,555,57.470064
-6.29975,107.70396,7,57.503513
-7.33663,108.10199,463,57.511325
-8.9326,113.73529,-2098.418,57.537912
-7.78513,112.67065,748,57.560701
-7.43388,109.93667,674,57.576216
-7.64421,110.86418,100,57.57782
-6.66658,112.16533,-32.969,57.582108
-7.92461,111.20271,988,57.5897
-8.59567,111.56007,-510.627,57.596353
-6.5146,109.08873,-30.646,57.6241
-7.46774,109.07358,64,57.651093
-7.34383,108.97034,395,57.70243
-6.52276,108.79767,-11.055,57.716724
-6.81288,112.54566,-3.427,57.722732
-7.32684,109.54412,216,57.729712
-8.5041,113.0018,-678.176,57.736259
-6.22956,111.30667,-49.101,57.736645
-6.98807,113.63282,181,57.742369
-6.98954,114.63009,-9.524,57.750152
-6.60674,111.61845,-29.213,57.751788
-7.12987,109.7471,896,57.768886
-6.25096,111.29995,-48.834,57.769188
-8.24547,113.38198,16,57.769438
-7.17632,106.2595,-1476.333,57.781157
-8.48925,113.01931,-585.587,57.793184
-7.01834,105.87264,-832.766,57.799776
-6.97388,110.92106,295,57.806637
-6.94597,112.36235,25,57.80801
-7.69851,114.5513,-365.724,57.826305
-8.48668,111.87888,-346.786,57.835753
-6.88401,107.95475,657,57.838524
-6.53534,105.15515,-0.176,57.839809
-7.34333,109.53773,279,57.842122
-7.96159,113.61319,2321,57.84683
-7.71626,111.978,57,57.847824
-7.12118,111.45414,112,57.875766
-8.47903,113.02251,-532.46,57.886873
-6.24658,105.97239,567,57.888269
-6.75727,111.57009,37,57.895485
-6.59304,112.18829,-44.04,57.906943
-8.76791,113.64469,-1278.913,57.909621
-7.67518,110.85444,106,57.924382
-7.12552,108.31464,562,57.927638
-8.60753,113.55294,-670.942,57.936124
-7.35853,109.53417,232,57.955302
-8.21668,109.76654,-723.179,57.974844
-7.83216,113.61683,980,57.979462
-6.3623,105.78989,-17.058,57.981
-7.35269,109.53477,259,58.006534
-7.35524,107.51802,1259,58.01871
-7.67758,114.55785,-346.337,58.020616
-8.43835,113.03529,-424.222,58.048802
-6.84949,106.94765,1123,58.06163
-7.181,113.2869,8,58.061923
-7.44859,112.20505,35,58.106419
-6.52171,111.92624,-39.283,58.116983
-7.41981,109.37258,33,58.117411
-8.29431,113.22399,-67.508,58.138298
-8.1301,110.4279,-13.389,58.185465
-6.36103,108.55641,-12.862,58.194047
-6.92051,111.51764,208,58.198998
-8.47643,111.8821,-334.247,58.199587
-7.90257,113.84076,249,58.204465
-7.99041,113.6042,2220,58.23932
-6.97097,110.91185,264,58.265228
-7.12125,113.44775,54,58.323816
-7.94844,112.18932,390,58.339648
-8.27456,113.23021,4,58.347488
-6.77399,109.00691,-3.386,58.358186
-8.73667,112.08699,-999,58.365215
-6.92908,110.66214,7,58.384174
-7.94072,113.96244,483,58.387607
-7.44152,109.36574,32,58.394868
-7.797,111.10031,450,58.427261
-7.03154,107.32623,1135,58.44855
-7.63859,107.86233,235,58.453068
-7.10089,113.45413,73,58.45387
-6.80528,111.98031,17,58.46755
-6.05692,105.31398,-72.964,58.470312
-7.90895,113.86104,243,58.470705
-7.65548,110.00875,80,58.490081
-7.34129,109.34716,133,58.49508
-8.21863,112.96212,796,58.502274
-7.55115,108.47049,390,58.512263
-7.77573,111.8176,1182,58.5193
-7.17269,108.81887,407,58.557368
-8.0758,113.57739,816,58.559621
-6.71139,113.00607,-47.809,58.560234
-7.48554,108.05469,634,58.592881
-7.65598,111.00259,306,58.599043
-7.23502,108.57548,158,58.606277
-7.38923,108.08528,437,58.617478
-6.91513,112.37199,54,58.630905
-6.03187,105.89424,-31.063,58.638979
-6.45958,110.9516,41,58.652185
-6.61594,111.89685,-31.858,58.677117
-8.03048,113.73413,640,58.688252
-6.48532,112.08017,-48.726,58.693951
-6.72043,113.57279,-48.637,58.703164
-6.92541,112.36876,46,58.706849
-6.25572,105.82354,-1.316,58.715513
-6.18781,111.11764,-50.779,58.718439
-7.2841,109.13114,1768,58.73732
-7.51388,109.89043,996,58.74942
-6.64618,113.31098,-49.513,58.787771
-7.97594,111.3291,881,58.817112
-8.22799,112.95916,703,58.819302
-6.80994,109.98957,-26.316,58.835278
-7.70389,110.70369,110,58.845864
-6.9357,112.36555,38,58.854879
-7.1984,114.56492,-17.331,58.856647
-6.12796,110.93012,-53.272,58.889403
-7.2948,109.69525,749,58.903751
-7.92504,110.91818,153,58.903796
-7.0062,111.02328,118,58.924447
-7.13296,109.60395,721,58.925088
-6.23506,111.16331,-51.996,58.934503
-7.10456,108.32125,831,58.998757
-8.58557,111.56325,-473.947,59.001702
-8.60582,111.55688,-560.688,59.018676
-6.60839,108.47827,2,59.020655
-7.40384,108.66339,11,59.028176
-8.15963,111.91559,194,59.072963
-7.10572,111.88636,53,59.073227
-6.58849,111.62429,-30.075,59.16085
-6.4286,108.82704,-35.949,59.16124
-6.7145,106.55081,970,59.16861
-7.30835,109.26569,592,59.175052
-7.24403,112.12662,38,59.17747
-7.18534,109.7297,1487,59.18401
-6.24449,111.2956,-49.199,59.19959
-7.36742,107.65991,1260,59.21279
-7.66604,110.00543,112,59.218136
-8.06149,111.72783,107,59.220953
-7.76376,111.39578,148,59.232766
-7.58017,108.60731,473,59.24098
-6.85937,113.81554,-17.98,59.241164
-7.33786,109.33643,177,59.2518
-6.5042,109.09199,-28.99,59.259991
-7.93151,113.7651,525,59.272732
-6.4778,105.89922,10,59.274855
-6.40308,105.48713,-86.587,59.280779
-8.25274,114.37764,1.438,59.284244
-8.49537,112.44783,-279.647,59.286733
-7.36602,109.38948,85,59.291228
-6.73677,107.71258,712,59.29393
-7.36819,108.09196,429,59.293983
-7.01898,109.78206,301,59.296452
-6.78448,109.14529,-11,59.297047
-8.49698,111.87562,-348.88,59.332889
-8.37827,110.49159,-260.468,59.350119
-7.56067,108.61349,561,59.366728
-7.77107,113.81542,140,59.392401
-7.0207,114.62037,-51.487,59.432608
-6.52109,111.21558,-6.015,59.463483
-6.3769,108.69669,-23.998,59.470126
-6.59477,111.19255,-5.965,59.472234
-7.22347,112.13306,41,59.473203
-6.42202,109.11786,-40.831,59.496256
-5.8586,106.0949,-16.292,59.499569
-7.34714,108.09865,439,59.534474
-6.42962,110.53422,-27.168,59.536167
-6.87689,109.8269,-19.146,59.552274
-7.38427,108.66964,10,59.559982
-7.41848,109.58977,181,59.570756
-7.63117,110.4421,614,59.578683
-6.79529,111.98342,5,59.580098
-6.94201,110.82018,8,59.586869
-7.08186,107.4565,1139,59.59688
-8.74729,112.08364,-1018.311,59.640355
-6.97019,107.34568,920,59.664828
-7.96423,113.75486,618,59.670103
-6.98045,107.34243,799,59.725894
-6.48187,105.46218,-80.388,59.728898
-8.1998,114.10946,875,59.735552
-6.81616,108.70623,3,59.755133
-8.13347,113.5593,320,59.793099
-7.98493,111.75189,449,59.793409
-7.16246,109.02712,204,59.805341
-8.57016,110.85708,-460.226,59.822062
-7.16119,113.2931,21,59.82697
-7.06278,112.46749,5,59.852412
-8.49947,113.01611,-626.52,59.856369
-7.35767,108.09531,428,59.867716
-7.68808,114.55458,-366.569,59.868671
-7.0857,110.75579,15,59.907585
-7.14105,109.74362,1053,59.93791
-6.90487,112.3752,50,59.946021
-7.06099,105.56862,-42.303,59.951059
-8.45617,110.46703,-519.63,59.952104
-6.83988,106.95068,1244,59.95631
-8.34429,113.20836,-243.172,59.97044
-6.76517,113.41665,-43.712,59.989776
-6.46806,105.90231,12,59.99909
-7.40899,109.37596,37,60.004614
-7.23691,106.2403,-999.837,60.018576
-8.16067,114.12169,1071,60.0193
-7.86216,110.65402,180,60.040803
-7.06715,106.00281,-1503.331,60.043019
-7.84931,110.51626,274,60.083784
-7.13286,108.89358,235,60.086959
-7.23007,108.28151,1070,60.10348
-6.07449,105.88083,7,60.116789
-7.17108,113.28999,15,60.131424
-8.71389,113.51951,-1220.333,60.16147
-7.0089,111.06289,101,60.164276
-7.67609,113.84513,-39.874,60.175085
-5.95179,105.77501,-111.503,60.178255
-7.10024,108.61759,284,60.205735
-6.41955,110.53738,-33.933,60.213229
-8.12364,113.56238,386,60.215576
-8.46612,111.88534,-309.439,60.219924
-7.04844,105.71849,-702.116,60.222665
-7.05086,109.06204,67,60.232782
-6.15332,105.71134,-52,60.234017
-7.71981,108.21415,161,60.236329
-7.66503,110.71594,114,60.244007
-7.95329,113.75829,639,60.261717
-7.08579,113.03168,139,60.277492
-8.24323,113.52491,31,60.281228
-6.87746,112.95433,-8.862,60.285461
-6.42707,111.24495,-40.473,60.292646
-6.75731,107.70613,886,60.299605
-7.17785,108.29801,1069,60.30216
-6.61669,108.76846,-5.602,60.302601
-7.93252,111.20549,1009,60.30803
-6.43725,111.24176,-39.839,60.309286
-7.18595,108.87684,364,60.355541
-6.95996,107.34893,781,60.364168
-7.34469,109.35784,109,60.370755
-7.34806,109.36846,85,60.423095
-7.40047,109.80467,492,60.442359
-7.58493,107.78456,352,60.449824
-8.22029,109.77795,-707.507,60.458713
-8.12016,110.43101,-23.353,60.46431
-8.46883,113.0257,-493.841,60.466917
-7.99704,110.32713,279,60.569302
-7.30574,109.54959,492,60.582933
-6.60363,112.18499,-43.818,60.617017
-8.28441,113.22711,-24.818,60.623236
-6.91711,112.22892,16,60.630406
-8.72609,112.09031,-944.696,60.635782
-6.99765,113.62984,155,60.637914
-6.36974,111.68954,-38.699,60.667307
-6.21679,108.7472,-35.868,60.676778
-8.15108,109.99469,-337.943,60.681122
-7.57042,108.6104,514,60.716472
-7.07167,107.45974,1095,60.71856
-6.93484,107.93876,1001,60.72665
-6.54477,109.57012,-52.284,60.733894
-7.23377,112.12984,40,60.762156
-7.76151,109.83383,9,60.762498
-8.1364,112.41782,338,60.772287
-6.76362,109.01018,-1.136,60.808316
-6.94972,107.35218,721,60.852556
-7.75481,108.84155,-31.367,60.854268
-7.77701,111.95899,100,60.855959
-6.41699,111.2481,-39.847,60.866373
-6.9059,114.0857,-7.676,60.875315
-7.01381,107.04044,1110,60.87859
-7.08338,114.6008,-15.099,60.882165
-7.44809,109.5048,92,60.887236
-7.31384,108.83642,361,60.902834
-8.50841,112.01368,-387.574,60.938667
-7.41357,108.66029,13,60.942232
-6.48027,105.31795,-100.302,61.002485
-7.22231,112.41758,38,61.008809
-6.68724,114.15383,-71.485,61.013088
-6.6453,112.59797,-51.876,61.037144
-6.65509,112.59491,-54.168,61.047617
-7.3577,107.66302,1231,61.06328
-6.37913,111.69148,-39.646,61.066053
-7.8771,113.75969,524,61.073983
-6.13245,106.00842,333,61.078061
-6.39187,105.49068,-89.194,61.107686
-8.22511,114.24369,339,61.128679
-6.04257,105.89089,-19.946,61.14038
-6.75051,108.57858,5,61.145454
-8.05696,113.58333,1033,61.156298
-8.10417,113.56847,524,61.159696
-7.82577,113.5965,1058,61.165277
-6.44759,111.23853,-37.409,61.171099
-7.13598,108.31132,554,61.17637
-7.37672,109.38611,48,61.197922
-8.21573,113.67605,76,61.223037
-8.06358,113.72376,579,61.255253
-6.44929,110.95481,52,61.260415
-6.81307,112.40388,-11.81,61.278255
-6.32364,108.71352,-26.857,61.285229
-6.94612,107.20791,750,61.313625
-7.11556,111.88326,37,61.317207
-6.71655,113.85998,-45.376,61.327451
-7.36374,108.96408,218,61.335106
-7.47929,110.06409,828,61.362369
-8.11386,113.56543,481,61.369051
-8.3135,114.21598,180,61.386688
-7.99381,114.31616,453,61.403036
-6.28861,108.57922,-26.501,61.404339
-6.88679,109.82381,-16.444,61.412209
-6.2664,105.82019,-2.641,61.437138
-8.13241,109.50028,-723.395,61.443152
-7.73111,111.68986,684,61.445557
-7.62079,110.44535,706,61.446308
-7.27918,109.41741,211,61.499197
-7.46275,108.78933,21,61.527428
-7.99544,114.17355,1026,61.56559
-8.9555,113.72809,-2131.706,61.594755
-6.38068,105.49422,-92.568,61.596042
-7.60647,108.41663,204,61.604849
-6.5982,108.48148,2,61.610462
-7.58989,108.60421,417,61.613692
-7.40798,107.79005,1725,61.61816
-7.04335,113.04496,73,61.627186
-7.12192,109.03982,104,61.627495
-8.05825,114.33759,489,61.657393
-8.21337,112.53646,513,61.660209
-7.45099,107.36116,176,61.663095
-7.32267,110.39636,775,61.677814
-8.0544,113.01369,1103,61.69189
-9.09394,114.25753,-2767.139,61.69936
-8.21302,109.75506,-740.257,61.700099
-6.96933,108.36407,986,61.70166
-8.08517,113.57445,677,61.707635
-6.59483,112.046,-37.625,61.711595
-6.8783,106.93854,849,61.713738
-7.29615,109.55261,460,61.721444
-6.80557,108.70954,1.306,61.734829
-7.54017,109.05088,29,61.744465
-7.69565,110.84803,103,61.744973
-6.45835,105.90537,7,61.752577
-7.47462,109.78136,299,61.770819
-7.00324,111.01396,134,61.794078
-6.93654,112.65093,-2.554,61.794688
-7.81934,113.57612,458,61.828811
-6.98856,110.96743,95,61.831853
-6.66486,110.88747,826,61.843458
-6.88855,107.22608,373,61.852154
-8.69401,112.10038,-808.876,61.873174
-8.45865,113.02889,-478.073,61.874004
-6.86871,106.94157,897,61.887281
-6.36625,108.70005,-20.708,61.910886
-7.91026,109.07671,-78.426,61.915365
-6.11308,110.88349,-53.109,61.922349
-7.2801,110.40966,466,61.942525
-7.9074,114.34328,133,61.946997
-6.29769,107.85026,9,61.97131
-8.60363,111.98365,-378.433,61.980032
-8.09461,113.57148,581,61.981849
-6.48756,105.89614,18,61.983567
-6.9449,110.82931,9,62.013178
-7.56207,108.46704,421,62.019353
-7.34795,107.66615,1277,62.02306
-8.59771,111.41778,-520.276,62.023797
-6.57165,105.43369,-74.108,62.033332
-6.36949,105.49778,-91.024,62.057116
-6.99071,107.33919,815,62.057236
-8.4485,113.03208,-443.749,62.068546
-6.42012,107.81188,23,62.074317
-7.67615,113.84513,-39.874,62.078156
-8.10087,110.15246,-119.023,62.079903
-7.88923,111.92376,243,62.09379
-6.91732,107.217,561,62.094102
-8.25037,112.20068,181,62.153279
-8.7641,112.36328,-1121.38,62.155876
-6.11487,105.43125,-68.73,62.158316
-8.50735,111.87235,-330.632,62.174062
-6.40686,111.25128,-38.469,62.175846
-6.91514,112.94254,69,62.229832
-8.62878,111.40799,-614.704,62.243534
-6.09292,105.73043,-55.226,62.246841
-7.96774,112.18326,356,62.281656
-8.08023,110.30094,-18.234,62.297834
-8.09058,110.1557,-99.433,62.310376
-7.32465,109.54361,267,62.317777
-7.48992,109.81477,517,62.33369
-6.9173,114.08216,-1,62.358219
-5.79847,105.82342,-34.875,62.362293
-7.07058,112.18086,8,62.389241
-7.11112,113.45092,83,62.408722
-7.44095,109.50832,104,62.409948
-7.38746,109.38275,40,62.41791
-6.26789,111.36899,-48.974,62.422177
-6.66378,109.61002,-25.703,62.427673
-7.84481,108.81329,-55.542,62.429277
-7.79131,109.82447,9,62.450098
-7.99209,108.0395,-798.453,62.485635
-8.66215,113.67796,-642.476,62.492981
-7.95813,112.18632,372,62.495082
-6.42795,111.67584,-39.752,62.501835
-6.83305,111.11793,26,62.502607
-7.11058,108.61436,315,62.51296
-8.07446,113.0074,1096,62.51732
-6.06387,105.88418,-15.838,62.529986
-7.59904,107.87503,585,62.532335
-6.05407,105.30504,-81.797,62.538431
-6.64143,114.16805,-69.936,62.548144
-8.41746,110.47922,-395.712,62.550158
-6.6355,105.26977,-87.947,62.554337
-8.03295,111.73681,124,62.574695
-8.61602,111.55366,-593.201,62.590177
-7.34479,109.11216,541,62.590535
-7.08543,109.76112,772,62.59174
-8.31109,112.36303,322,62.5918
-6.84913,113.24772,-23.704,62.607574
-8.04153,113.73066,632,62.630196
-8.25614,113.37863,16,62.644484
-6.61411,112.18172,-43.434,62.649107
-8.49738,112.98053,-672.982,62.656742
-6.82455,108.40986,724,62.670079
-6.05324,105.88753,-13.208,62.696985
-7.03079,114.75986,5.313,62.715439
-8.46585,110.46397,-536.963,62.718517
-7.88753,113.6364,1913,62.74445
-7.39821,109.37937,36,62.746684
-7.84838,113.66796,755,62.755921
-6.45804,111.23528,-35.147,62.763557
-7.56076,109.04442,141,62.768837
-7.05276,112.47063,6,62.772595
-7.67655,110.00214,83,62.781132
-7.40322,108.95175,203,62.792406
-7.76644,111.82053,941,62.797337
-6.6452,105.26676,-73.795,62.813223
-7.37712,107.65681,1254,62.81425
-6.57941,111.62722,-33.523,62.854973
-6.61535,113.89153,-63.273,62.90136
-7.33446,109.32572,207,62.91037
-7.32507,107.963,864,62.915676
-7.64561,111.14786,1497,62.93247
-6.44866,105.90843,7,62.935785
-7.55879,110.03209,525,62.936381
-7.16619,106.26271,-1605.138,62.95616
-8.00005,113.60119,2041,62.96535
-7.80131,112.23552,227,62.969485
-7.83536,113.62701,1075,62.973842
-6.71328,105.24559,-39.939,62.994963
-6.87037,113.81211,-8.576,62.99611
-7.41029,108.07864,458,63.009213
-8.00241,108.03622,-876.347,63.042679
-6.56114,111.63309,-39.459,63.042895
-6.60209,112.75519,-51.758,63.044402
-7.93358,113.62195,2139,63.06183
-8.38348,111.91135,-329.864,63.062818
-7.94238,113.76171,627,63.065939
-6.27715,107.8567,8,63.067689
-6.80278,112.54883,-5.919,63.080117
-7.769,109.12112,-29.961,63.088116
-7.45923,107.95262,932,63.088688
-7.69424,110.70675,111,63.09539
-7.92662,111.48586,112,63.095662
-7.14976,111.44518,104,63.096542
-6.77606,110.71002,5,63.110619
-8.08024,110.15894,-89.186,63.131647
-7.91214,113.87117,250,63.172208
-7.00782,105.87596,-675.004,63.179152
-7.96572,111.33231,887,63.19542
-5.94166,105.77822,-123.946,63.200061
-7.42878,109.51084,106,63.240683
-7.2196,108.28482,1067,63.27376
-8.57547,111.56644,-449.043,63.280901
-8.63992,112.1174,-711.815,63.281675
-8.45576,111.88861,-302.2,63.28171
-7.18791,111.43327,48,63.282641
-7.56131,110.03834,521,63.286229
-7.94287,113.61904,2241,63.29216
-6.74704,107.70936,675,63.310843
-7.45244,109.36232,33,63.313012
-8.05258,113.72721,609,63.320068
-6.89462,112.37839,32,63.325943
-6.5107,111.21885,-11.542,63.333435
-7.05724,106.00595,-1346.015,63.389304
-7.2391,108.85998,326,63.399592
-7.77377,111.39263,150,63.4064
-6.24031,111.30329,-49.217,63.444675
-6.04837,105.28713,-96.622,63.445187
-6.16689,111.05207,-55.2,63.463093
-5.86793,106.09196,-9.265,63.491377
-7.63591,111.15092,1683,63.4975
-8.37299,111.91465,-328.103,63.497931
-8.08071,109.73349,-447.611,63.503039
-7.72335,110.6976,109,63.526366
-8.48311,112.87906,-259.375,63.548569
-6.49754,109.42233,-35.194,63.554618
-6.29065,105.52277,-96.74,63.563168
-7.66498,110.85766,102,63.568298
-7.86972,110.50985,157,63.585842
-8.07061,109.73666,-422.321,63.599585
-6.74052,112.997,-43.426,63.613754
-7.89938,113.83058,263,63.623077
-7.15976,108.01604,759,63.65123
-9.0039,113.43012,-2054.455,63.672293
-6.7742,109.14851,-13.732,63.68902
-6.60553,111.90008,-31.873,63.689825
-6.7149,113.43233,-49.205,63.699848
-7.65771,109.1561,8,63.70231
-7.03111,114.61713,-50.205,63.728909
-8.16435,109.8488,-572.106,63.728941
-6.12296,106.01142,293,63.732957
-7.95076,110.48434,129,63.739249
-6.76393,109.15172,-13.837,63.819766
-8.66651,111.53775,-733.229,63.820007
-7.21315,109.01127,306,63.820104
-6.62581,105.27277,-98.423,63.836245
-6.82965,110.83589,9,63.868992
-8.06983,110.30425,-3.776,63.880417
-7.8063,113.09137,182,63.881149
-7.48376,108.05536,634,63.901502
-6.39667,111.25446,-38.238,63.918581
-7.0715,107.16823,1066,63.91972
-8.25316,113.52181,26,63.933867
-7.79895,114.37728,147,63.944211
-8.2335,109.96875,-368.579,63.944505
-7.06199,107.3166,1462,63.98775
-8.71545,112.09364,-865.831,63.998064
-7.42083,108.07532,502,64.033999
-7.26379,109.10411,1408,64.04551
-8.76648,112.78997,-1589.283,64.04782
-7.07965,110.61502,18,64.053148
-6.85909,106.94461,971,64.09271
-6.75196,105.12796,-395.562,64.093651
-5.76568,105.53937,-24.544,64.096893
-8.17478,109.8455,-588.163,64.117419
-7.15221,109.7401,1255,64.12646
-7.25582,108.569,178,64.135081
-7.72848,109.13384,-15.214,64.136273
-6.11702,105.86741,8,64.139554
-8.39386,111.90808,-322.662,64.159183
-7.74487,114.39415,-68.936,64.192807
-8.59697,113.55626,-587.268,64.259089
-6.42923,105.91459,53,64.293188
-6.71884,108.58862,-4.369,64.341652
-7.18308,112.42986,15,64.353767
-8.55272,112.42979,-635.533,64.373363
-7.49334,109.82554,472,64.381172
-7.59618,110.59575,369,64.404905
-6.61582,111.61553,-30.087,64.414091
-7.37362,108.961,256,64.464615
-8.04439,113.01679,1215,64.48714
-6.35561,108.7034,-20.095,64.493295
-7.37438,108.67279,11,64.509339
-8.13825,112.55996,330,64.542485
-6.26782,108.58578,-24.835,64.555145
-6.22525,111.16638,-52.863,64.570409
-7.65464,110.8609,102,64.585905
-8.36243,111.91798,-309.326,64.639383
-5.83886,105.95522,-71.494,64.645772
-7.58176,109.89026,480,64.660618
-8.61317,111.98064,-430.736,64.661501
-8.70473,112.09701,-830.633,64.675571
-6.37141,108.55314,-9.887,64.678015
-7.76502,113.67481,70,64.701199
-8.13807,113.84257,294,64.704337
-5.69823,105.85499,-13.305,64.709742
-6.46856,111.23202,-30.978,64.747073
-7.41303,107.93477,991,64.75972
-7.5509,108.61659,551,64.765829
-7.73863,109.13067,-7.821,64.776883
-7.03286,107.18047,1035,64.77724
-6.78275,112.55508,-19.152,64.783892
-6.43616,105.62198,-60.627,64.784547
-8.92119,113.73905,-2081.488,64.791143
-7.33384,108.97347,413,64.825397
-6.05122,105.29609,-90.893,64.86024
-8.79302,112.35417,-1194.445,64.896119
-9.10488,114.2544,-2849.486,64.90314
-7.67482,110.71286,114,64.978635
-8.35429,113.20524,-238.834,65.010534
-8.83106,112.34219,-1302.851,65.020976
-8.88991,113.89255,-1951.258,65.027019
-6.83976,110.83273,9,65.045834
-8.13322,111.83279,89,65.059248
-7.0003,111.00463,122,65.091546
-8.2094,109.74354,-776.02,65.093297
-5.78825,105.82663,-28.238,65.098292
-6.7679,106.53398,1435,65.09937
-8.46627,112.17202,-245.398,65.100564
-6.79498,108.71284,-2.754,65.120881
-6.58479,111.90653,-33.91,65.125923
-7.11956,106.13143,-1852.665,65.152654
-6.79271,112.55196,-11.111,65.157475
-6.32898,111.56115,-43.4,65.161186
-7.89307,110.21766,37,65.166275
-7.36548,108.23853,349,65.167864
-8.51776,111.86907,-323.878,65.208697
-6.89348,113.37662,30,65.214688
-8.06988,110.16216,-74.293,65.235724
-8.11118,110.14925,-137.048,65.240248
-7.64373,108.87635,1,65.244711
-7.29197,109.41276,173,65.264946
-8.44721,112.82162,-34.541,65.265293
-6.59514,111.9033,-32.613,65.267925
-6.88789,106.93552,765,65.271661
-6.92732,112.22572,16,65.272096
-7.88272,110.2209,26,65.302623
-7.58891,110.31299,430,65.323081
-7.58549,107.78727,352,65.323755
-7.44189,108.06864,429,65.32676
-7.312,110.39971,618,65.380055
-6.6161,105.27578,-103.463,65.399788
-8.40418,111.90482,-316.007,65.433558
-7.42331,108.65721,8,65.448248
-6.68062,114.72635,-78.497,65.45505
-7.07289,114.60408,-39.038,65.469453
-7.54074,108.2093,355,65.481231
-7.28126,109.41614,207,65.508083
-7.57616,111.16962,1264,65.51025
-8.39457,112.04956,-180.674,65.511143
-7.42185,109.60035,195,65.515039
-6.60639,105.2788,-110.517,65.549369
-6.7669,111.56702,41,65.558147
-7.79209,113.80881,465,65.56593
-7.39332,108.95484,237,65.582441
-8.35246,112.35002,23.647,65.616985
-8.71005,113.66292,-867.907,65.627915
-7.36533,107.51484,1046,65.64821
-8.80795,114.06056,-1095.981,65.656995
-6.62454,112.17847,-42.5,65.66021
-6.43894,105.9115,9,65.660556
-6.4899,105.31494,-103.183,65.672349
-7.75891,109.12429,-26.688,65.677022
-8.12992,111.82241,89,65.686807
-8.50743,113.01231,-661.395,65.727472
-6.86593,111.10765,40,65.743846
-6.6561,112.16861,-35.583,65.749956
-7.39975,108.08195,465,65.767344
-8.8191,114.05705,-1339.186,65.767741
-6.7211,113.00304,-48.502,65.783503
-6.56728,105.58047,-34.391,65.789143
-8.2136,112.08502,232,65.825516
-6.82308,112.40074,-10.644,65.826011
-6.49733,105.89303,18,65.829402
-6.57032,111.63013,-37.977,65.838456
-8.77756,113.64164,-1341.819,65.849207
-7.4524,108.06529,415,65.849874
-8.44543,111.89186,-293.974,65.865282
-7.99104,110.47168,128,65.914256
-5.93151,105.78143,-112.817,65.918641
-6.6415,110.04222,-38.367,65.926793
-6.89812,107.22304,363,65.928873
-7.29073,110.40634,472,65.933282
-6.99734,110.9953,114,65.951514
-7.43137,108.07198,466,65.953715
-6.78828,113.26675,-34.593,65.973035
-7.63366,108.87949,1,65.996156
-8.04651,110.02757,-168.522,65.996791
-7.41665,108.22233,374,66.005444
-6.44619,105.61882,-57.939,66.04872
-7.62361,108.88267,1,66.050748
-8.7968,114.06407,-1184.618,66.055065
-8.45434,111.60458,-280.661,66.060736
-7.39811,107.79316,1591,66.0668
-6.3583,105.50135,-90.259,66.072336
-8.25034,112.52481,479,66.083369
-6.7914,112.12634,-13.98,66.093403
-7.37699,111.80094,262,66.106179
-8.07458,113.72029,514,66.114841
-7.42179,109.79801,486,66.122356
-6.84393,111.11456,32,66.146449
-5.92136,105.78465,-104.063,66.169564
-6.93648,107.21093,457,66.169745
-6.24743,111.30481,-48.698,66.177825
-7.10061,107.15902,1190,66.19359
-7.84655,111.51094,130,66.21058
-7.71834,109.13702,-21.896,66.230366
-6.86269,111.53626,268,66.246589
-6.90772,107.22002,402,66.25433
-8.26675,113.37527,17,66.257088
-8.75016,113.7847,-1197.807,66.261113
-6.76244,110.25362,-32.378,66.263437
-7.0556,108.48202,349,66.281884
-5.80873,105.82016,-47.8,66.298904
-7.09222,107.307,1711,66.31878
-7.04513,108.48534,361,66.325617
-6.47913,111.22871,-27.458,66.333976
-7.49187,108.0553,704,66.419976
-6.34496,108.70678,-22.504,66.423678
-7.78158,113.8121,274,66.446075
-6.90431,107.94837,646,66.449835
-6.74194,108.72938,-8.19,66.455488
-7.40949,108.80617,90,66.518142
-6.59666,105.28182,-86.964,66.537964
-7.74877,109.12748,-12.781,66.625091
-7.31056,108.40126,157,66.626789
-7.63254,110.2653,236,66.667629
-7.24703,106.23709,-957.138,66.669187
-6.4334,108.53358,-3.497,66.692394
-6.65961,111.17225,0.333,66.719134
-7.04151,114.6139,-53.587,66.732033
-6.38643,111.25766,-36.995,66.747827
-7.79717,110.38991,110,66.767159
-6.48098,108.81071,-23.965,66.799175
-6.48971,111.22542,-23.218,66.801995
-6.60542,111.1892,-5.439,66.80568
-7.9101,110.07056,9,66.829239
-7.14294,111.44716,111,66.851377
-8.35188,111.92127,-285.186,66.87332
-6.50025,111.22213,-16.44,66.875873
-6.88151,113.80862,6.955,66.902619
-7.97892,110.90127,142,66.904487
-8.12883,112.56292,336,66.934092
-6.38654,108.8401,-41.646,66.945202
-8.15633,111.90525,227,66.953552
-7.7499,113.82206,143,66.954735
-5.87729,106.089,-11.765,66.961226
-7.04732,106.00909,-1236.36,67.007842
-6.83169,107.09783,576,67.061469
-8.3578,114.20206,147,67.070731
-7.04275,112.47376,5,67.143523
-7.79646,113.09448,155,67.15055
-8.18634,110.97798,312,67.160082
-7.80741,110.3867,101,67.16715
-8.05939,110.30753,-2.24,67.189806
-7.05022,105.57204,-17.824,67.208257
-6.57437,111.9098,-35.885,67.210059
-8.23038,112.13777,320,67.225359
-5.9112,105.78786,-94.992,67.228434
-7.68456,110.7098,114,67.236064
-8.41449,111.90159,-305.153,67.256944
-7.43367,108.51337,48,67.25983
-8.17286,111.95713,101,67.294234
-8.27727,113.37198,16,67.318034
-8.23614,114.24022,303,67.320419
-6.65493,105.26373,-70.089,67.326676
-7.33327,110.39304,857,67.336754
-7.98178,108.04279,-717.165,67.356908
-8.83024,114.05357,-1506.01,67.364015
-7.81227,109.38853,-24.615,67.40903
-8.06046,109.73985,-392.728,67.410907
-6.75126,110.21846,-37.437,67.424631
-8.2239,109.78934,-705.119,67.432546
-8.50434,112.30232,-423.493,67.432966
-6.85488,111.11111,34,67.438936
-6.77651,111.56392,42,67.505767
-7.03884,105.72156,-600.948,67.511719
-8.4439,112.81113,-47.079,67.512006
-8.16293,111.9259,103,67.537701
-8.29842,113.36536,6,67.546688
-6.5071,105.88994,20,67.578875
-7.20915,108.28812,907,67.579844
-6.34363,105.36033,-116.429,67.595221
-7.9241,112.62712,502,67.600178
-7.22303,113.70202,-11.706,67.614943
-8.13582,111.70489,117,67.620464
-7.30319,108.83978,282,67.626034
-7.78378,111.38947,158,67.641991
-7.93755,113.95228,461,67.658503
-7.78817,114.38064,118,67.722068
-6.27823,108.58249,-25.766,67.763684
-7.91845,113.89141,281,67.792951
-6.73994,108.58193,3,67.795199
-7.32442,109.11852,1096,67.83092
-7.87331,109.94036,-8.354,67.832376
-7.50362,109.85807,528,67.841603
-8.43512,111.8951,-285.362,67.842641
-7.02599,108.35622,581,67.847894
-7.06239,114.60737,-62.42,67.866144
-8.53047,112.8642,-404.412,67.911064
-7.46251,107.9629,916,67.948822
-6.9269,107.21395,478,67.963908
-7.23894,109.5706,761,67.966995
-7.88836,113.77862,390,67.998523
-8.42481,111.89835,-294.046,67.998675
-8.58635,113.5596,-466.955,67.999369
-8.04252,111.73381,121,68.009126
-6.33429,108.71013,-24.151,68.017284
-7.0604,112.18404,7,68.029488
-7.15007,108.01915,741,68.032192
-7.85542,113.07598,439,68.061847
-6.42617,105.62513,-61.977,68.079942
-7.28048,108.55625,92,68.085896
-7.92037,109.07353,-62.431,68.092589
-8.26306,113.5187,23,68.126802
-7.34458,108.53597,73,68.131583
-7.79377,111.38632,161,68.132815
-7.231,109.00121,234,68.139372
-7.92406,114.19585,746,68.145828
-7.68701,109.99885,44,68.157953
-7.44207,109.66402,476,68.168392
-8.09076,109.73031,-469.125,68.18098
-7.62715,110.58602,325,68.200805
-6.38314,105.34809,-118.509,68.207985
-8.1932,110.54986,-90.873,68.21858
-7.26658,107.39793,1576,68.23405
-7.06186,107.1713,978,68.25202
-6.93749,112.22253,18,68.259774
-8.28784,113.36869,7,68.26289
-8.50971,113.0129,-652.676,68.266071
-6.76799,113.27304,-39.818,68.273024
-8.14006,113.69975,166,68.28941
-8.52818,111.86578,-332.233,68.294017
-6.73504,110.01301,-35.124,68.304278
-8.08757,110.86716,254,68.31668
-6.50048,109.43152,-36.268,68.32749
-8.20575,109.73201,-750.826,68.338213
-7.52432,109.92328,795,68.345793
-7.36449,108.67591,18,68.358587
-8.59674,112.13101,-539.028,68.369071
-6.99443,110.98602,87,68.380653
-6.88437,112.3816,24,68.392974
-7.94673,111.47947,108,68.402636
-7.87242,110.22413,31,68.416122
-7.90345,110.21438,30,68.424594
-8.40412,112.04654,-183.389,68.428764
-7.1545,109.17173,842,68.445415
-7.30134,110.40303,527,68.451557
-6.79176,105.25583,334,68.47153
-6.78083,112.12964,-15.392,68.477338
-7.10563,114.73647,0.368,68.497945
-6.83319,112.39758,-14.134,68.539445
-7.36418,107.95046,947,68.550377
-7.77468,113.67179,97,68.553752
-7.3311,109.3151,258,68.586514
-6.88364,113.37969,3.282,68.60256
-8.00465,114.31279,494,68.620196
-8.14768,112.55702,326,68.636123
-7.82255,113.5863,635,68.636739
-7.13205,109.03666,188,68.648362
-6.5774,105.57728,-34.545,68.653569
-7.50983,110.0545,618,68.659714
-7.10226,113.16875,195,68.671694
-6.4181,108.8303,-35.459,68.671747
-8.63913,111.40473,-651.19,68.677294
-7.05193,114.61063,-61.998,68.681788
-6.63503,112.17519,-41.159,68.701944
-7.83911,110.51946,362,68.708256
-6.21801,105.98143,272,68.717805
-8.74692,113.77441,-845.821,68.723706
-8.51781,112.01072,-374.924,68.753433
-5.90103,105.79107,-99.527,68.77832
-7.03045,114.04685,-13.413,68.784504
-7.18424,112.57364,5,68.786433
-8.05959,110.16538,-73.677,68.797362
-6.89282,112.66457,-5.575,68.800601
-6.72306,105.24255,11.041,68.823612
-8.3493,110.92665,-178.935,68.832459
-7.88362,109.93714,-22.581,68.85105
-7.05219,111.04929,80,68.862869
-7.48944,110.0609,727,68.863282
-8.62621,111.55045,-635.239,68.870319
-8.43932,110.89832,-443.909,68.872896
-6.28743,107.85347,6,68.87728
-8.77379,112.36023,-1140.341,68.884482
-7.44791,110.35714,1030,68.88855
-6.84336,112.39442,-21.14,68.89293
-8.59409,111.98666,-361.568,68.910667
-7.61278,109.73802,129,68.924276
-7.80377,111.38317,164,68.940095
-6.99724,105.8793,-591.909,68.945645
-7.74532,110.40627,183,68.984055
-7.81769,110.38348,92,68.99431
-7.84637,108.66781,-71.064,69.003933
-6.99149,110.97672,82,69.011363
-8.12662,111.81202,90,69.034625
-6.78606,111.56086,55,69.040694
-8.56531,111.56965,-411.82,69.046025
-7.89617,113.8204,284,69.05254
-6.31396,111.28029,-46.985,69.05898
-8.42933,110.90145,-418.734,69.09477
-7.57103,109.04118,107,69.100945
-6.62309,109.62274,-29.004,69.103313
-6.85354,112.39121,-27.615,69.147073
-6.58056,105.72086,33,69.156575
-8.18363,112.2608,166,69.163202
-6.73081,113.00002,-46.278,69.196648
-7.86304,109.94356,8,69.255962
-7.65382,108.87319,2,69.304649
-8.18523,109.84221,-625.64,69.306684
-6.41182,109.12108,-42.566,69.30742
-8.11826,113.70659,235,69.320949
-8.23737,112.95619,550,69.333013
-7.71751,110.55766,175,69.366315
-7.34371,110.38977,1147,69.37817
-8.3414,111.92457,-232.415,69.389814
-6.17488,105.41266,-56.12,69.391585
-8.46451,111.60139,-296.349,69.396433
-7.28253,108.26487,460,69.425067
-6.90377,113.80166,58,69.431327
-8.53125,112.15156,-443.839,69.459358
-7.04604,107.03027,1107,69.47181
-6.64558,112.1719,-39.422,69.47803
-6.40977,105.92075,71,69.506953
-8.23787,110.96175,-2.687,69.517612
-6.72205,114.71344,-80.966,69.540222
-6.53229,111.92292,-37.866,69.542296
-7.14647,108.30799,610,69.579951
-8.30898,113.36202,5,69.583498
-7.29302,108.26154,362,69.601726
-8.96699,113.72449,-2140.498,69.60456
-7.81379,111.38001,147,69.60901
-7.55047,109.04765,70,69.61497
-6.72937,108.58528,-0.746,69.623825
-5.91417,105.93146,-51.175,69.632929
-5.91491,106.07713,198,69.636585
-6.98297,112.4925,12,69.638756
-6.73985,111.85817,-17.78,69.685837
-8.22487,110.25545,-301.894,69.691649
-8.84171,113.90774,-1681.572,69.693212
-7.43308,108.65411,14,69.714463
-6.70352,105.24863,-63.027,69.714556
-7.15608,106.2659,-1680.566,69.738435
-8.01091,114.18628,1179,69.75553
-7.85726,112.79034,865,69.760045
-7.3035,108.25823,341,69.769494
-6.86379,112.38802,-15.975,69.771788
-7.59956,108.6011,364,69.773957
-6.51685,105.88686,19,69.793763
-8.08327,111.67631,114,69.793945
-8.16141,109.99142,-350.194,69.802672
-8.75696,112.79297,-1613.128,69.814703
-6.89748,106.9325,716,69.866861
-7.88027,113.7698,442,69.86985
-7.94051,109.06721,-71.026,69.888218
-8.43837,112.46575,-21.763,69.916332
-8.78566,114.06758,-1131.616,69.924978
-8.93736,113.16481,-1918.813,69.93272
-6.77811,113.26991,-37.666,69.985161
-6.87408,112.38481,2.792,70.03915
-7.95502,110.34029,19,70.041041
-6.57008,105.72418,50,70.044914
-6.20608,108.75058,-40.617,70.05885
-8.0386,110.31404,-11.284,70.074746
-6.94809,113.78782,82,70.092237
-6.79296,114.69136,-87.629,70.092683
-7.33743,107.81226,1246,70.10081
-6.17995,105.99348,93,70.126589
-8.4736,112.31198,-207.485,70.13495
-8.40013,112.19282,-337.845,70.164119
-6.79555,111.55782,113,70.173584
-8.83198,113.91078,-1590.722,70.187279
-6.4195,105.91768,52,70.188408
-6.68299,105.39835,-13.533,70.205079
-6.88992,113.23509,-14.02,70.212736
-8.08556,113.71685,390,70.215343
-7.28703,109.1769,1561,70.22982
-6.63475,112.03356,-29.306,70.232282
-8.49405,112.96996,-651.151,70.247535
-6.49951,105.31194,-107.586,70.251258
-7.26686,111.83535,95,70.261958
-6.92597,113.79474,126,70.270561
-7.49675,109.83638,446,70.284418
-7.43742,110.36046,1065,70.29719
-8.04898,110.31076,-4,70.302209
-7.1694,108.80854,347,70.326204
-7.08118,107.16516,1056,70.33263
-8.10737,113.71,291,70.36024
-8.12143,110.14606,-180.395,70.366151
-8.6291,112.12082,-669.566,70.387275
-7.13251,107.2942,1710,70.41897
-8.0172,114.2065,1380,70.42255
-8.14004,110.42477,-19.357,70.458607
-8.00935,110.60774,153,70.46496
-8.36431,113.20209,-229.344,70.483689
-7.99959,110.6108,165,70.497075
-6.89268,113.80516,21,70.510312
-7.34534,112.08024,84,70.52833
-7.05188,107.3198,1324,70.52893
-8.05507,114.32748,612,70.54326
-6.67177,111.59751,-13.654,70.549722
-6.78436,108.71615,-2.361,70.557571
-6.56394,111.91305,-36.059,70.584039
-6.9149,113.79821,105,70.653856
-6.96133,110.79475,10,70.660255
-8.5386,111.86251,-346.242,70.670083
-6.38173,108.54987,-8.826,70.68185
-6.17046,105.99648,97,70.683252
-7.67267,110.42905,388,70.68889
-5.88667,106.08604,-11.171,70.715305
-8.01244,112.31408,503,70.7257
-8.72833,111.94431,-843.655,70.731067
-6.80283,110.38085,-20.137,70.736844
-6.18484,111.1083,-50.522,70.74222
-7.38347,108.95792,222,70.769037
-8.44417,111.60778,-234.066,70.779374
-7.75573,114.39075,-41.021,70.80896
-8.65647,111.54092,-716.621,70.839049
-7.51492,108.04547,558,70.843438
-8.24714,114.23676,281,70.889188
-8.2021,109.72048,-727.031,70.894935
-8.15393,109.85205,-552.861,70.906344
-7.42703,110.36369,1118,70.92091
-6.62651,113.88806,-61.762,70.923916
-6.13098,110.93947,-53.17,70.9533
-7.06969,110.61813,13,70.97844
-7.82388,111.37685,140,71.064756
-8.30245,114.21945,193,71.073724
-6.37614,111.26088,-36.607,71.082562
-6.60485,112.04287,-34.78,71.084799
-8.29992,111.93763,132,71.099692
-7.86224,110.22732,71,71.108465
-6.54575,105.15183,-6.786,71.116129
-7.70824,109.1402,-23.161,71.121036
-8.02826,110.31731,-7.415,71.126649
-8.00746,110.32386,74,71.149306
-8.51443,110.44867,-618.456,71.178723
-7.54023,108.47394,435,71.192625
-6.46102,107.79908,33,71.222353
-8.09647,113.71341,299,71.224396
-6.38887,111.68835,-39.928,71.245004
-6.61076,110.05183,-38.127,71.254795
-7.03741,106.01223,-1095.326,71.257126
-7.4513,109.50507,102,71.279531
-8.74092,112.2279,-961.347,71.283271
-8.62279,111.9776,-478.699,71.297434
-7.05219,107.17435,952,71.30356
-7.93044,109.07037,-52.662,71.314192
-8.21022,112.07441,277,71.318561
-8.44935,110.89517,-464.144,71.340069
-7.35678,112.23382,100,71.369364
-7.62243,110.23339,220,71.391401
-6.94764,112.21935,25,71.421842
-8.20962,114.10636,772,71.437221
-6.58691,105.28484,-4.802,71.451196
-7.98247,111.36131,449,71.458421
-8.49423,111.45043,-241.453,71.459864
-6.64971,105.11865,-3,71.462611
-6.18943,105.99047,94,71.478802
-8.37202,113.34224,-35.058,71.500869
-7.62915,110.25465,233,71.504878
-8.94735,113.87449,-2228.232,71.509772
-8.20924,112.96509,702,71.542715
-6.70545,113.86344,-46.864,71.571151
-8.78722,113.63858,-1395.815,71.586694
-7.87994,110.50665,102,71.590676
-7.69836,113.83816,231,71.599724
-8.35933,110.9235,-201.828,71.608357
-7.33487,107.95986,794,71.612766
-6.80568,110.38992,-19.84,71.663642
-8.85146,113.90465,-1719.088,71.670465
-6.37608,105.64099,-53.519,71.67144
-8.22321,109.97201,-388.791,71.676624
-6.02837,106.04132,29,71.70732
-8.84135,114.05005,-1544.387,71.722206
-7.58207,107.77638,195,71.72443
-8.71882,111.94732,-815.724,71.724777
-8.27295,113.51559,22,71.7412
-8.01906,110.60466,147,71.746721
-6.34709,105.50492,-91.635,71.765357
-7.27203,108.26819,516,71.774638
-8.29329,114.36498,2.249,71.777746
-6.3659,105.6442,-47.182,71.795705
-7.82228,110.66654,556,71.823839
-6.9904,111.7798,42,71.834796
-7.66783,109.15292,7,71.843322
-7.0192,114.05036,-3,71.843713
-7.22463,108.57873,201,71.848137
-7.89549,113.06349,972,71.856974
-6.75514,113.41979,-44.797,71.882375
-8.36156,113.34552,-23.015,71.895278
-8.64305,112.97095,-1155.203,71.896019
-8.36844,110.49467,-241.463,71.90349
-7.41659,110.36696,1208,71.9134
-8.33925,110.92981,-163.374,71.919756
-7.5835,109.32109,32,71.925615
-7.77739,114.38399,74,71.935924
-6.73078,114.8542,-82.624,71.951907
-7.53714,108.76572,4,71.952002
-6.59144,112.75849,-52.775,71.967517
-6.10299,105.72728,-55.395,71.979044
-8.12607,112.42106,315,72.017348
-7.17271,108.59497,704,72.026951
-7.03946,105.57546,-15.124,72.037357
-7.11633,114.73314,-0.869,72.049905
-7.69333,110.42256,311,72.0546
-7.73486,108.12126,72,72.088521
-8.50458,111.44717,-260.628,72.126618
-6.11349,106.01441,276,72.133201
-8.02662,114.2367,1657,72.14206
-8.72458,113.51615,-1275.375,72.150505
-7.45229,109.69625,464,72.178036
-8.54894,111.85925,-362.643,72.17973
-7.80127,109.82136,10,72.19723
-8.1361,109.51193,-717.965,72.201034
-7.46342,109.35887,29,72.2145
-7.91386,110.21109,50,72.216335
-6.12483,105.42816,-39.179,72.219695
-6.03784,106.03833,42,72.234158
-8.38499,112.05257,-181.08,72.234471
-7.22325,109.00811,283,72.247924
-7.41915,109.51385,117,72.254673
-7.6666,110.99927,288,72.294054
-8.65333,112.96772,-1197.694,72.364116
-7.28589,108.70091,180,72.369432
-8.45055,112.83211,-39.781,72.388346
-7.7869,110.39318,124,72.391776
-8.07992,111.66577,121,72.395624
-8.34633,113.06421,-170.595,72.402292
-6.90707,106.92948,671,72.436943
-7.48862,108.04512,786,72.437676
-7.03276,112.47687,5,72.45036
-7.83399,111.37368,131,72.479302
-8.331,111.92787,-180.322,72.480169
-8.1685,113.83304,233,72.480247
-8.31955,113.3587,10,72.480877
-7.47341,108.78595,6,72.48211
-7.11033,107.15593,1135,72.48887
-6.74572,110.00967,-36.025,72.498646
-8.4772,112.16857,-256.839,72.507384
-8.57979,111.84948,-421.359,72.533187
-7.75158,109.83695,10,72.552509
-7.45814,110.354,967,72.60325
-6.92549,112.65438,-2.341,72.603727
-8.15094,114.12474,1142,72.62232
-7.20488,107.41752,1732,72.63228
-7.42519,109.61089,196,72.635012
-8.58735,111.42105,-475.437,72.641557
-7.22848,108.86334,266,72.643807
-8.10079,109.72714,-491.028,72.64839
-7.80621,111.52363,148,72.651309
-7.1435,108.89022,562,72.652111
-6.72499,113.42917,-47.809,72.658013
-8.5901,111.84623,-431.915,72.659076
-6.55712,105.58369,-36.705,72.667202
-8.55921,111.85601,-385.174,72.69164
-7.03002,109.7786,346,72.691841
-8.56948,111.85275,-400.584,72.707259
-8.88587,114.03598,-1922.127,72.717158
-7.69744,109.99558,48,72.758459
-7.44288,108.651,29,72.776746
-6.16096,105.99946,95,72.791108
-7.47961,109.78231,238,72.794308
-8.52422,110.4456,-653.379,72.800621
-8.41935,110.9046,-377.213,72.829001
-7.30377,108.98288,152,72.839849
-6.33189,111.57029,-42.351,72.84059
-7.20435,109.15614,1444,72.84187
-8.14821,113.8394,270,72.847071
-7.11952,112.59386,6,72.861305
-8.38248,113.33896,-49.775,72.866535
-6.19894,105.98746,100,72.881418
-8.60035,111.84299,-460.879,72.89131
-8.12916,113.70317,200,72.891943
-7.62579,110.24401,227,72.895244
-6.36096,111.66183,-39.779,72.896471
-8.12873,109.48866,-722.11,72.906398
-7.85227,110.65711,201,72.926056
-7.07517,113.035,130,72.936132
-7.44413,108.51009,66,72.948024
-8.24193,110.53454,-185.401,72.951797
-7.4489,109.68554,467,72.978221
-7.9153,113.8813,262,72.980352
-6.36683,111.68031,-39.208,72.988123
-7.05016,112.18726,8,72.988281
-8.90976,113.74273,-2041.105,72.996069
-6.81241,111.83546,5,73.025084
-7.26621,108.56574,197,73.062412
-6.3862,105.63778,-55.053,73.070169
-6.49312,105.45859,-80.32,73.097426
-5.819,105.81691,-49.125,73.097727
-8.78342,112.3572,-1175.329,73.133544
-7.10891,106.13482,-1735.189,73.150942
-7.29251,108.84313,291,73.153492
-7.83238,110.66338,389,73.174866
-7.09405,108.32459,822,73.185216
-8.17861,113.82987,257,73.192355
-8.19842,109.7089,-708.623,73.194337
-6.39706,108.83683,-36.733,73.212071
-6.75251,108.72609,-6.913,73.279098
-6.70881,114.86112,-80.083,73.295373
-8.22705,112.12727,304,73.31863
-6.58749,105.57407,-33.551,73.323296
-5.89082,105.7943,-104.776,73.336673
-5.77811,105.82984,-26.423,73.353214
-8.02977,114.24674,1768,73.35708
-8.05029,109.74304,-359.465,73.363882
-6.41621,105.62826,-65.077,73.366528
-6.95575,107.20486,506,73.378757
-8.04939,110.16858,-88.739,73.384761
-7.79483,108.82898,-10.381,73.440856
-8.61058,111.83977,-484.548,73.467643
-7.14027,111.44816,119,73.492707
-7.26054,109.09384,1237,73.51458
-5.85552,105.51159,9.187,73.537542
-8.3511,113.34879,-9.02,73.545195
-7.8201,109.38928,-36.499,73.553552
-8.3301,113.35538,8,73.571073
-8.01787,110.32058,6,73.577112
-7.02318,107.18353,938,73.599034
-7.64846,107.85916,253,73.617084
-8.56017,110.86024,-498.315,73.632766
-7.50017,109.84724,431,73.640765
-7.96558,110.33697,18,73.646225
-8.47554,110.4609,-546.048,73.64984
-7.24975,108.85664,212,73.65314
-8.63633,111.54726,-663.102,73.669526
-7.65511,111.14488,1191,73.67679
-7.04173,107.32301,1099,73.71504
-7.26044,108.85327,277,73.729184
-8.51074,113.02279,-618.82,73.736321
-6.40758,108.83357,-35.571,73.747404
-8.21695,112.09561,226,73.753221
-6.66465,105.26071,-81.685,73.812848
-8.00131,114.15573,1091,73.86927
-8.0351,112.16216,255,73.873515
-7.14035,108.45516,361,73.902848
-8.63278,112.97418,-1101.012,73.923129
-7.21783,108.86672,310,73.930041
-6.93708,113.79128,110,73.936509
-7.67614,110.40327,356,73.937073
-8.37434,113.19894,-217.805,73.965752
-8.62085,111.83655,-522.222,73.970182
-7.89297,113.81022,300,73.98571
-7.32514,108.6884,102,73.98652
-8.60755,112.1276,-576.421,73.989517
-7.01655,111.91428,270,73.992859
-7.9367,111.48264,111,73.995374
-8.66175,111.82365,-645.026,74.011343
-7.43865,109.65326,396,74.036648
-8.92645,113.16841,-1911.823,74.039111
-7.4111,109.80136,393,74.057587
-8.2264,113.67269,73,74.060192
-8.34061,113.35208,7,74.066751
-6.01889,106.04431,20,74.087231
-8.36962,110.20976,-876.518,74.09338
-6.98658,105.88267,-444.196,74.129685
-7.52656,108.76909,4,74.139087
-6.3299,110.84942,-35.007,74.176156
-7.37395,107.94733,868,74.184321
-8.01405,114.19639,1264,74.19427
-8.67204,111.82044,-688.592,74.20898
-8.65149,111.82689,-617.496,74.226957
-7.98616,111.3259,798,74.249138
-7.32446,108.83308,198,74.253166
-7.12544,111.88019,24,74.25572
-7.99464,113.03237,1633,74.25871
-6.45625,105.61564,-59.175,74.262462
-6.54294,111.9196,-36.358,74.274624
-7.62848,108.5919,92,74.286418
-7.02872,105.57888,-111.931,74.287032
-7.45597,107.94231,823,74.289251
-7.35442,107.95359,852,74.344575
-6.50915,105.30894,-104.106,74.346699
-8.64132,111.83012,-576.982,74.350016
-7.29125,108.55284,87,74.351277
-7.73314,110.69451,105,74.353157
-7.032,105.43335,-22.4,74.36193
-8.08664,111.68683,122,74.364358
-8.13653,111.84317,89,74.369623
-6.30198,105.51918,-95.961,74.411151
-7.60921,108.59803,177,74.413807
-6.51233,108.80093,-12.141,74.428937
-7.26155,108.27152,682,74.466397
-7.94443,110.34364,23,74.474754
-8.36936,110.92036,-223.815,74.479423
-8.15836,113.8362,260,74.493255
-8.97026,114.15218,-2232.564,74.500257
-7.25713,106.23388,-874.787,74.508731
-6.56045,105.43724,-74.613,74.516152
-7.09089,107.16209,1073,74.51949
-8.94818,113.16121,-1926.912,74.542392
-8.05204,111.73081,107,74.548663
-8.55519,111.57283,-387.021,74.552696
-8.63112,111.83332,-549.687,74.558388
-6.57716,105.28786,24.642,74.573219
-6.77373,108.71946,-0.507,74.576762
-8.07711,110.58641,225,74.584889
-6.42304,108.53683,-5.901,74.620106
-8.68232,111.81721,-712.538,74.670728
-8.14591,111.70166,115,74.68092
-7.32791,109.68479,564,74.68961
-6.13398,110.94885,-52.338,74.708191
-7.60581,110.18051,309,74.719043
-7.5813,109.03795,182,74.719982
-8.58292,113.1333,-554.978,74.738548
-7.85277,109.94678,13,74.752945
-8.74369,113.76413,-744.618,74.759157
-7.29038,109.18737,1424,74.77903
-7.89396,109.93389,-23.75,74.78699
-8.28953,111.94093,56.817,74.820526
-7.33459,109.11535,706,74.85889
-8.64641,111.5441,-697.49,74.871196
-8.28283,113.51248,21,74.915748
-7.54771,108.76235,8,74.92527
-7.84039,109.38291,-51.098,74.941456
-7.31389,108.25491,320,75.011658
-8.5757,113.56295,-374.652,75.013644
-6.89483,111.95233,68,75.037643
-6.75407,110.2273,-35.947,75.065562
-6.95111,110.79793,8,75.080208
-8.25818,114.23332,265,75.087704
-8.1233,111.80161,93,75.170445
-7.05396,113.0416,67,75.185004
-6.49143,108.80745,-19.422,75.185424
-7.32772,109.30456,308,75.191697
-7.35521,108.2418,341,75.240157
-8.98041,114.14897,-2329.832,75.244064
-8.06744,110.58942,258,75.246474
-7.6064,111.16014,1691,75.25273
-6.04728,106.03535,57,75.261958
-8.27912,111.9442,83,75.270895
-7.46811,110.35095,946,75.27434
-6.77858,106.53063,1383,75.31216
-6.9578,112.21617,43,75.327663
-7.25722,109.08351,1196,75.34515
-7.0292,105.72462,-484.701,75.345375
-6.39203,108.54661,-8.661,75.346377
-7.4578,109.50174,97,75.350981
-7.88661,113.78996,367,75.36211
-6.97958,109.08433,31,75.376807
-6.52662,105.88378,19,75.401933
-6.63934,105.12196,-7.492,75.411001
-6.40002,105.92383,56,75.412319
-7.04253,107.1774,860,75.458513
-6.55351,111.91629,-35.954,75.480549
-6.97501,107.19877,732,75.497391
-6.79593,106.672,761,75.499459
-8.48394,111.45366,-233.498,75.503122
-7.15232,109.03032,159,75.504754
-7.35462,108.67904,17,75.521425
-7.75574,110.40299,161,75.525049
-7.40578,107.50211,875,75.53986
-5.89607,106.08307,11,75.54403
-7.62611,111.15398,1659,75.55261
-8.08184,112.57769,368,75.582794
-8.61831,112.12422,-631.959,75.601797
-7.22937,109.57359,780,75.612667
-5.73021,105.98947,-48.119,75.64586
-8.69265,111.81394,-739.333,75.65287
-7.34768,107.80905,1254,75.67187
-6.76311,108.72279,-3.042,75.68893
-8.49075,112.95947,-627.92,75.688953
-8.29139,114.22291,209,75.756167
-7.41954,107.82782,1291,75.77836
-7.35401,110.38655,1304,75.82563
-7.83569,108.67119,-80.311,75.857883
-7.33391,108.53934,38,75.869214
-7.8441,111.37053,125,75.898428
-6.15146,106.00244,92,75.961567
-7.42275,107.93166,866,75.976935
-8.57315,113.13638,-540.799,76.006632
-6.43035,107.80867,24,76.013393
-8.40936,110.90775,-350.189,76.018113
-7.14219,109.03348,251,76.054385
-8.88035,113.89556,-1895.56,76.072238
-8.38437,113.19577,-193.283,76.116878
-6.62895,105.12527,-95.787,76.12661
-7.43251,107.92853,906,76.132422
-7.3553,108.53256,58,76.135184
-6.81667,110.6973,4,76.15991
-6.62498,111.61258,-30.136,76.162719
-6.14323,105.71452,-50.001,76.170262
-6.40627,105.6314,-62.089,76.177152
-6.6487,111.17565,-0.898,76.215752
-7.81223,110.66971,404,76.217968
-8.09063,110.29769,-33.289,76.218699
-8.19476,109.69729,-709.55,76.224455
-7.77654,110.39644,130,76.296925
-8.4406,112.80069,-58.974,76.314139
-6.62484,112.03664,-31.519,76.318275
-8.70924,111.95035,-794.287,76.344512
-6.36581,111.26412,-37.49,76.370206
-6.9987,114.76986,-61.823,76.376569
-6.61615,111.18585,-4.35,76.3961
-7.15695,108.30465,617,76.421558
-7.51735,109.90136,999,76.42635
-8.51494,111.4439,-279.741,76.436127
-8.32066,111.93114,-86.062,76.46631
-7.78431,113.66878,190,76.47231
-8.2692,114.22985,240,76.479193
-8.79691,113.63553,-1460.083,76.490412
-7.88344,113.77989,371,76.503292
-6.75963,110.24476,-33.843,76.514032
-7.02749,106.01538,-988.874,76.516547
-7.60656,110.59248,353,76.556953
-8.07654,111.65522,125,76.557015
-7.16741,108.30131,840,76.560936
-7.69815,109.14338,-16.191,76.574389
-7.98978,110.6139,173,76.587392
-8.39438,113.19261,-169.591,76.603859
-7.61911,110.2228,232,76.609439
-6.39627,105.63458,-58.402,76.641092
-6.59102,105.71753,37,76.654951
-7.25629,107.40121,1553,76.67323
-6.00939,106.0473,16,76.681354
-8.71168,113.66193,-876.962,76.695303
-7.91174,110.63844,152,76.713856
-7.84237,110.66023,261,76.756956
-7.14599,106.26911,-1655.364,76.767361
-6.14196,106.00542,97,76.770722
-8.59274,113.13023,-557.387,76.786634
-6.41826,111.67895,-39.727,76.791842
-8.21293,109.97524,-409.139,76.801029
-7.57008,109.75143,220,76.830324
-8.03696,111.3099,742,76.856364
-7.38812,107.79632,1480,76.88218
-7.34466,107.95672,804,76.907643
-8.11944,112.56588,329,76.916124
-8.13164,110.14283,-210.208,76.938165
-7.29409,109.12799,1541,76.93921
-6.79924,109.99292,-26.346,76.940817
-6.69379,105.25166,-63.219,76.947607
-8.07693,110.8705,190,76.955376
-8.28029,114.22638,224,76.955492
-7.27687,107.39467,1458,77.01299
-7.34509,107.52123,1059,77.03983
-8.5047,110.45171,-591.518,77.040709
-5.90549,106.0801,52,77.072538
-8.70303,111.81067,-756.184,77.086142
-6.91666,106.92645,621,77.117667
-6.49256,110.7986,92,77.122594
-8.02878,110.60162,136,77.14371
-7.78718,111.95582,108,77.145619
-8.47464,111.59819,-297.626,77.159824
-7.76658,114.38736,11,77.182753
-8.49404,112.30556,-330.739,77.225422
-7.39883,108.80953,34,77.291083
-6.75723,106.53735,1268,77.35407
-8.14351,109.85534,-539.133,77.357668
-8.3292,110.93298,-145.734,77.367624
-8.65252,113.681,-566.675,77.383908
-7.24055,108.27817,870,77.428825
-8.39295,113.33564,-60.067,77.438313
-9.00453,113.85646,-2389.833,77.441205
-7.03992,112.19048,7,77.461453
-7.23335,109.00494,243,77.476102
-7.93457,111.19964,1032,77.49311
-8.48979,112.01957,-356.753,77.55921
-6.71988,114.85786,-80.4,77.565999
-7.42854,109.62141,211,77.59396
-6.75642,110.00632,-35.45,77.599454
-7.61885,108.59496,68,77.602155
-8.37936,110.91721,-253.806,77.619316
-6.25609,105.96938,459,77.6534
-7.4319,109.63196,221,77.658552
-6.89615,105.33061,-87.06,77.660286
-7.43528,109.64258,299,77.66799
-6.99288,112.4894,6,77.668671
-9.083,114.26065,-2714.461,77.67488
-8.82226,113.91386,-1514.359,77.675248
-7.26688,111.83436,95,77.718212
-7.05973,110.62126,10,77.718977
-6.67498,110.88429,624,77.752428
-8.35943,110.21299,-827.183,77.788025
-7.12242,107.29738,1648,77.81081
-8.52048,112.15495,-450.722,77.814557
-7.67797,109.14974,9,77.838168
-8.04811,114.2992,1027,77.843232
-8.40439,113.18947,-125.445,77.861595
-7.32381,108.9766,257,77.901606
-8.21611,112.10527,255,77.913977
-9.01416,113.85339,-2400.355,77.946024
-6.92465,107.94196,715,77.96563
-6.33584,105.50846,-91.547,78.006408
-6.92627,106.92342,567,78.023193
-7.02275,112.48001,5,78.035205
-6.67435,105.25769,-101.015,78.039735
-8.2237,112.11677,264,78.057435
-8.86116,113.90159,-1718.345,78.102253
-8.48804,112.16516,-311.142,78.122801
-6.69096,114.72313,-79.389,78.137375
-6.7451,113.42289,-45.626,78.154946
-8.17167,109.9882,-373.304,78.176006
-7.26443,107.54672,1100,78.24308
-7.59641,111.16326,1632,78.25997
-7.70606,111.9812,56,78.277557
-6.61486,112.03975,-32.854,78.306362
-7.68339,107.99185,133,78.309126
-8.11037,110.43413,-14.194,78.344558
-7.4455,109.6748,363,78.368951
-6.39026,105.92692,93,78.377783
-8.05782,110.59244,247,78.387347
-7.57304,108.46357,398,78.410828
-7.4996,110.05772,691,78.448861
-8.74744,112.79595,-1624.577,78.468027
-8.22749,109.80076,-707.576,78.46997
-5.86549,105.50849,176,78.472543
-7.9858,111.37163,195,78.478037
-6.78627,110.70684,3,78.520122
-8.65313,112.82561,-1226.587,78.521992
-5.90557,105.49611,-31.171,78.528752
-8.64371,112.82856,-1175.77,78.601902
-8.08682,110.58337,211,78.610489
-7.87563,111.21806,681,78.622196
-8.39934,110.91092,-308.376,78.633588
-8.2927,113.50937,21,78.65885
-8.02035,114.21659,1373,78.67277
-7.31427,109.1217,1241,78.68307
-8.24261,114.38082,3.194,78.695161
-7.63814,108.58883,39,78.704788
-8.18871,113.82667,228,78.725376
-8.5451,111.57599,-367.816,78.738175
-6.66929,113.58869,-49.8,78.748529
-6.86598,108.39676,1770,78.77083
-5.9243,106.07418,329,78.791981
-7.51594,108.77246,5,78.79685
-6.22401,105.68905,-39.092,78.837935
-8.04871,114.30732,880,78.840918
-8.96007,114.15538,-2173.055,78.848162
-8.45943,110.89201,-510.935,78.854357
-6.25036,111.31401,-47.714,78.865433
-5.75577,105.54244,-13.252,78.868372
-7.56218,110.04277,465,78.874153
-8.38934,110.91408,-280.731,78.890882
-8.16623,111.93623,99,78.894818
-7.89013,110.50344,126,78.896793
-8.60257,113.12714,-559.17,78.922908
-8.51997,113.00969,-678.532,78.925284
-6.61854,105.12858,18,78.929479
-7.45568,109.70695,505,78.932079
-6.90362,112.66119,-5.661,78.941992
-8.54358,113.12695,-444.877,78.950062
-8.24812,110.95853,-9.301,78.956151
-7.46933,109.74986,519,78.977611
-7.21273,112.42057,35,79.031748
-8.71338,111.80743,-800.65,79.059903
-7.4232,108.51664,42,79.075054
-7.93008,112.76764,601,79.079105
-7.01798,105.58229,-156.735,79.097899
-7.4591,109.71765,520,79.098237
-8.76409,113.93213,-712.514,79.115237
-7.85419,111.36736,118,79.116038
-7.07429,109.76465,640,79.125878
-6.40233,108.54335,-7.765,79.131699
-7.96283,110.05392,-11.953,79.145292
-8.06894,113.15132,299,79.195344
-7.00627,111.91749,278,79.21482
-6.41267,108.54009,-6.774,79.241988
-8.05461,111.0194,521,79.252707
-7.0314,108.34444,588,79.260852
-6.51881,105.30595,-92.374,79.281569
-7.68807,109.14656,-4.493,79.289333
-7.91435,111.06348,513,79.321012
-7.97327,110.05063,-8.008,79.329426
-8.85247,114.04654,-1459.036,79.340235
-7.76615,110.3997,148,79.345479
-6.63777,113.88453,-59.126,79.355302
-8.77598,112.78698,-1556.581,79.369333
-6.73507,113.42602,-46.096,79.382902
-8.48523,110.45785,-558.02,79.389457
-7.25425,107.54993,1137,79.40825
-8.01552,114.30937,569,79.414872
-7.46578,107.97317,904,79.426649
-7.93436,113.94213,427,79.486266
-7.01983,110.63373,8,79.493648
-6.80859,110.39905,-19.347,79.504712
-8.22033,112.10623,247,79.516935
-6.75685,110.23603,-34.798,79.524827
-8.21684,111.53773,517,79.525667
-6.80504,111.55474,164,79.526847
-6.97585,105.88606,-387.489,79.542744
-7.70241,108.15877,171,79.548015
-6.9145,112.6578,-3.608,79.553273
-8.99492,113.85949,-2363.785,79.559512
-7.59444,109.31764,23,79.560977
-6.82026,110.43592,-18.867,79.592384
-7.19303,112.42673,16,79.617282
-8.02348,114.22665,1483,79.6541
-5.88061,105.7975,-72.861,79.658331
-8.1571,112.55408,321,79.678865
-7.32426,108.25162,331,79.682967
-6.96796,112.21299,33,79.69618
-7.92431,110.20782,16,79.723089
-8.63239,111.97458,-530.366,79.748958
-8.75444,113.93514,-623.086,79.757981
-8.77456,114.07109,-1035.911,79.799026
-8.03922,110.17175,-111.293,79.818816
-8.58455,111.98967,-341.68,79.819028
-6.97012,113.21007,68,79.835176
-8.56338,113.13943,-519.809,79.844521
-8.05189,114.31742,706,79.845185
-7.5863,111.16646,1419,79.84925
-8.41366,112.04352,-175.004,79.853527
-8.54032,113.11655,-422.007,79.855818
-8.1073,111.28783,723,79.880094
-8.31031,111.93438,-22.18,79.880778
-9.02379,113.85033,-2419.855,79.911715
-7.97612,110.33367,17,79.917813
-7.78106,109.68516,16,79.920324
-6.67578,114.15741,-70.441,79.921076
-7.17462,111.86484,19,79.923657
-8.03441,113.01989,1265,79.9403
-7.85214,110.23048,54,79.942228
-6.90583,112.94545,67,79.94987
-8.4144,113.18631,-92.579,79.972191
-7.5817,107.77433,233,80.000494
-8.66363,112.96449,-1257.077,80.034492
-7.1645,109.16862,910,80.053358
-6.05672,106.03234,58,80.053838
-8.26398,113.09006,86,80.066435
-8.62252,112.97743,-1050.84,80.116978
-7.88979,113.80004,318,80.120814
-7.03055,111.05608,91,80.135539
-7.43071,109.51153,108,80.138336
-6.35569,105.64743,-44.155,80.140488
-8.04554,114.29719,982,80.153715
-7.33495,108.68528,30,80.162699
-7.34476,108.68217,19,80.216829
-7.82809,110.38019,85,80.217652
-7.07671,108.47535,508,80.226264
-8.08444,113.00427,983,80.30179
-6.10402,106.0174,157,80.324022
-7.06456,113.03828,58,80.338554
-7.29568,108.6978,121,80.396505
-7.93116,113.93191,393,80.401708
-6.50189,108.80419,-14.177,80.425206
-8.05943,109.8818,-140.251,80.425804
-8.25967,112.52187,462,80.430238
-8.26622,110.24239,-389.323,80.436024
-8.87077,113.89858,-1774.323,80.449344
-6.93588,106.92041,530,80.452633
-7.64778,108.58578,36,80.467506
-8.04017,109.74623,-304.676,80.510711
-7.92422,111.06036,569,80.520712
-8.6343,112.83152,-1108.872,80.562788
-8.06991,109.87851,-202.201,80.562949
-6.73285,105.23952,10.685,80.5663
-6.99614,111.9206,259,80.61391
-8.49495,110.45478,-566.241,80.621557
-8.20264,109.97847,-418.548,80.633562
-8.48743,112.94898,-589.706,80.637955
-7.09823,106.1382,-1561.303,80.640102
-7.98909,111.38193,180,80.641795
-8.50968,112.15835,-436.999,80.652971
-7.70602,110.84479,101,80.653896
-8.40298,112.33415,-234.468,80.663262
-7.72458,108.12453,132,80.690271
-8.72369,111.80418,-840.314,80.702451
-7.95388,114.18654,850,80.706226
-6.56742,105.29088,21.773,80.747004
-7.47442,109.35541,37,80.781832
-7.07315,108.33122,1222,80.78796
-6.31329,105.51559,-96.154,80.791774
-8.61238,113.12406,-565.972,80.804714
-7.44435,107.63534,898,80.815806
-6.59757,105.57088,-36.05,80.823283
-8.03852,110.59855,183,80.824029
-8.3893,112.19623,-306.863,80.844035
-8.43399,111.61098,-198.967,80.912455
-7.81131,109.81819,15,80.929052
-6.6378,111.17905,-1.888,80.9319
-8.09649,110.58036,179,80.940064
-8.75065,113.79289,-1382.947,80.943157
-8.19109,109.68565,-726.508,80.95192
-6.32439,111.27704,-46.455,80.982309
-6.32458,105.51201,-94.102,81.017455
-7.94382,114.18967,918,81.088755
-8.29996,110.51621,-232.046,81.091143
-6.20847,105.98444,185,81.097633
-6.83496,108.40657,958,81.116364
-6.81086,106.52043,1295,81.12157
-7.30416,109.12484,1417,81.13891
-6.99795,111.06631,167,81.140933
-7.246,107.40447,1533,81.14581
-6.53641,105.8807,9,81.15045
-6.69427,113.86692,-49.2,81.159254
-7.04136,111.0527,84,81.159561
-6.1348,105.42508,-1,81.17334
-7.70782,109.99231,46,81.193012
-8.04898,109.8851,-79.56,81.22235
-8.97847,113.7209,-2144.891,81.248325
-6.06618,106.02935,72,81.272054
-8.78819,111.21461,-950.871,81.286993
-7.80341,113.66281,311,81.345606
-8.43104,111.18591,-288.698,81.386385
-7.74513,108.118,90,81.398063
-6.72519,106.54745,953,81.3989
-7.50533,108.77582,12,81.402961
-7.65266,109.01551,3,81.419587
-6.63119,110.04542,-39.005,81.42859
-7.257,111.83845,70,81.435043
-7.66393,108.87005,3,81.459481
-8.49883,112.16178,-363.401,81.460837
-8.50489,112.44484,-399.253,81.464179
-7.56051,108.27159,282,81.470087
-8.04821,110.59547,210,81.485775
-8.42098,111.18908,-275.989,81.488588
-6.65365,109.61317,-26.46,81.502339
-7.59172,109.88713,364,81.507225
-6.62692,111.18246,-3.162,81.507751
-7.44224,107.92541,813,81.540642
-7.48406,108.78257,11,81.547759
-7.61621,108.44734,187,81.555979
-8.14119,114.12782,1238,81.64757
-7.27454,107.54352,1164,81.64846
-6.98619,111.92376,291,81.686706
-8.11569,112.42431,312,81.699264
-8.1655,109.56427,-792.664,81.703642
-8.62219,113.12098,-563.248,81.738187
-8.57698,111.42434,-446.262,81.746732
-8.53503,111.57916,-366.436,81.767577
-8.17324,110.27163,-206.328,81.772521
-8.04706,111.30674,663,81.780116
-6.96538,107.20182,489,81.784707
-8.64187,113.11481,-582.592,81.797427
-6.91447,107.94517,646,81.812732
-5.99986,106.0503,16,81.820484
-8.77379,113.9291,-810.003,81.836262
-8.48379,112.30878,-276.461,81.848295
-8.51404,113.03324,-588.629,81.877945
-8.20413,112.53936,472,81.891197
-7.34492,108.24507,337,81.898811
-7.79156,109.68187,11,81.904398
-8.73403,111.80088,-910.998,81.964092
-8.80671,113.63246,-1481.984,81.975196
-8.20683,112.06377,279,82.003823
-8.63204,113.11791,-563.076,82.023364
-8.05871,113.15452,327,82.025958
-8.78186,112.21501,-1071.453,82.028033
-7.04068,109.0652,59,82.034368
-8.09486,111.00672,366,82.037382
-7.45389,107.63232,770,82.038911
-7.9298,111.91108,206,82.042443
-7.21516,107.41425,1652,82.05328
-8.66252,112.82266,-1291.506,82.080419
-7.1478,113.72556,-5.862,82.089681
-8.6517,113.11169,-618.462,82.109329
-7.82503,108.67457,-89.235,82.135614
-6.09455,106.02039,140,82.138907
-7.31532,108.69154,119,82.157788
-7.66277,109.01234,4,82.185958
-7.47618,109.77149,306,82.224581
-8.21943,114.10329,728,82.23056
-7.55827,108.75902,9,82.2497
-7.93918,111.22635,868,82.265792
-8.64282,113.68407,-489.853,82.268731
-8.07914,113.14811,283,82.304754
-7.02963,112.19369,7,82.314876
-6.68407,105.25468,-79.778,82.320797
-6.58078,112.76183,-53.688,82.328527
-8.41087,111.19228,-251.617,82.342541
-8.99052,114.14578,-2387.107,82.372151
-7.08356,108.32793,930,82.382905
-6.37288,105.78655,-9.842,82.384563
-7.69713,113.83854,231,82.393347
-8.89831,113.7464,-1979.811,82.396638
-8.25376,113.09328,114,82.440413
-6.36389,111.67105,-39.663,82.441858
-7.67018,110.28753,217,82.491221
-7.01753,106.01854,-883.173,82.492377
-8.01772,109.89494,-90.524,82.500021
-7.0411,109.77513,390,82.508803
-6.44058,107.80546,27,82.509783
-6.71022,113.57599,-49.025,82.524262
-7.45271,107.93198,788,82.541734
-6.35351,105.35727,-117.575,82.554811
-8.44109,111.18275,-299.071,82.572236
-8.19463,112.25735,171,82.580539
-7.61575,110.21219,240,82.585
-8.30253,113.50628,21,82.586507
-6.11307,105.7241,-55.529,82.591893
-8.61329,113.26639,-232.905,82.597753
-7.49469,108.77919,8,82.628922
-6.39869,111.68521,-39.83,82.637902
-7.00305,107.04382,911,82.644483
-8.03853,109.8884,-68.805,82.656924
-8.95686,113.8715,-2262.52,82.66628
-6.76087,105.37359,45,82.666879
-7.21258,113.70529,-14.44,82.675646
-6.38052,105.93,110,82.682891
-6.55958,105.72749,30,82.71601
-8.10495,111.00356,398,82.717255
-8.00735,109.89819,-117.152,82.724334
-7.0201,114.76317,-5.715,82.77808
-7.12004,107.15283,1074,82.78328
-8.47365,111.4569,-224.876,82.790233
-9.03343,113.84726,-2425.131,82.805967
-7.3957,107.50531,871,82.825177
-8.54683,113.1373,-463.722,82.839445
-8.5253,111.44065,-312.543,82.85198
-8.35703,112.20637,-113.2,82.873011
-7.01277,112.48315,4,82.888416
-8.34632,112.20975,-46.88,82.902433
-8.02809,109.89169,-75.051,82.904407
-6.14479,105.42199,38.705,82.904836
-5.82931,105.81365,-41.747,82.91567
-7.52927,108.47741,472,82.91841
-7.32433,109.29393,393,82.936481
-8.2468,112.95328,549,82.940766
-8.73528,113.51279,-1327.733,82.965545
-7.6169,110.58922,335,82.970569
-6.71168,114.71667,-79.313,82.971783
-7.93759,109.63595,-33.614,82.974249
-7.92719,109.63925,-32.29,82.988477
-7.84756,110.09015,112,82.991618
-8.11732,111.28467,703,82.99614
-7.00282,112.48627,6,83.000555
-7.51869,108.04422,511,83.00706
-8.7448,113.93819,-522.343,83.02232
-8.07318,111.64465,262,83.039369
-7.60531,109.31421,11,83.070496
-7.26722,106.23069,-838.201,83.092901
-7.32123,108.39786,149,83.101806
-7.06319,109.76815,579,83.109614
-7.1359,106.2723,-1556.287,83.121987
-6.4085,111.68208,-39.752,83.131494
-7.9866,110.33039,22,83.165973
-5.94304,106.06825,109,83.182015
-8.25834,110.95533,-14.934,83.203215
-7.27113,108.8499,214,83.205053
-8.13304,109.85864,-512.175,83.210452
-8.37544,112.05557,-175.313,83.23018
-7.9043,109.93065,-31.175,83.243608
-6.55615,105.1485,7.208,83.2482
-7.7706,109.68842,19,83.250973
-8.69965,111.95339,-768.493,83.312366
-8.08042,109.8752,-291.34,83.346605
-7.45267,108.64786,24,83.352687
-7.30549,108.69468,93,83.392203
-7.67288,109.00918,3,83.403634
-6.52851,105.30296,-75.065,83.435418
-8.19979,112.96804,762,83.439049
-7.61629,111.15706,1656,83.46503
-6.07564,106.02636,99,83.472537
-7.67726,110.99593,298,83.474145
-6.16988,111.06142,-54.601,83.487933
-8.56505,113.56631,-287.923,83.494343
-6.71569,110.87156,207,83.496303
-7.86428,111.36419,120,83.504462
-7.65738,108.5827,15,83.545657
-8.74595,113.50944,-1400.095,83.549632
-8.5399,112.86123,-403.293,83.565916
-7.15414,108.88688,701,83.566588
-8.03601,110.03087,-141.648,83.605354
-7.48651,109.80401,331,83.695648
-8.40075,111.19546,-233.976,83.727836
-8.75657,113.80521,-1279.596,83.775044
-7.54111,108.61971,454,83.851084
-6.35546,111.26736,-39.2,83.862927
-5.84971,105.95178,-72.065,83.890314
-7.31379,108.97975,243,83.909989
-8.91545,113.1718,-1896.12,83.925166
-8.03726,114.30258,814,83.943551
-6.69411,105.39481,7.884,83.951299
-8.52496,111.58234,-347.331,83.955428
-7.47275,109.76067,424,83.957531
-8.2057,112.25388,259,83.963454
-7.28182,108.84653,160,83.967412
-7.9339,114.19277,839,83.972307
-7.05216,109.77164,482,83.99938
-8.66152,113.10859,-660.865,84.011075
-8.14184,110.13959,-256.408,84.014645
-7.79389,113.66577,208,84.053287
-6.50439,105.45499,-79.05,84.109055
-8.40345,113.33234,-57.964,84.14347
-6.76711,110.00297,-30.816,84.230367
-7.68696,109.71472,53,84.235031
-7.95235,110.05724,-22.037,84.253973
-6.62093,110.04863,-38.475,84.255969
-7.61616,109.3108,10,84.282117
-8.19566,109.83891,-649.999,84.343888
-7.97996,110.61698,191,84.349391
-8.98536,113.86251,-2349.879,84.351911
-8.81814,114.2001,-872.324,84.353626
-6.54693,105.58692,-42.389,84.366771
-7.19479,112.5703,5,84.434098
-7.62346,109.73469,56,84.442544
-7.23572,107.40773,1525,84.45025
-8.24562,112.09598,204,84.461092
-7.86536,113.07288,508,84.493722
-7.98369,110.04736,-1.942,84.50269
-7.63411,109.73135,196,84.504077
-6.99229,107.04719,967,84.511605
-7.29373,109.19784,1231,84.5427
-7.04972,110.62441,10,84.590382
-6.18187,111.09894,-51.255,84.611391
-8.1853,111.97374,111,84.631334
-7.05679,107.02687,1051,84.64104
-8.38315,114.33674,19,84.656812
-7.43334,107.30542,221,84.660646
-7.74294,110.69144,105,84.6942
-8.22592,112.10218,230,84.695514
-8.63301,113.68715,-396.928,84.699122
-7.1634,109.73661,1316,84.71067
-6.9651,105.88946,-312.65,84.713565
-6.30356,105.95437,620,84.721696
-6.85525,114.67194,-81.706,84.723547
-6.97813,112.20979,21,84.725961
-7.01953,105.72767,-334.258,84.727636
-8.45115,111.17958,-313.079,84.739192
-7.3346,108.24835,330,84.741727
-7.99635,111.32268,712,84.767857
-6.66234,111.60054,-33.609,84.781951
-6.77206,105.37003,50,84.784232
-8.02641,114.30597,696,84.795679
-8.03918,111.5384,814,84.814379
-6.82229,110.41133,-19.017,84.817389
-7.64255,109.0187,3,84.83455
-8.80806,114.20327,-709.85,84.844988
-7.93501,108.78502,-94.511,84.850207
-8.37317,114.33987,15,84.861305
-8.87476,114.03951,-1720.864,84.862139
-8.48471,111.59502,-280.459,84.867324
-8.66065,113.53627,-1008.315,84.875371
-6.88705,112.95131,-0.334,84.900666
-8.55017,110.86339,-533.243,84.902454
-8.19874,113.82352,265,84.918305
-5.90346,105.93486,-45.676,84.922614
-8.19231,109.98172,-418.909,84.936485
-6.63331,109.61955,-27.746,84.947795
-6.75022,111.85492,-15.362,84.957831
-5.93367,106.07122,247,84.971598
-7.13075,111.45114,108,85.01157
-8.63924,112.40258,-850.779,85.024462
-8.06465,111.01623,402,85.03345
-8.42441,113.18316,-64.571,85.041042
-7.39766,112.22103,44,85.16964
-8.13983,111.85354,86,85.272733
-8.39066,111.19864,-209.171,85.292116
-7.45461,108.50679,114,85.3596
-6.08509,106.02338,115,85.368038
-7.92431,113.62486,1951,85.36806
-7.25105,108.27484,720,85.457588
-8.81257,113.91691,-1422.153,85.463635
-7.29645,111.82609,133,85.464193
-6.5462,105.87761,16,85.473903
-7.99702,109.90143,-133.413,85.488408
-6.60813,105.1319,-22.481,85.518103
-8.20632,112.10833,263,85.571487
-7.96249,111.29886,765,85.589633
-7.4158,107.49894,890,85.647425
-8.2272,111.53449,478,85.656572
-8.61225,112.98067,-951.245,85.657639
-7.35787,107.80584,1249,85.68224
-8.12737,111.2815,704,85.683303
-8.2022,114.39355,-6.498,85.693211
-7.43828,112.20826,36,85.701802
-6.4508,107.80227,30,85.714405
-7.62705,109.30738,12,85.71959
-6.82168,106.51702,1273,85.73501
-7.80206,109.67856,-11.876,85.736798
-6.94547,106.91742,506,85.741274
-8.94989,114.15858,-2074.201,85.748508
-8.02896,110.17498,-134.679,85.776269
-6.80008,106.52385,1245,85.78711
-8.51488,111.58552,-324.306,85.788269
-6.37328,105.35114,-116.985,85.794667
-6.78931,106.52725,1231,85.79539
-7.94062,110.48753,111,85.852874
-7.10228,107.3038,1564,85.85394
-7.93386,110.347,28,85.885269
-6.70132,114.71991,-79.061,85.891248
-7.1426,107.29101,1501,85.91931
-7.91676,109.64252,-33.127,85.94034
-8.23712,113.66932,69,85.955438
-7.99237,111.39222,187,85.98649
-8.36881,114.1986,141,85.987596
-7.33893,109.6813,449,86.031731
-8.08937,113.1449,253,86.037421
-7.46591,109.73907,491,86.072973
-6.29406,105.95738,680,86.08228
-8.12255,109.86194,-489.811,86.093581
-6.54925,105.44078,-74.559,86.095074
-8.09097,109.87187,-340.876,86.102804
-7.8791,111.92695,225,86.114162
-6.28458,105.96037,641,86.129851
-8.00113,110.46848,154,86.182348
-7.93391,112.62405,506,86.193255
-8.71968,113.6599,-893.24,86.203479
-7.69305,109.00285,10,86.21134
-7.34998,108.53955,74,86.240991
-7.7032,108.99966,8,86.248572
-7.84766,108.95426,-95.728,86.261405
-7.85804,108.95101,-88.983,86.263585
-8.46949,110.88883,-528.157,86.279113
-8.61822,111.26862,-590.533,86.305736
-7.27662,108.56248,121,86.335011
-6.16488,105.41576,-24.409,86.35407
-7.42689,108.21909,325,86.367296
-6.78853,109.99628,-26.537,86.367913
-7.99739,113.17373,604,86.389537
-7.36704,112.23059,92,86.424926
-7.79729,111.95265,256,86.429428
-6.80534,106.66904,672,86.434194
-6.64906,113.88102,-56.751,86.463326
-7.71412,109.28001,-21.636,86.471545
-7.81619,111.23671,473,86.496652
-7.32326,108.54271,37,86.497621
-7.68296,109.00602,1,86.497769
-6.80659,110.70047,3,86.50551
-7.00941,114.76651,-33.273,86.549662
-7.01929,112.19691,7,86.553303
-8.78353,113.92604,-1037.835,86.57583
-8.18196,109.98497,-397.413,86.592883
-8.9476,112.73326,-1935.941,86.602527
-8.6249,112.83448,-998.864,86.685314
-8.36773,112.203,-205.203,86.693799
-6.53824,105.29995,-47.282,86.722409
-8.02681,111.31309,642,86.75603
-7.46174,109.50181,90,86.767356
-7.18308,108.59173,557,86.779936
-8.09827,110.8638,210,86.797717
-8.62316,113.69023,-336.6,86.817005
-7.58236,110.10645,443,86.841738
-7.08755,106.14158,-1447.894,86.857254
-8.3806,111.20181,-194.227,86.928787
-8.31233,113.50322,16,86.947685
-8.25368,112.21119,160,86.952216
-7.23425,109.01143,250,86.985051
-8.7566,113.50609,-1451.653,86.98526
-8.70579,112.38164,-982.503,86.997546
-8.26855,110.95211,-16.13,86.997798
-8.16766,112.12045,228,87.007048
-8.48413,112.93848,-569.936,87.02062
-7.44747,107.35004,119,87.04111
-8.33559,112.21313,9.069,87.094383
-8.31914,110.93614,-116,87.10395
-8.51991,110.87292,-595.011,87.114788
-7.20295,112.42363,26,87.128351
-8.70823,111.24033,-769.313,87.158705
-8.37849,112.19964,-265.534,87.191731
-7.31823,111.39244,105,87.230727
-8.53005,110.86974,-573.948,87.235384
-8.55361,113.14251,-478.074,87.238884
-8.49474,111.59185,-271.267,87.241502
-6.5577,105.29391,-3.786,87.273223
-8.03011,109.7494,-270.169,87.276802
-8.81658,113.62937,-1504.474,87.289785
-7.84249,109.95,12,87.307264
-8.46123,111.17639,-318.765,87.31249
-8.60831,111.27174,-565.092,87.314931
-8.0973,111.29096,713,87.325882
-8.69812,111.24349,-753.315,87.327915
-6.63421,111.60959,-31.223,87.331026
-7.28656,111.82918,126,87.346117
-8.7183,111.23716,-797.433,87.359343
-8.54014,110.86656,-552.025,87.376409
-8.52725,112.00775,-360.781,87.396417
-8.02277,112.31086,422,87.404035
-8.5048,111.58868,-296.994,87.414058
-8.04236,114.28701,1313,87.41914
-8.29029,110.51925,-234.724,87.428005
-6.79646,110.70365,4,87.429183
-8.05415,111.872,94,87.451839
-7.86844,108.94775,-78.118,87.465638
-6.12772,105.86405,8,87.517579
-8.04472,112.15913,244,87.528205
-8.13979,109.52357,-691.917,87.557737
-7.90482,108.79449,-86.773,87.566009
-6.74971,105.37714,33,87.592503
-7.57864,107.76548,274,87.602559
-6.12313,105.72091,-57.896,87.605275
-6.34509,111.27059,-41.137,87.611846
-6.46629,105.61246,-59.874,87.61813
-7.74476,108.8447,12.398,87.670807
-7.99569,111.40254,138,87.698584
-5.99033,106.05332,20,87.728857
-7.74171,109.84005,8,87.743876
-8.12144,114.13404,1555,87.74763
-8.35862,110.49776,-227.731,87.75422
-7.46247,108.64474,16,87.761337
-7.64469,109.72803,147,87.779158
-6.92781,107.06751,848,87.795873
-8.68805,111.24663,-740.052,87.796636
-6.84229,107.09449,577,87.822684
-8.79797,114.20644,-528.343,87.842028
-7.12584,106.27549,-1446.958,87.863495
-6.85307,111.53933,270,87.869215
-6.68301,113.87041,-50.377,87.898258
-6.60764,105.56769,-38.006,87.905607
-8.67136,113.10551,-730.928,87.928848
-6.9801,113.20693,75,87.929942
-6.71816,105.67728,202,88.00313
-7.94803,109.63266,-40.103,88.037661
-7.93479,110.20452,13,88.04129
-5.76803,105.83301,-26.365,88.059496
-7.71339,108.99646,6,88.098258
-8.16952,111.94666,100,88.134104
-8.62813,111.2655,-607.588,88.141244
-8.86362,114.04302,-1554.801,88.152817
-7.72328,108.22525,123,88.159589
-8.73516,113.94123,-468.749,88.194987
-8.33607,113.06743,-134.854,88.262914
-7.87444,111.361,122,88.283903
-7.21425,108.58197,170,88.313922
-8.11205,109.86525,-442.648,88.320957
-7.80658,111.0973,402,88.339183
-5.87038,105.80072,-22.76,88.340767
-7.6124,110.20157,245,88.342484
-7.36684,111.80412,189,88.366345
-7.59159,109.03471,107,88.386449
-8.37057,111.20499,-172.287,88.428103
-7.66696,108.57967,15,88.441945
-6.98835,112.20659,7,88.456973
-8.36317,114.34303,14,88.466596
-7.31263,108.54608,80,88.471618
-8.18742,109.67402,-766.889,88.503604
-6.15484,105.41889,42,88.508044
-8.61333,113.69333,-283.571,88.51082
-7.37808,107.79949,1359,88.52528
-8.10154,109.86856,-404.349,88.556328
-7.70589,108.16985,190,88.601728
-6.54798,105.29693,-31.217,88.623073
-6.97965,108.3608,835,88.627581
-7.81436,108.67794,-105.793,88.632749
-7.9143,110.92157,138,88.637368
-8.09155,112.14437,170,88.650732
-7.88546,113.06664,773,88.686845
-6.33476,111.27381,-43.914,88.695152
-8.67802,111.24976,-722.34,88.705633
-8.30969,110.51315,-230.313,88.734245
-7.87882,108.9445,-69.007,88.783125
-8.10094,112.14141,157,88.786069
-7.46249,109.72834,486,88.803073
-7.51802,109.34167,50,88.807512
-7.67948,110.41382,355,88.82746
-7.48305,109.79318,254,88.857372
-8.03918,114.27685,1401,88.85891
-8.10613,110.57728,132,88.870519
-7.63799,109.30395,15,88.886222
-8.97583,113.8655,-2319.746,88.902442
-8.12505,109.47704,-710.424,88.905416
-6.3708,105.93307,150,88.90903
-8.67191,112.81971,-1337.226,88.929053
-7.83732,108.95752,-77.914,88.968259
-8.53565,111.43739,-335.038,88.972219
-8.93807,112.73617,-1889.355,88.977152
-7.19442,109.15925,1155,88.98339
-8.09001,111.6973,119,88.999415
-8.09964,113.14167,243,89.0416
-7.46854,107.41662,199,89.056504
-7.44941,107.92161,754,89.070367
-8.79322,113.92303,-1158.193,89.111795
-7.65836,107.85596,161,89.155206
-8.6239,113.26307,-288.954,89.168704
-8.10351,109.58384,-437.036,89.172203
-6.98464,107.19571,670,89.197369
-7.81255,109.67527,-30.71,89.240938
-7.03972,110.62751,10,89.248857
-8.17729,112.11744,210,89.262332
-6.556,105.87449,10,89.273871
-7.84207,110.23363,52,89.27558
-8.18342,110.55296,-87.883,89.292348
-8.11006,112.5688,354,89.294767
-6.95435,105.8929,-283.257,89.318291
-6.66038,113.87748,-52.341,89.320616
-8.08223,112.1473,183,89.347382
-7.46509,108.5035,239,89.355899
-7.39553,110.37353,1376,89.38997
-8.72828,111.23396,-818.798,89.409509
-7.00893,112.20015,7,89.417263
-5.8396,105.81038,-33.858,89.449041
-8.23576,112.09909,220,89.475325
-7.69744,109.71143,29,89.479235
-6.31164,111.5065,-40.956,89.533077
-8.59837,111.27489,-545.301,89.538632
-5.70819,105.85184,-10.927,89.557434
-8.24822,111.66946,639,89.567068
-8.46332,111.46015,-228.88,89.575669
-8.60351,113.69642,-221.252,89.599719
-7.38681,107.65373,1016,89.60279
-6.64351,109.61636,-26.905,89.606145
-7.368,107.80265,1303,89.60741
-7.31477,107.53079,1049,89.62882
-8.15301,111.89487,105,89.63467
-8.68625,114.09887,-318.464,89.647447
-7.63243,109.02187,5,89.657838
-8.50976,110.87611,-616.772,89.707553
-8.27423,113.08685,25,89.711893
-7.22544,107.41099,1534,89.71604
-7.97148,108.04608,-699.571,89.73
-7.40609,110.37024,1167,89.73907
-7.00755,106.02172,-733.005,89.757902
-7.452,107.92226,753,89.782714
-8.47135,111.17318,-327.467,89.791864
-8.63806,111.26238,-635.719,89.803452
-6.67171,113.87393,-50.772,89.83761
-6.77781,109.99962,-27.526,89.854609
-7.17358,112.577,4,89.895546
-7.42052,109.51473,117,89.904549
-5.7459,105.54551,-7.475,89.914669
-8.668,111.25291,-705.973,89.917809
-7.17449,109.1655,957,89.92086
-8.75337,113.79498,-1382.947,89.927283
-6.13319,105.71772,-55.686,89.957903
-8.56664,111.42761,-408.936,89.967802
-7.13524,111.87714,21,89.976604
-7.02242,105.4364,-13.71,89.985765
-7.02975,110.63061,12,90.023193
-7.82136,109.81502,11,90.024488
-6.72894,105.67388,187,90.06213
-8.24355,113.0965,119,90.085269
-6.97625,111.92686,256,90.090576
-8.36057,111.20815,-158.273,90.116061
-6.73587,106.54408,973,90.14108
-7.83858,113.63723,827,90.217457
-7.38818,108.8129,30,90.226858
-8.8029,113.91999,-1279.637,90.2446
-8.15,110.42165,-26.962,90.303421
-8.64195,111.97159,-597.466,90.325695
-8.82646,113.62626,-1512.413,90.405396
-6.93856,107.06412,770,90.424696
-6.64409,105.84656,107,90.441399
-8.20652,111.54095,594,90.449903
-6.9986,112.20338,7,90.491085
-8.60196,112.9839,-818.442,90.498958
-7.00723,105.5857,-191.383,90.519258
-7.71819,109.98906,55,90.519938
-7.41778,107.78695,1400,90.53422
-7.42384,109.93982,673,90.558148
-8.67391,112.96125,-1301.622,90.568549
-6.74655,106.54071,1082,90.57082
-7.8449,113.65779,717,90.605049
-7.76018,109.69169,8,90.616996
-6.34549,105.65063,-43.324,90.632515
-8.15802,112.12349,183,90.649595
-8.39316,114.33361,17,90.656908
-7.31404,109.26167,575,90.678391
-7.98982,110.89785,139,90.68858
-8.20822,112.39531,262,90.710004
-8.43436,113.18003,-44.007,90.734935
-8.74048,113.75389,-703.163,90.738373
-8.03291,114.25674,1534,90.74486
-8.76729,113.50272,-1512.477,90.748881
-8.65801,111.25606,-677.075,90.752824
-7.18447,109.16238,1137,90.75686
-7.33508,108.82971,67,90.777016
-7.31873,109.26245,533,90.79571
-8.534,113.14873,-402.486,90.8125
-7.31064,109.25089,644,90.829698
-8.27875,110.94889,-16.929,90.832829
-7.69718,106.68041,-2468.843,90.835414
-7.27672,111.83224,106,90.84161
-8.59567,113.41416,-735.497,90.852707
-6.80194,111.83871,4,90.862264
-7.62741,106.84667,-1730.224,90.936443
-8.64804,111.25922,-656.081,90.962739
-7.88918,108.94126,-59.901,90.972081
-7.64889,109.30052,13,90.979737
-8.586,113.41721,-713.215,91.026016
-7.81891,110.52583,266,91.029191
-8.53704,113.10616,-403.236,91.032677
-8.25162,110.53146,-203.607,91.069958
-7.67237,107.99533,183,91.074538
-9.00064,114.14262,-2478.83,91.124846
-8.54383,113.14563,-444.652,91.132394
-8.76347,114.07458,-961.553,91.13429
-7.91136,109.78673,-36.137,91.257579
-8.44649,110.47008,-500.639,91.277174
-8.55292,111.00538,-519.135,91.292749
-7.92122,109.78362,-42.724,91.299667
-7.62228,109.02506,30,91.316694
-6.56655,105.14519,13.519,91.325155
-7.29746,107.38813,1239,91.34772
-8.04844,113.15773,394,91.39003
-6.26559,105.96638,383,91.449055
-7.90465,110.78238,667,91.478852
-7.48541,109.35196,44,91.47967
-8.35055,111.21129,-151.303,91.535024
-8.32216,113.50015,16,91.559569
-7.94184,110.06055,-21.2,91.56131
-6.3634,105.35419,-116.135,91.587502
-6.64355,111.60658,-33.317,91.590481
-6.27509,105.96337,502,91.596445
-8.15208,110.13635,-284.947,91.666163
-7.25399,109.07325,932,91.681952
-7.56881,108.75569,12,91.715227
-7.83859,110.37692,76,91.717379
-6.90474,111.94923,96,91.749624
-6.65387,105.84346,115,91.755296
-8.06627,110.87385,201,91.782966
-7.11579,106.27867,-1294.617,91.815019
-8.21673,112.25039,243,91.820964
-5.98081,106.05633,19,91.87023
-8.96634,113.86851,-2285.291,91.966385
-7.67646,109.71803,32,91.981715
-8.09306,109.58713,-384.394,91.989984
-8.53021,113.00648,-694.283,92.003306
-7.67208,109.86192,25,92.007174
-8.60533,113.41112,-807.53,92.026702
-7.30197,108.54946,86,92.027986
-8.23779,111.67276,620,92.040859
-8.77802,113.49933,-1556.674,92.055506
-8.48146,111.16999,-333.4,92.089425
-8.67129,113.53293,-1078.462,92.103581
-6.53805,105.44433,-75.463,92.104221
-7.56218,109.4688,296,92.108746
-6.36113,105.93614,180,92.12388
-7.67654,108.57663,15,92.15642
-7.70678,106.67737,-2531.637,92.156797
-7.92067,110.06723,7.765,92.165284
-7.53747,108.19896,268,92.17437
-8.98992,113.71731,-2144.417,92.197633
-8.18688,112.11443,224,92.201755
-7.94452,111.19661,1059,92.2122
-7.82297,109.67198,-43.177,92.224237
-8.69717,114.09542,-443.364,92.232149
-8.13134,114.13093,1314,92.27883
-8.35659,110.21024,-803.106,92.279346
-8.11397,109.58053,-506.805,92.302169
-8.12,111.7912,95,92.319301
-6.65294,111.60356,-36.625,92.349244
-7.80886,110.529,364,92.352915
-7.07684,106.14497,-1262.961,92.355373
-7.90145,109.78987,-33.976,92.372287
-6.56584,105.87137,17,92.388367
-8.0186,110.17824,-151.924,92.39558
-8.0201,109.75255,-208.482,92.44058
-7.2773,106.22752,-832.313,92.458015
-7.80233,110.67278,149,92.473884
-7.36044,108.53629,37,92.511876
-8.0224,111.48593,367,92.525273
-6.51565,105.45141,-77.142,92.556586
-8.10988,113.13845,228,92.576114
-7.43087,108.50863,40,92.609588
-6.59773,105.13521,31,92.619297
-8.30909,110.93931,-92.974,92.623828
-7.68761,106.68344,-2406.226,92.6248
-7.72367,108.99325,-6.11,92.646166
-7.8048,108.82584,-30.643,92.650071
-8.59165,112.98712,-668.012,92.673672
-8.30338,114.36184,5,92.688659
-8.56052,113.28299,-178.483,92.731691
-8.19029,112.97105,810,92.736569
-6.97539,106.76202,295,92.740554
-8.88686,113.75005,-1890.386,92.751153
-7.81284,113.65986,348,92.751411
-7.72762,110.55449,165,92.755641
-7.11235,107.30058,1525,92.7603
-7.50721,109.34507,38,92.761855
-8.41397,113.32905,-44.976,92.777171
-8.32486,112.21649,27,92.794229
-7.28714,107.3914,1276,92.84971
-7.60319,108.40631,213,92.864897
-8.64119,113.43722,-1403.425,92.959993
-8.11037,112.13844,148,92.963522
-5.86014,105.80393,-10.66,92.971843
-7.72084,109.41795,261,92.977507
-8.57627,113.42027,-650.072,93.020777
-7.97995,109.02014,-92.948,93.050731
-8.11506,111.00042,377,93.115934
-8.75127,112.22464,-1000.386,93.117361
-6.98154,107.05057,802,93.121112
-7.83849,110.94542,150,93.131595
-8.55631,111.43087,-388.559,93.131818
-8.82826,114.1969,-934.948,93.133389
-7.8163,111.52045,151,93.179693
-8.59368,113.6995,-192.172,93.249895
-8.09127,112.57474,359,93.275865
-7.90629,109.64582,-38.18,93.280855
-7.43686,107.31658,217,93.2889
-8.36032,110.22213,-809.212,93.29387
-7.58393,108.46009,317,93.305737
-8.19656,112.11139,258,93.310524
-8.08478,111.00991,284,93.31981
-6.58553,105.86513,48,93.323377
-8.47953,110.88565,-561.435,93.361632
-8.92851,112.73908,-1815.517,93.37433
-7.75276,110.68834,107,93.381104
-8.54598,111.43414,-368.67,93.412516
-7.579,110.0959,419,93.418237
-7.16274,107.28463,1380,93.42809
-7.76875,108.37029,117,93.429537
-7.82697,108.96078,-66.864,93.461233
-8.49962,110.87931,-611.253,93.472433
-8.12437,109.57725,-540.418,93.482197
-7.8846,111.35781,125,93.487671
-8.26082,110.38675,-286.333,93.496369
-8.72552,113.94427,-442.958,93.512557
-8.43729,112.79025,-76.994,93.514491
-8.83635,113.62315,-1548,93.522255
-6.9436,105.89631,-232.869,93.548188
-7.93105,109.78052,-50.751,93.550066
-8.16647,112.55115,315,93.551895
-8.28454,113.08362,7,93.598934
-6.55955,112.76844,-50.971,93.602636
-7.4635,107.62927,610,93.606246
-7.48272,109.49524,84,93.610732
-6.70522,105.39127,20,93.616672
-7.65202,109.86824,116,93.638613
-7.9867,109.90467,-116.42,93.641459
-8.49155,111.16682,-340.505,93.643137
-6.89649,112.94837,12,93.690664
-7.30636,111.823,157,93.745397
-7.91463,109.92738,-34.729,93.777376
-8.39703,111.05438,-233.257,93.808593
-5.97131,106.05934,29,93.808923
-6.59535,105.86203,43,93.812268
-8.04458,111.02257,387,93.829778
-7.82896,110.52266,158,93.835333
-8.04384,111.87524,90,93.864249
-8.68126,113.1024,-782.946,93.869763
-8.28062,110.52231,-237.087,93.884828
-8.1509,113.12556,224,93.90666
-6.95506,106.91442,468,93.917129
-8.69001,111.95643,-753.618,93.922174
-8.55436,113.56968,-198.718,93.927965
-8.2889,110.94567,-35.528,93.962175
-7.38554,107.50853,755,93.99567
-8.3659,112.05857,-148.342,94.041381
-6.17031,105.85055,18,94.044992
-6.38077,110.83353,-10.521,94.053329
-7.89955,108.93802,-54.019,94.078552
-8.61547,112.83744,-925.621,94.079954
-7.32092,109.28326,451,94.083307
-8.12011,113.13523,235,94.090284
-6.81151,110.40823,-19.149,94.107124
-8.25637,112.95031,587,94.117116
-8.07294,112.15025,202,94.135355
-8.34047,111.21444,-153.069,94.138849
-8.02444,113.02303,1346,94.14925
-6.54911,105.73082,15,94.181742
-5.84988,105.80715,-19.992,94.18335
-6.57569,105.86824,34,94.185457
-8.73823,111.23075,-854.982,94.212677
-8.2292,114.10021,642,94.269217
-8.5426,111.00863,-532.616,94.303503
-8.61502,113.40808,-877.673,94.307797
-7.01352,107.18659,754,94.30952
-7.71851,109.42121,269,94.312523
-8.63454,113.25972,-418.5,94.323277
-7.60185,109.03149,33,94.339464
-8.45389,112.84259,-45.394,94.345036
-6.57694,105.14187,57,94.346713
-7.47817,110.34777,887,94.358252
-8.14842,112.1265,130,94.412676
-8.52412,113.15186,-339.003,94.435653
-7.66205,109.86508,75,94.442065
-8.54314,112.43284,-609.678,94.453825
-8.41886,111.33144,-259.157,94.508161
-8.37022,111.34673,-186.111,94.522427
-7.90448,111.06657,281,94.523077
-6.52686,105.44787,-75.861,94.532944
-7.6553,109.72469,131,94.535043
-8.0542,112.15615,228,94.553289
-8.58842,111.27803,-523.511,94.558205
-6.61765,105.56453,-37.601,94.618828
-7.89459,111.06968,206,94.635526
-6.73856,105.38068,19,94.640391
-8.36046,111.34983,-204.166,94.671744
-8.78877,113.49595,-1595.009,94.70494
-6.99427,107.19267,625,94.712168
-8.50161,111.16364,-359.26,94.717526
-7.47309,107.6262,593,94.717784
-7.60948,109.45372,68,94.729064
-7.99902,111.41293,131,94.738365
-8.575,111.99269,-329.965,94.754341
-7.47221,109.49853,91,94.769979
-8.23524,110.25217,-328.091,94.78959
-7.99412,110.04408,-8.724,94.796536
-6.78325,105.36648,33,94.812304
-7.15922,111.44223,79,94.814329
-7.28705,108.55921,66,94.826839
-7.10575,106.28185,-1156.599,94.850751
-8.60271,113.26972,-171.507,94.86238
-7.79245,110.67587,123,94.865539
-7.61209,109.02827,19,94.912208
-7.71635,106.67435,-2584.341,94.913475
-8.27087,110.38359,-301.143,94.92206
-7.94087,109.77743,-61.774,94.931067
-7.58901,110.12746,295,94.939792
-7.94525,110.20125,12,94.974948
-8.00648,111.3195,628,94.975101
-7.89404,110.78572,565,94.978083
-5.71935,105.99291,-44.594,94.979274
-6.58733,105.13854,53,94.989969
-6.92795,111.79932,186,95.01841
-8.55007,113.14764,-472.149,95.026483
-7.29709,109.20838,1106,95.03775
-7.37372,109.95553,874,95.040877
-8.40901,111.33453,-237.528,95.041451
-8.1347,109.57399,-608.875,95.056147
-8.51162,111.16049,-377.706,95.057231
-7.80733,111.9495,268,95.069999
-7.17446,109.73313,1258,95.09696
-7.00982,105.73072,-243.059,95.103232
-7.06753,107.02348,1014,95.14206
-7.48518,109.77807,249,95.152381
-8.14064,113.12879,228,95.167837
-8.48081,112.92796,-522.463,95.189974
-8.5665,113.42334,-597.182,95.191133
-6.91893,110.66533,7,95.205699
-7.56521,109.46933,267,95.224866
-6.98625,106.75859,232,95.234895
-7.65975,109.29711,12,95.254637
-6.57012,112.76516,-52.471,95.316159
-8.26908,112.5189,454,95.337127
-8.63795,113.42688,-1332.332,95.337868
-6.66436,114.16095,-71.161,95.385481
-8.25072,110.38993,-274.05,95.399247
-8.52159,111.15735,-422.66,95.413848
-8.73796,112.79893,-1604.672,95.424083
-7.9555,111.33551,633,95.44854
-5.73601,105.54859,-10.637,95.478978
-7.83339,109.6687,-52.526,95.480024
-8.58135,112.99038,-659.951,95.495278
-7.15269,107.28782,1359,95.51724
-7.67806,106.68646,-2303.68,95.644637
-6.35149,105.93921,223,95.65996
-8.48955,110.88248,-574.822,95.671549
-8.8462,113.62004,-1635.235,95.675871
-8.13037,113.13202,211,95.704808
-7.58569,110.11694,308,95.745694
-8.23111,109.81224,-709.948,95.748295
-7.75539,108.11474,39,95.776724
-8.37993,111.34364,-172.462,95.799548
-7.39652,107.65063,1042,95.80416
-8.45301,111.46338,-291.719,95.813154
-7.6753,108.722,66,95.816118
-7.47229,108.64161,19,95.817229
-8.38662,111.05765,-221.239,95.822897
-6.62461,105.85274,31,95.826307
-7.97632,109.00868,-93.687,95.837366
-8.42868,111.32835,-273.749,95.840861
-7.71157,109.4209,288,95.873444
-8.25703,112.22178,222,95.911345
-8.90449,113.17511,-1883.261,95.921157
-7.4349,107.63837,826,95.945419
-7.83194,110.23683,71,95.960933
-8.53155,111.15421,-461.597,95.972276
-7.95068,109.77434,-75.823,95.999366
-8.29902,110.94247,-56.982,96.027307
-7.78253,110.67903,113,96.052435
-8.01662,111.31632,618,96.07113
-6.7553,105.13862,-248.314,96.097907
-8.33202,113.49704,11,96.113198
-5.69779,105.99973,-38.607,96.130173
-8.20608,109.83563,-677.937,96.134258
-7.71432,108.12779,89,96.14232
-7.66457,108.72541,126,96.153191
-7.68214,109.85877,15,96.185648
-6.31311,105.95136,471,96.203863
-8.01013,109.75568,-167.821,96.21414
-6.51786,105.74069,-2.154,96.226885
-8.17959,111.97823,108,96.256869
-8.08269,109.59039,-339.049,96.258248
-8.24789,113.66595,64,96.266963
-8.38957,111.34062,-180.628,96.271453
-7.6984,109.42751,321,96.299658
-8.3258,113.07066,-111.986,96.319689
-6.65293,114.16452,-70.671,96.322199
-5.89276,105.93824,-42.933,96.322808
-6.61488,105.85583,29,96.35252
-7.68612,108.57358,7,96.355458
-6.70742,105.68068,192,96.367658
-8.39924,111.33759,-199.25,96.383667
-6.85256,106.65435,593,96.399003
-8.29487,113.08038,-45.346,96.401231
-5.96185,106.06232,197,96.435563
-6.86201,106.65143,563,96.454039
-7.91532,110.77902,625,96.4897
-7.70843,109.42437,288,96.511578
-7.90029,110.50024,150,96.549425
-6.84533,108.40328,1199,96.55692
-7.91172,109.2189,-121.685,96.563574
-9.11586,114.25124,-2925.417,96.56896
-6.30574,111.48799,-42.468,96.597778
-8.44424,113.1769,-45.566,96.630078
-8.3507,111.3529,-217.924,96.645453
-7.19348,108.58848,363,96.659185
-8.95708,112.73035,-1967.07,96.696338
-8.0636,112.15318,215,96.7386
-7.98358,109.03158,-92.885,96.740161
-6.88838,106.78953,406,96.746421
-8.11983,112.13548,137,96.777664
-7.89475,111.35463,131,96.780833
-8.03436,111.16828,506,96.796698
-8.02552,110.03416,-113.852,96.804978
-8.64441,113.39886,-1135.322,96.813167
-6.68509,110.88112,428,96.853848
-7.46905,107.98348,890,96.885578
-6.93288,105.89972,-158.673,96.89543
-7.00391,107.18963,705,96.908798
-7.6091,110.191,253,96.91109
-8.31947,110.51008,-227.235,96.912874
-8.55674,113.42642,-576.755,96.929528
-5.95243,106.06528,107,96.941212
-7.76264,110.68524,107,96.944693
-8.25021,110.81607,-112.728,96.978897
-7.06608,106.14837,-1071.381,96.979255
-6.63434,105.84965,92,96.98174
-8.80101,113.34959,-1684.286,97.046445
-6.89928,106.78608,411,97.048162
-8.33036,111.21761,-160.424,97.098265
-8.85604,113.61693,-1743.032,97.112733
-6.60513,105.85893,22,97.120562
-7.58818,107.79477,419,97.158256
-7.70784,109.70815,16,97.162128
-7.09214,113.1719,184,97.200118
-8.07471,111.01307,267,97.265084
-6.60146,105.71423,27,97.265835
-7.96054,109.77123,-77.985,97.266942
-6.95447,105.45786,-193.222,97.282857
-8.77168,112.2182,-1055.783,97.28848
-7.95848,109.62938,-55.781,97.289737
-7.72591,106.67132,-2626.459,97.294652
-7.77257,110.68215,110,97.303779
-8.81066,113.34654,-1709.504,97.316203
-7.41271,108.51991,32,97.333178
-6.99756,106.02488,-642.241,97.355172
-7.85981,113.64513,1143,97.360062
-7.68802,110.99257,302,97.382649
-6.81452,111.5517,149,97.383365
-6.58048,106.01123,86,97.404041
-7.33189,108.39448,154,97.404422
-7.88468,111.07281,217,97.410009
-6.96424,105.45477,-149.163,97.418221
-7.3754,107.51169,725,97.418581
-6.50756,105.74395,-9.996,97.428335
-7.32485,107.52761,1059,97.486298
-8.67331,113.53959,-1008.083,97.49794
-8.22774,112.24693,261,97.540436
-7.92165,110.63534,169,97.547081
-8.1612,113.12233,224,97.547166
-6.85567,108.40003,1509,97.55485
-8.93974,114.16177,-1995.332,97.555873
-8.40747,111.0511,-236.688,97.613627
-7.17276,107.28145,1304,97.6306
-8.3632,112.48934,109,97.668906
-8.62475,113.40504,-991.867,97.683695
-7.89148,109.793,-30.418,97.687774
-7.21263,107.26881,1208,97.73087
-8.4032,114.33048,18,97.730904
-8.16237,110.1331,-311.631,97.748368
-7.51397,109.48544,272,97.757337
-8.13885,112.12951,131,97.787374
-8.78788,114.20962,-319.889,97.79041
-7.66827,107.85276,165,97.797533
-8.51416,113.15497,-293.421,97.818493
-8.64444,113.44757,-1329.99,97.843375
-7.59234,110.13805,294,97.84631
-8.53454,114.2892,28,97.848371
-7.09573,106.28502,-955.906,97.86434
-8.65428,113.39576,-1234,97.90394
-7.20203,113.70858,-14.494,97.920723
-8.31408,112.21987,56,97.928862
-8.10109,110.29441,-49.683,97.939442
-7.44167,108.5052,56,97.947406
-8.00818,110.18149,-136.525,97.954342
-7.30779,107.38486,1200,97.96117
-8.79954,113.49257,-1622.357,97.961992
-8.8659,113.61382,-1859.58,97.966956
-7.93127,110.06389,-4.251,97.979948
-7.48602,108.49696,251,97.984263
-8.03604,114.26675,1442,98.01216
-8.23332,113.09973,148,98.035023
-7.25067,109.06297,728,98.037669
-8.13747,111.27832,589,98.069294
-8.53233,111.01187,-565.117,98.078328
-7.37756,108.81625,29,98.095303
-8.11573,110.5743,97,98.108198
-7.74971,109.69498,10,98.164839
-7.34572,108.82634,31,98.194164
-7.65384,108.7288,194,98.221922
-8.23891,114.09715,611,98.243217
-6.94471,105.46095,-334.467,98.278916
-8.14313,111.86385,86,98.294006
-7.33951,108.54282,26,98.308287
-7.64202,109.87139,197,98.313426
-6.97399,105.4517,-90.262,98.363109
-7.80371,108.6813,-120.481,98.39262
-7.97023,110.62,182,98.398329
-5.86053,105.94836,-66.708,98.495667
-8.58387,113.70258,-166.453,98.524656
-6.29056,109.01663,-57.39,98.524962
-6.34185,105.94226,274,98.525313
-7.12974,108.45852,391,98.549474
-8.42318,112.04051,-165.48,98.552573
-6.96451,106.76544,316,98.57189
-7.8891,108.65422,-100.662,98.57605
-8.71588,113.94731,-413.855,98.589404
-7.59999,109.45677,41,98.597031
-7.84382,109.66544,-52.433,98.637373
-8.57109,112.99359,-676.836,98.653057
-8.2585,111.66618,536,98.66436
-8.43843,111.32527,-274.77,98.691091
-7.38504,110.37683,1445,98.69774
-8.63456,113.40196,-1093.254,98.703437
-8.54697,113.42947,-558.656,98.719566
-7.49634,109.3485,39,98.75173
-6.91706,107.07091,691,98.762001
-8.82034,113.34348,-1799.003,98.77504
-7.82223,113.65691,379,98.821597
-6.66365,105.84037,78,98.842748
-7.47711,109.49562,86,98.853761
-8.54932,112.85828,-399.289,98.853874
-8.19477,112.5423,324,98.855096
-8.26702,110.66834,-126.829,98.855678
-8.37241,112.48647,105,98.8728
-8.54151,111.15107,-502.337,98.878481
-6.62762,105.56139,-35.647,98.907196
-7.73324,110.12607,741,98.910024
-7.97044,109.76812,-78.724,98.93
-8.20343,112.05309,296,98.942092
-7.80151,110.24636,81,98.946647
-6.76056,111.85168,-13.893,98.952942
-7.80216,108.53654,-110.141,98.955533
-8.26128,110.5284,-219.937,98.986637
-8.27752,110.66505,-127.005,99.005597
-7.78906,110.81866,375,99.016044
-6.98373,105.44863,-47.03,99.020064
-8.77822,111.21784,-924.953,99.037463
-8.48067,111.02809,-314.504,99.046372
-6.74408,106.25032,769,99.050759
-8.30519,113.07714,-71.077,99.056353
-7.90107,109.22225,-98.374,99.062183
-8.18375,109.66241,-796.499,99.068796
-7.83138,109.81187,-4.365,99.11969
-8.51734,113.0437,-534.234,99.129662
-8.48041,112.02253,-310.157,99.135147
-8.78545,112.784,-1555.155,99.157402
-8.12932,112.1325,127,99.159526
-7.66853,106.68948,-2259.696,99.165511
-8.17609,110.9812,240,99.178402
-6.60926,114.74855,-67.573,99.179183
-7.61664,106.85008,-1513.179,99.189105
-8.68132,112.81676,-1375.535,99.19142
-7.46176,107.91911,713,99.211616
-6.98983,109.08113,34,99.213262
-7.81165,110.24317,81,99.227108
-8.66774,113.96248,-298.918,99.230745
-6.96621,111.92999,203,99.235101
-7.87539,113.06979,587,99.243551
-6.8775,106.79298,445,99.292805
-7.82178,110.24001,68,99.333064
-7.80318,109.39144,-17.896,99.409528
-7.3709,108.533,42,99.411091
-6.81479,106.6661,656,99.432031
-8.79581,113.20895,-1646.693,99.447212
-8.54042,113.00326,-694.872,99.463625
-7.83161,113.65397,513,99.467145
-8.78494,113.21238,-1609.205,99.477528
-8.0002,109.75879,-130.107,99.484765
-8.3532,114.34617,9,99.510449
-6.70539,110.87479,236,99.540033
-8.63147,113.40626,-1093.185,99.543883
-6.52821,105.73742,2,99.548822
-7.2846,107.54034,969,99.55629
-8.79137,113.35261,-1697.421,99.558403
-8.42873,112.46877,-2.974,99.581082
-8.21889,113.81722,301,99.605939
-8.0382,113.16093,406,99.631795
-7.35637,108.82297,36,99.636201
-7.67061,109.2937,12,99.649384
-6.84311,106.65729,610,99.665712
-8.27889,111.65979,599,99.671105
-8.64523,113.25635,-502.568,99.677242
-8.7741,113.2158,-1551.89,99.691817
-8.09338,111.70772,323,99.700667
-7.36602,108.52917,38,99.700815
-7.79939,110.81546,351,99.719613
-7.94533,111.33873,528,99.829022
-6.72743,105.38421,17,99.829294
-6.87145,106.64849,512,99.862574
-7.92237,109.21556,-141.364,99.881254
-6.5698,106.01462,66,99.895249
-8.76328,113.2192,-1513.073,99.916929
-7.53447,109.47902,194,99.925903
-7.0128,105.43945,-5.851,99.952756
-8.91888,112.74204,-1756.978,99.981603
-5.89557,105.49919,-16,99.989903
-6.66123,106.56761,526,100.018976
-8.87577,113.61071,-1978.701,100.095139
-7.48211,108.63849,24,100.096602
-8.57846,111.28117,-483.453,100.102126
-6.93496,105.46403,-448.17,100.11928
-7.22264,107.26563,1125,100.14215
-8.7525,113.22258,-1451.918,100.155859
-6.79154,111.84197,-26.741,100.163424
-8.65811,113.96552,-234.58,100.17541
-8.25589,110.24564,-369.957,100.180096
-8.2406,110.39313,-255.866,100.230653
-8.34096,111.35597,-226.843,100.239316
-7.73397,108.99001,-4.5,100.254383
-8.27094,110.52536,-233.28,100.262722
-7.61893,109.45068,80,100.268418
-8.18075,112.97404,882,100.304706
-6.5912,106.00785,87,100.307652
-7.51825,108.48091,363,100.327222
-8.6774,113.95943,-344.146,100.338482
-7.47202,107.42764,137,100.338981
-8.50417,113.1581,-256.387,100.359144
-7.89584,109.64912,-37.524,100.372231
-7.03633,106.44916,-278.071,100.376391
-7.57154,109.46587,163,100.378884
-8.49103,111.02483,-374.595,100.380485
-8.17272,110.12985,-346.576,100.381772
-7.53408,109.47768,194,100.384575
-8.67538,114.10229,-245.051,100.403813
-8.76149,112.22141,-1025.918,100.413168
-7.6957,108.57052,-7.686,100.434441
-8.66412,113.39265,-1264,100.475888
-6.23421,105.68582,-35.782,100.498344
-7.51069,107.90337,1024,100.502654
-7.99029,109.76191,-94.515,100.503878
-7.81663,108.96404,-6.536,100.510409
-8.53722,113.43254,-462.073,100.543906
-6.8809,106.64553,528,100.560241
-5.70854,105.99632,-42.444,100.61082
-7.98037,109.76502,-82.175,100.614779
-7.77222,108.38133,96,100.625535
-7.20387,108.58522,235,100.634961
-7.95576,110.19794,5,100.643109
-7.08571,106.2882,-820.127,100.660872
-7.31749,109.2725,505,100.715472
-8.45413,113.17379,-59.902,100.722763
-8.28805,110.66174,-144.629,100.741007
-8.91786,113.45542,-1787.11,100.743687
-8.70816,114.09197,-531.952,100.777231
-6.53864,105.73413,4,100.778509
-8.80668,113.20555,-1685.5,100.781167
-8.44266,111.46666,-288.711,100.798336
-7.42542,107.6414,831,100.824481
-6.53674,105.59016,-42.828,100.829764
-8.0228,110.74523,391,100.832482
-8.03349,111.87851,92,100.837116
-8.6515,111.96857,-644.526,100.872208
-6.92521,105.46711,-535.126,100.879239
-7.69672,108.7152,-50.215,100.893147
-7.89983,108.65081,-108.316,100.895587
-7.51511,109.48363,272,100.900562
-6.92509,111.94286,221,100.9081
-7.93415,111.05725,236,100.934122
-7.74354,110.12282,702,100.973446
-7.66592,109.72135,67,100.97638
-7.90486,111.35146,151,100.99879
-7.65901,106.69248,-2251.235,101.002
-8.68703,113.95641,-359.091,101.002867
-7.45245,108.50177,95,101.008151
-7.02562,106.45255,-234.862,101.042749
-8.23865,112.2435,236,101.051945
-6.96022,113.21317,71,101.058028
-8.03343,110.74188,396,101.062372
-7.07827,107.0201,1001,101.07037
-8.01125,110.46532,302,101.150394
-7.04706,106.44576,-314.205,101.15202
-6.34019,110.84619,-32.432,101.160809
-7.68602,108.71858,3.859,101.173816
-6.92221,105.9031,-141.33,101.176184
-8.00767,113.17052,643,101.178051
-8.00459,110.04079,-41.91,101.189127
-7.52424,109.48223,178,101.191425
-7.30049,109.21901,945,101.200392
-8.09433,113.00116,942,101.254109
-8.31551,113.0739,-78.981,101.265643
-5.88553,105.50229,86,101.279824
-7.41587,107.64445,1087,101.29186
-7.12977,107.14974,878,101.308663
-6.73972,105.67046,177,101.312491
-8.70624,113.95035,-405.662,101.321716
-8.34193,113.49393,9,101.322453
-7.42981,107.29427,179,101.381949
-8.26096,110.8127,-113.648,101.395984
-7.42751,107.78388,1364,101.40712
-8.30331,112.22325,99,101.429294
-8.32026,111.22078,-164.027,101.442953
-8.4703,111.03136,-275.638,101.446138
-7.09978,107.01334,1042,101.47803
-6.99344,105.44557,-21.314,101.478351
-8.68417,112.95802,-1360.521,101.480223
-8.56085,112.99681,-692.075,101.48067
-8.2325,114.38401,2,101.506058
-8.42376,111.61419,-152.33,101.511812
-7.8119,108.53345,-104.88,101.552425
-7.93047,110.49074,141,101.567867
-6.91543,105.47023,-585.213,101.575013
-7.05528,106.15179,-937.047,101.591085
-7.70233,109.42385,309,101.598862
-8.15524,109.5675,-741.357,101.612658
-7.90989,108.93477,-41.782,101.646164
-7.7319,109.84314,8,101.648843
-7.03055,109.06837,56,101.655375
-7.5493,108.47723,420,101.661789
-8.62824,113.39603,-962.32,101.664842
-8.87539,113.75366,-1824.415,101.69164
-6.78844,105.24517,123,101.736166
-8.82999,113.34044,-1945.48,101.756655
-8.23754,111.53124,363,101.757582
-7.36697,108.81961,44,101.761537
-6.9056,105.47337,-564.097,101.768934
-8.81026,113.48918,-1646.485,101.789994
-8.69663,113.95339,-382.068,101.808874
-9.00134,113.7136,-2145.537,101.853748
-8.74175,113.22596,-1418.86,101.856713
-7.85422,109.66218,-46.014,101.868926
-7.40624,107.64753,926,101.881056
-8.36277,112.34678,-39.851,101.893558
-6.71632,105.38774,22,101.897407
-8.28094,110.38041,-318.365,101.909928
-6.17288,111.07076,-54.543,101.917469
-7.83478,108.81645,-54.2,101.990269
-8.74822,111.22752,-873.838,101.992985
-8.54464,114.28603,23,102.016232
-8.24788,111.52797,449,102.053147
-8.55146,111.14793,-569.645,102.102402
-7.23752,109.02161,225,102.12185
-7.72852,109.98583,54,102.13521
-8.5275,113.4356,-453.373,102.135495
-7.47556,108.50023,240,102.173515
-7.5313,108.62282,246,102.198693
-7.83219,109.95325,10,102.20223
-7.00314,105.44251,-12.356,102.205037
-7.70403,108.1594,171,102.225617
-8.6347,113.41655,-1186.4,102.227907
-7.44607,107.91119,721,102.233169
-7.30725,109.24021,733,102.265055
-7.28736,106.22432,-813.269,102.268746
-8.49414,113.16126,-192.647,102.273111
-7.86909,113.64222,1137,102.34411
-8.64845,113.96855,-190.115,102.347194
-8.78173,113.35564,-1705.095,102.349061
-8.56142,111.14479,-614.704,102.359428
-7.75379,110.11963,740,102.395041
-7.72866,109.41802,258,102.411221
-8.42448,113.32574,-35.861,102.416882
-8.34661,110.78575,-192.9,102.416994
-8.18313,110.12658,-359.951,102.427191
-7.92494,108.78819,-91.483,102.449648
-7.71826,109.70486,11,102.474871
-8.44821,111.3222,-279.299,102.507533
-7.97269,108.99724,-92.061,102.539871
-8.60602,112.84041,-882.922,102.553816
-7.83645,111.51416,137,102.585282
-7.98428,111.04149,481,102.592371
-8.00453,113.02928,1427,102.5939
-8.67396,113.38954,-1301.298,102.615765
-6.17888,111.08956,-51.841,102.643168
-6.4973,105.74717,-11.907,102.691696
-8.55334,113.15803,-455.367,102.740235
-8.2818,111.09065,3.884,102.743253
-7.01491,106.45595,-176.853,102.77142
-7.1588,113.72214,-6.821,102.77583
-9.01077,114.13941,-2522.477,102.77859
-6.55911,106.01799,59,102.782818
-8.52448,114.29235,28,102.807279
-7.91981,112.77085,711,102.813137
-8.68033,111.95947,-737.84,102.824575
-7.5252,108.04218,445,102.859374
-6.94932,107.06073,685,102.863378
-7.79143,110.2495,88,102.875536
-8.65591,113.25299,-711.641,102.900525
-7.7924,108.53965,-127.636,102.911972
-8.22735,111.67603,443,102.935275
-7.6922,109.8556,15,102.952566
-8.29855,110.65843,-163.163,102.967613
-8.51446,112.44181,-479.983,102.976653
-7.91056,108.64742,-113.251,102.97761
-8.10063,112.57177,355,102.977866
-7.8418,113.64749,671,102.986815
-6.99649,105.5891,-177.852,102.996102
-7.54468,109.4758,265,102.996231
-7.70532,108.56746,-37.734,103.005323
-8.0077,114.17611,1077,103.00849
-7.92606,110.77564,598,103.008794
-8.88567,113.60761,-1987.985,103.021906
-6.82423,106.66315,625,103.02974
-6.33533,105.65383,-39.601,103.049877
-8.03305,112.30764,406,103.052646
-6.61259,106.00107,92,103.055327
-7.80628,108.9673,-17.322,103.062901
-8.25865,113.66256,62,103.070703
-8.19354,110.12331,-380.863,103.09256
-7.79873,110.53218,159,103.104619
-7.99778,110.18474,-107.016,103.125993
-8.51783,113.43862,-454.157,103.131801
-8.57103,113.27969,-168.847,103.134937
-6.84342,111.54241,256,103.148452
-7.05781,106.44236,-299.06,103.168551
-7.64948,106.69548,-2201,103.17331
-8.46407,113.17069,-86.327,103.189796
-8.01215,110.74857,395,103.21595
-8.83842,114.19371,-1010.098,103.22456
-7.50359,109.48869,132,103.250065
-8.69126,113.09927,-836.43,103.253687
-7.79306,108.68466,-121.514,103.267931
-8.50139,111.02159,-484.608,103.268045
-8.52209,111.01509,-573.704,103.276012
-6.69795,105.97406,97,103.28924
-6.54846,106.02136,101,103.298424
-7.42006,108.51205,45,103.309709
-7.50703,108.49038,372,103.37006
-6.80319,114.68818,-90.118,103.400805
-8.32118,110.36775,-442.07,103.408511
-6.62329,105.99769,83,103.431734
-6.60189,106.00446,73,103.432602
-8.28918,111.65655,587,103.45124
-8.2486,114.09411,592,103.453977
-7.28267,107.24661,877,103.485536
-8.81753,113.20212,-1718.489,103.495601
-6.99709,106.75516,217,103.497769
-6.47631,105.6093,-49.622,103.514705
-7.73013,109.41496,204,103.558891
-8.41328,114.32731,16,103.563022
-8.37625,111.06091,-209.332,103.569587
-8.33115,111.35906,-213.498,103.609248
-7.84918,110.3736,71,103.625635
-7.57935,108.75235,10,103.675606
-7.59571,110.14874,332,103.684478
-6.91479,111.94609,102,103.695765
-7.61685,109.45317,80,103.699486
-8.99352,112.86207,-1770.929,103.701332
-6.89574,105.47651,-427.789,103.724261
-8.17585,112.54822,304,103.733987
-8.17364,110.55604,-55.777,103.735436
-6.95602,111.9332,196,103.747836
-7.88148,109.79613,-27.506,103.749502
-6.32267,105.94834,333,103.755993
-8.48409,113.1644,-149.387,103.771631
-5.87549,105.50541,71,103.784136
-8.2088,113.82038,257,103.795709
-8.3488,110.50086,-219.208,103.802929
-6.93544,111.93963,182,103.858868
-7.68149,109.29028,7,103.864997
-7.43717,108.21582,316,103.887523
-7.80997,109.39246,-25.916,103.896701
-7.97639,109.90791,-93.833,103.89744
-8.50816,113.44166,-357.187,103.901109
-8.30908,110.6551,-194.062,103.903333
-8.21231,114.39036,-7.964,103.914724
-6.6376,105.55823,-33.052,103.929775
-7.08902,107.01673,1006,103.95478
-8.75241,114.07806,-865.543,103.973853
-8.55062,113.00004,-701.628,103.992576
-8.47406,113.16755,-100.774,104.013436
-7.51758,108.48711,381,104.034922
-7.73924,109.69826,11,104.044432
-7.5788,110.31615,444,104.046637
-8.17155,113.11909,209,104.050867
-7.841,113.65103,604,104.05183
-8.30993,111.65,532,104.052503
-7.07568,106.29139,-695.994,104.0579
-7.86766,112.78705,935,104.06296
-7.94007,111.90786,170,104.086753
-6.96464,106.91141,456,104.101541
-7.42584,107.4958,611,104.118851
-8.35631,112.06159,-116.494,104.148655
-8.53671,112.00478,-347.068,104.150205
-7.99577,108.76586,-118.389,104.163341
-8.73102,113.22932,-1367.158,104.21246
-8.49848,113.4447,-321.341,104.216444
-7.5246,109.48065,178,104.280446
-8.33308,113.6392,33,104.298066
-7.96627,110.19463,7,104.30348
-8.32256,113.6425,36,104.314254
-8.41795,111.0478,-240.945,104.333283
-7.11051,107.00996,949,104.35264
-7.67407,108.8669,-2.802,104.371688
-6.91015,106.78263,346,104.411649
-8.53376,113.09577,-415.93,104.413334
-7.92498,109.92411,-41.966,104.425459
-8.304,112.36946,304,104.4361
-8.4453,112.89097,-188.094,104.438792
-7.60174,109.884,308,104.457307
-7.24741,109.05264,574,104.511694
-8.01507,110.03747,-76.595,104.530109
-7.95702,108.34941,-51.612,104.551629
-7.52814,108.48382,429,104.559975
-7.49318,109.49194,96,104.563419
-7.48265,107.62315,455,104.591183
-8.68378,113.38643,-1372.714,104.602863
-8.45806,111.31912,-292.414,104.614639
-6.83367,106.66022,610,104.656424
-6.6873,105.97745,96,104.682606
-7.49651,108.49368,286,104.710363
-8.48796,111.30969,-303.691,104.717781
-5.88206,105.94161,-45.006,104.784878
-6.33225,105.9453,285,104.787026
-7.69234,109.28687,12,104.787181
-8.43226,111.46994,-209.8,104.836557
-7.70743,108.71181,-74.437,104.841717
-7.89041,109.22559,-62.026,104.854115
-7.87833,113.63931,1187,104.86616
-6.91159,105.90648,-105.358,104.891041
-8.47798,111.31284,-309.775,104.929696
-7.90727,108.79204,-86.773,104.95897
-7.95449,111.19346,1142,104.9672
-8.20394,110.12005,-391.857,104.994904
-7.5435,109.4747,204,104.999633
-8.02805,113.16412,494,105.020744
-7.59048,109.4598,59,105.03511
-7.92324,110.35034,32,105.038264
-8.49798,111.30653,-296.538,105.046452
-7.74425,108.98679,70,105.048285
-8.23042,110.39635,-236.669,105.06097
-7.84141,109.80874,-10.59,105.101206
-7.91496,111.34828,178,105.122406
-8.51175,111.01834,-551.556,105.140495
-8.66658,113.24963,-807.036,105.144336
-8.8936,113.1784,-1860.434,105.149021
-7.29751,108.55595,40,105.157798
-7.86462,109.65891,-42.536,105.177092
-8.393,112.33728,-206.82,105.20329
-6.63396,105.99432,62,105.28042
-8.48878,113.44775,-268.825,105.319311
-7.53871,108.48053,429,105.333308
-8.7721,113.35866,-1708.803,105.336494
-7.4675,109.49867,90,105.3393
-7.94654,108.3527,-36.246,105.386167
-8.47749,112.91743,-477.084,105.397077
-5.87133,105.94498,-53.609,105.410759
-6.98755,106.02804,-546.56,105.413736
-7.79591,108.97056,-33.958,105.421749
-7.00422,106.45936,-131.94,105.437883
-7.49197,108.63537,25,105.441915
-8.54363,113.57306,-88.232,105.445232
-7.17536,108.88019,282,105.458131
-8.31017,111.22395,-159.309,105.502295
-8.73728,113.74362,-694.528,105.512699
-7.7032,109.28345,-1.013,105.524902
-8.3196,110.65178,-203.921,105.534498
-6.70858,105.97071,82,105.53585
-7.55286,109.47173,173,105.5477
-6.89036,106.64258,550,105.564678
-6.65525,105.98759,88,105.571021
-7.71654,110.84148,103,105.575921
-8.57405,113.70566,-155.431,105.611809
-8.312,113.64582,43,105.627005
-7.71496,108.56437,-66.341,105.662922
-7.06856,106.43895,-311.144,105.666019
-6.67954,113.58551,-49.28,105.699117
-8.29237,111.08732,-48.341,105.711355
-7.88542,109.65239,-36.767,105.752965
-8.24948,112.24011,182,105.778495
-7.35671,111.80728,219,105.794757
-7.98562,108.76906,-111.946,105.808266
-7.88346,110.78904,527,105.809441
-8.01447,113.02618,1325,105.82133
-8.22307,113.10295,160,105.824181
-7.72876,109.70156,10,105.835502
-8.14346,109.53519,-674.102,105.844804
-8.83964,113.3374,-2027.609,105.846738
-7.33495,107.52443,910,105.858194
-7.23265,107.26245,1053,105.86165
-8.04429,111.16519,416,105.866422
-8.42194,111.47322,-185.612,105.876656
-8.10063,110.43722,33.068,105.898215
-8.468,111.31599,-303.34,105.903442
-7.49284,108.3434,991,105.905968
-7.34257,108.39109,179,105.926871
-7.62264,108.46776,162,105.933553
-8.02444,111.17141,436,105.942403
-8.56851,111.28432,-453.083,105.964435
-7.04089,106.88741,863,105.983349
-7.63994,106.69849,-2109,105.986744
-6.83253,106.51359,1058,105.99968
-8.45988,111.03464,-263.984,106.011068
-8.82093,113.48582,-1681.15,106.044577
-7.99433,111.03834,465,106.047047
-8.14642,111.87418,86,106.053352
-7.98733,110.18801,-41.51,106.069406
-7.96893,109.6261,-72.394,106.101599
-6.28475,105.6698,-29.694,106.138607
-8.32924,110.50701,-222.192,106.165029
-7.27265,107.24977,949,106.197388
-7.0001,105.73377,-156.859,106.205061
-8.25825,114.09109,546,106.222654
-7.9642,111.04779,304,106.232797
-8.64769,113.45785,-1208.917,106.244572
-7.69442,107.98835,63,106.257555
-6.66592,105.98421,99,106.269449
-7.68837,109.43067,312,106.275829
-7.87501,109.65565,-37.696,106.280108
-8.00236,111.42332,134,106.284941
-7.57566,110.08529,380,106.320142
-7.78264,108.54277,-132.911,106.340072
-8.12535,110.57125,39,106.428779
-7.30388,109.22962,851,106.435109
-6.9708,107.05396,709,106.47888
-6.38346,105.78321,-4.855,106.519022
-8.27119,111.09398,7.162,106.533341
-8.69364,113.38333,-1413.055,106.573902
-7.16434,106.99296,613,106.608184
-8.50806,111.30335,-292.972,106.637025
-7.04447,106.15521,-738.005,106.652835
-6.94574,111.93641,166,106.656538
-7.03138,106.8904,808,106.705655
-7.5752,107.75457,240,106.713322
-7.93686,110.77225,572,106.745758
-5.75801,105.83616,-27.116,106.746331
-8.15586,111.69847,118,106.753093
-6.99017,113.2038,102,106.810756
-7.97346,112.61165,468,106.828413
-8.34359,113.6359,31,106.83683
-9.01278,113.70988,-2155.973,106.848869
-7.24823,112.55366,7,106.894951
-7.15356,106.99637,677,106.900126
-7.4884,108.19952,234,106.913128
-8.35399,112.49222,164,106.920626
-7.55986,108.47392,384,106.988084
-7.49863,108.19627,170,107.002409
-7.82637,111.51728,150,107.06482
-8.27856,112.51593,430,107.069848
-6.64461,105.99095,46,107.118097
-6.1384,105.86064,6,107.127757
-8.47907,113.45079,-173.578,107.133982
-6.70001,113.57917,-48.77,107.168861
-7.14278,106.99978,724,107.211763
-7.78239,108.68803,-113.387,107.212219
-8.31118,110.37089,-399.81,107.213009
-7.9768,110.19131,-11.164,107.22447
-8.07234,109.59365,-300.311,107.252482
-8.06977,111.63403,169,107.272134
-7.24408,109.04226,452,107.295156
-7.85044,113.64809,850,107.295645
-6.51673,106.03141,64,107.308768
-8.66106,111.96555,-680.73,107.310379
-8.38554,113.62272,202,107.331387
-6.71923,105.96734,83,107.332438
-8.36084,112.5486,195,107.338547
-7.69309,109.42681,294,107.377011
-7.91039,110.49703,126,107.392499
-7.50886,108.19303,157,107.422038
-7.50198,107.61701,199,107.458475
-7.6065,109.45641,51,107.475133
-8.47366,112.88203,-254.472,107.483591
-6.67661,105.98084,69,107.487138
-7.87291,110.79236,332,107.531745
-8.63873,113.97159,-140.052,107.53356
-6.77091,111.84844,-15.035,107.582086
-8.08731,111.2941,465,107.596465
-8.28181,112.22998,96,107.597306
-8.32034,111.64673,486,107.609209
-7.24077,109.03184,288,107.611389
-7.9451,108.78184,-95.653,107.620205
-7.92128,108.64403,-113.856,107.643284
-8.21434,110.11678,-396.768,107.697853
-8.35751,112.53808,203,107.740433
-8.34751,112.50649,237,107.768799
-8.35183,113.49081,33,107.769178
-7.32902,108.54611,26,107.77101
-8.70355,113.3802,-1451.035,107.782975
-8.33599,110.78908,-193.96,107.793496
-8.90919,112.74501,-1714.966,107.863915
-8.82841,113.1987,-1732.219,107.880916
-7.48663,109.49259,79,107.90806
-8.76245,113.36171,-1685.99,107.937536
-8.24557,110.24889,-346.562,107.943654
-6.78121,111.84519,-19.965,107.945424
-6.82408,111.54863,178,107.967246
-8.67066,111.96252,-707.543,107.968699
-7.72461,108.5613,-90.404,107.984678
-6.90098,105.90984,-92.456,108.00698
-8.33902,110.50392,-220.404,108.026895
-7.38133,108.52973,39,108.087192
-8.01454,111.17452,539,108.147606
-8.7203,113.23269,-1298.49,108.169104
-8.48004,113.59302,-105.892,108.173841
-6.27469,105.67299,-30.871,108.175557
-8.26868,111.66298,397,108.250794
-7.73885,109.41483,219,108.267725
-8.55479,114.28282,16,108.281338
-8.41167,111.47643,-149.666,108.287471
-8.0179,113.1673,556,108.307786
-8.05716,111.30355,434,108.3289
-8.71485,113.67202,-875.074,108.337607
-7.36662,107.0948,202,108.359314
-8.55001,113.28629,-165.978,108.374453
-8.26942,113.65919,61,108.413084
-9.01475,113.42703,-2102.754,108.416566
-8.51817,111.30016,-305.677,108.416603
-7.62718,109.44993,57,108.427148
-8.14762,111.27511,419,108.431805
-7.61941,108.45753,168,108.477363
-8.03453,111.02573,349,108.486321
-8.46949,113.59633,-90.96,108.506248
-7.61244,108.45742,202,108.547909
-8.51442,114.29552,35,108.562736
-6.29482,105.66662,-31.249,108.566637
-6.69671,105.68407,174,108.585055
-8.29102,110.37725,-340.038,108.593081
-7.52047,107.90023,945,108.606584
-7.31625,111.81993,161,108.614072
-8.1712,112.977,901,108.615466
-8.71348,113.37708,-1496.643,108.642236
-8.35727,110.7824,-197.399,108.667065
-8.43231,110.75874,-274.268,108.677058
-6.67343,105.83729,59,108.725423
-7.40223,108.52318,67,108.726299
-7.17512,106.98955,581,108.75035
-6.96006,107.05735,639,108.764595
-8.00153,110.7519,412,108.778265
-8.55851,111.28747,-419.99,108.784571
-8.22241,114.38719,2,108.80762
-7.96059,110.62303,192,108.812963
-8.42713,110.47617,-427.502,108.838306
-6.99353,106.46275,-86.055,108.843621
-6.75034,105.81293,25,108.854316
-7.94768,110.76883,543,108.87843
-7.57039,108.47062,402,108.878556
-8.69074,112.81378,-1413.733,108.878771
-7.9352,111.3419,283,108.893141
-7.8748,111.07591,231,108.911724
-8.42336,114.32415,16,108.929472
-8.76193,113.78935,-1277.389,108.939298
-7.64722,107.57048,-399.399,109.058971
-7.132,107.00318,802,109.06715
-8.72848,112.80193,-1561.211,109.173482
-8.89556,113.60451,-1992.519,109.189542
-7.63747,107.57359,-259.36,109.204615
-8.67011,113.52938,-1062.202,109.211243
-8.28023,112.37272,375,109.21686
-8.30145,113.64913,45,109.237885
-7.58892,107.79812,487,109.257825
-7.49225,107.62009,365,109.316394
-7.54503,109.98853,494,109.329812
-7.92041,110.49389,112,109.333185
-6.88583,105.47964,-339.874,109.33757
-7.46327,108.49834,287,109.350772
-8.12138,109.46547,-638.64,109.361518
-7.18274,107.27829,1224,109.37982
-6.69521,110.87796,339,109.389544
-7.57176,107.74366,438,109.418991
-7.07931,106.43556,-322.146,109.448948
-8.26787,114.08808,453,109.452976
-7.30801,108.55267,60,109.499801
-8.18532,112.54525,299,109.500664
-6.32515,105.65703,-36.654,109.503537
-6.90634,107.07429,733,109.514072
-8.72338,113.37399,-1529.968,109.517253
-7.69884,110.98918,288,109.537222
-8.33014,110.64848,-207.639,109.547058
-8.22021,110.39957,-206.317,109.562823
-7.93301,109.21219,-140.448,109.565104
-7.95915,111.28847,846,109.568394
-7.13952,107.14665,745,109.568973
-7.51175,107.61389,318,109.592957
-7.97424,111.04464,272,109.602844
-8.96654,112.72745,-2002.759,109.622479
-7.58912,107.87821,637,109.648193
-7.92508,111.34508,212,109.651692
-7.72206,109.84621,9,109.651844
-8.30011,111.22712,-145.193,109.660268
-8.56544,111.9957,-330.332,109.662434
-8.46935,113.45386,-130.486,109.672246
-8.14971,111.88451,88,109.704218
-8.86388,113.75727,-1688.354,109.710268
-8.73934,113.79643,-1150.991,109.71504
-8.25821,111.52472,437,109.737314
-8.27173,110.80932,-119.937,109.741214
-7.77288,108.54589,-137.184,109.757958
-8.35082,112.51698,218,109.760825
-6.76912,105.80695,35,109.774346
-7.06562,106.29458,-510.444,109.79214
-7.03101,113.19102,103,109.825727
-6.75479,106.24694,749,109.832093
-8.42847,111.04449,-242.964,109.83416
-7.19133,113.71192,-8.558,109.884603
-8.55664,113.16848,-422.115,109.908281
-8.69441,112.9548,-1387.999,109.929956
-7.58098,109.46285,108,109.933265
-7.24707,111.84157,50,109.933353
-7.39177,108.52646,87,109.940697
-7.31851,108.5494,94,109.940832
-7.42628,107.28312,195,109.949971
-7.12125,107.00658,846,109.963895
-7.3047,107.53398,902,109.97932
-8.75274,113.36478,-1659.939,109.998759
-8.14497,109.57073,-656.765,110.022072
-7.80981,110.81218,270,110.022491
-8.02313,111.88178,94,110.026431
-7.70223,109.85246,10,110.033979
-7.96749,108.34612,-94.125,110.058916
-8.55874,112.85532,-457.007,110.059196
-8.71919,114.08852,-635.722,110.102301
-8.5283,111.29698,-316.365,110.120013
-7.75453,108.98356,93,110.143496
-7.63251,108.29904,234,110.160509
-7.71814,108.70839,-78.684,110.161142
-6.75975,105.80993,25,110.182364
-7.9202,108.93153,-43.175,110.217749
-6.17589,111.08015,-53.061,110.220061
-8.15784,111.2719,426,110.225659
-6.95364,106.76888,333,110.237684
-8.84934,113.33435,-2083.483,110.313837
-6.90009,113.23186,13,110.313892
-6.7299,105.96396,52,110.336062
-7.98721,109.04303,-90.672,110.349245
-7.87148,109.79927,-23.98,110.349809
-6.64762,105.55508,-26.031,110.351916
-6.52728,106.02807,58,110.389271
-6.89983,106.63964,536,110.44501
-7.79986,109.39563,-22.437,110.463271
-8.04397,110.73856,395,110.470987
-7.95415,111.05097,173,110.487348
-8.59656,112.84341,-867.028,110.487749
-7.31813,107.38158,958,110.50673
-7.85146,109.80556,-16.023,110.511015
-8.83159,113.48246,-1655.993,110.538019
-8.92963,114.16494,-1928.829,110.550786
-6.68319,105.8342,39,110.565094
-7.81477,108.82271,-40.903,110.575554
-8.62505,113.3858,-839.49,110.576286
-6.85289,107.09115,582,110.587533
-8.23945,110.81945,-100.541,110.589178
-8.6773,113.24624,-981.426,110.598741
-8.1545,109.57013,-741.357,110.611321
-6.84485,114.6752,-93.004,110.633215
-7.78556,108.97383,-29.353,110.646789
-6.89034,105.91322,-70.011,110.647901
-8.04479,114.15793,1454,110.65423
-7.82476,108.81959,-47.44,110.655139
-8.35416,112.52752,210,110.663548
-8.74299,113.36785,-1623.41,110.697279
-7.66138,107.99883,207,110.699058
-6.3049,105.66342,-36.62,110.734811
-8.1252,110.99725,353,110.7499
-8.73322,113.37091,-1562.692,110.753144
-7.63043,106.70149,-2007.882,110.785124
-8.52399,112.43886,-555.26,110.810177
-8.53838,111.29382,-344.878,110.813781
-7.3643,110.38334,1233,110.84841
-8.29256,112.22661,79,110.877515
-8.54844,111.29065,-370.749,110.877888
-9.02421,113.70616,-2167.026,110.878313
-7.77005,109.97282,27,110.880698
-7.14507,111.87408,21,110.883953
-8.75824,111.22428,-890.027,110.927072
-7.16476,108.88353,617,110.947997
-7.4404,107.32774,258,110.994369
-6.74264,105.23647,-4.503,111.019734
-6.81255,110.41442,-18.961,111.034101
-8.58013,113.99,195,111.037913
-8.34417,112.49602,214,111.039677
-6.26459,105.6762,-34,111.07609
-7.42812,112.21145,37,111.081151
-7.46691,107.77157,1208,111.08596
-7.73888,109.98258,45,111.094422
-7.73424,108.55822,-83.534,111.099089
-6.74087,105.81594,33,111.110059
-8.44944,111.03792,-252.529,111.116587
-8.43584,113.74908,373,111.116941
-8.28017,113.65581,57,111.131877
-7.94368,112.62097,499,111.15548
-7.78046,109.96954,15,111.15817
-7.78143,110.2526,95,111.186154
-8.49051,113.58971,-108.533,111.19245
-7.50182,108.63223,25,111.286471
-7.62776,107.57671,-181.793,111.297987
-7.60673,108.01623,535,111.301684
-6.77849,105.80397,41,111.324001
-7.47153,107.91594,667,111.327157
-7.4742,108.49486,367,111.345853
-7.87974,109.22894,-43.963,111.40165
-8.04332,112.30443,364,111.447057
-8.30289,111.08399,-89.06,111.460595
-7.77521,110.96523,193,111.47082
-8.77776,114.21279,-93.102,111.472932
-7.08731,108.47201,727,111.477348
-6.92102,106.7792,404,111.501801
-8.29084,113.65245,49,111.512922
-6.96606,106.61903,218,111.51722
-7.73941,109.41199,209,111.543692
-7.53026,107.89709,865,111.578429
-8.40733,112.69539,113,111.581493
-7.04121,113.1878,63,111.589278
-8.70953,113.23606,-1260.853,111.593221
-7.60708,108.01616,535,111.607179
-8.83932,113.19527,-1756.851,111.697956
-6.24438,105.68262,-31.912,111.705246
-8.16302,110.27482,-190.161,111.707626
-8.31348,114.35866,9,111.740422
-7.0504,106.88442,650,111.752992
-7.94413,111.05412,230,111.756955
-7.76486,108.98031,112,111.769531
-7.47812,108.20278,186,111.817932
-7.50091,107.9065,808,111.81853
-8.43898,111.04119,-248.262,111.866092
-8.34472,112.49513,223,111.869025
-6.73336,106.25371,772,111.881214
-7.65699,107.56737,-478.063,111.928614
-7.45687,107.77473,1226,111.93674
-6.53785,106.02473,80,111.966257
-8.29004,111.23029,-127.964,112.049368
-8.45475,112.888,-247.51,112.069834
-8.26042,112.23237,178,112.098968
-7.76318,108.54898,-126.32,112.144882
-7.62829,109.44766,57,112.181396
-8.36417,112.55908,160,112.184693
-8.56423,113.70874,-152.708,112.185976
-7.49612,109.48959,107,112.210001
-8.27755,114.08505,409,112.218386
-8.45963,113.45693,-113.989,112.221737
-7.59616,109.45964,39,112.237104
-7.2974,106.22113,-643.082,112.287553
-6.69292,105.83111,58,112.29597
-8.35409,113.63259,25,112.299079
-7.37677,108.52575,40,112.321865
-9.04688,113.41723,-2331.943,112.323301
-7.8615,109.8024,-19.048,112.354002
-7.97261,109.34132,-36.061,112.384432
-8.18191,113.11586,207,112.411979
-8.59974,113.98384,59,112.415538
-8.00592,108.76269,-123.442,112.432319
-8.88279,113.18171,-1840.975,112.436816
-7.88905,108.73488,-41.966,112.458217
-7.56719,107.73994,424,112.482933
-8.23935,111.24624,152,112.522893
-7.05991,106.88141,644,112.539231
-7.86894,111.93014,250,112.545759
-8.25656,110.67164,-131.893,112.594052
-6.87967,105.9166,-54.78,112.605748
-8.43395,112.77976,-88.399,112.636171
-7.03365,106.15864,-602.646,112.641345
-7.77166,108.69141,-105.371,112.646462
-8.00436,111.03518,481,112.649938
-8.69389,113.81078,-615.877,112.65745
-8.229,113.81405,312,112.691268
-8.27721,112.28499,231,112.699133
-6.98285,106.46613,-53.165,112.703267
-8.36172,113.48771,7,112.731365
-8.52063,113.05416,-493.484,112.788082
-8.29955,111.65328,524,112.81867
-7.74387,108.55515,-101.216,112.828978
-8.62899,113.97463,-37.699,112.859754
-8.21282,113.10617,168,112.874342
-6.31498,105.66023,-38.659,112.87769
-8.10903,110.86044,209,112.878786
-8.43343,114.32098,13,112.900237
-7.97937,109.62282,-95.037,112.901199
-7.17826,111.43628,59,112.912359
-8.40139,111.47966,-112.766,112.922286
-8.13497,110.56821,20,112.926778
-7.42284,107.83819,1122,112.93499
-8.7085,113.6518,-901.507,112.941627
-7.75966,109.97608,30,112.953253
-7.96903,108.98579,-88.514,112.956537
-7.1493,107.14354,739,112.963474
-7.95846,110.76544,534,112.965387
-8.43585,112.89394,-150.461,113.009521
-8.37973,114.19516,127,113.016787
-7.57555,109.46608,122,113.037362
-8.70128,113.09612,-897.94,113.03854
-7.22711,111.84783,36,113.043293
-8.34331,114.34925,15,113.082652
-8.70533,113.8072,-738.333,113.136263
-7.75352,108.55207,-111.238,113.151844
-8.05423,111.16207,315,113.162294
-7.44275,107.90079,667,113.170136
-7.42829,108.36394,415,113.17949
-8.74135,114.08155,-778.382,113.206985
-7.71219,109.84932,10,113.220053
-7.93607,108.35599,-29.219,113.240939
-8.23473,109.82374,-709.683,113.273133
-8.22919,111.24945,224,113.285309
-8.45889,113.59967,-82.693,113.313842
-6.97753,106.03122,-415.036,113.378035
-8.68801,113.24285,-1111.863,113.380366
-8.3011,110.37408,-376.474,113.400792
-8.37742,112.60104,184,113.404001
-8.22474,110.11352,-395.942,113.462818
-8.69875,113.23946,-1180.41,113.483764
-7.18587,106.98615,498,113.4875
-7.58991,108.74901,8,113.489926
-7.29465,107.53717,815,113.495767
-7.46787,108.20604,247,113.525162
-7.73472,108.84786,86,113.530543
-8.26056,111.09733,2.623,113.659279
-8.34669,112.06461,-90.767,113.659295
-7.8219,109.9565,10,113.662499
-7.96456,111.19018,1117,113.70536
-7.86586,111.22114,741,113.717823
-8.16805,111.26869,385,113.740621
-7.5191,108.18979,143,113.756429
-7.54849,109.99946,563,113.785056
-7.06942,106.87841,641,113.835232
-7.62872,107.8655,285,113.854624
-7.74904,109.41163,156,113.874309
-8.68248,113.81438,-519.648,113.883423
-7.44743,108.21256,263,113.892529
-7.02307,108.34703,580,113.892644
-8.39148,113.47839,38,113.94948
-8.18008,109.65083,-807.268,113.98371
-6.68978,113.58233,-48.98,114.017848
-7.75482,108.32589,72,114.044107
-8.15994,110.41852,-35.324,114.056939
-6.75049,105.66706,118,114.057364
-6.75134,105.9572,34,114.085902
-8.27107,112.23334,140,114.088034
-8.1167,111.78082,93,114.121884
-8.45721,112.85308,-70.413,114.122749
-7.2053,112.56704,5,114.148039
-6.2545,105.67941,-33.859,114.150251
-6.57408,110.77316,162,114.164656
-6.73137,105.81896,33,114.166756
-8.36589,111.06417,-202.361,114.178563
-7.61181,109.88087,274,114.184024
-6.98002,111.78306,42,114.194534
-8.27994,111.23347,-117.906,114.200308
-8.33537,112.49806,267,114.231215
-6.15965,105.8539,8,114.23564
-8.62183,113.37559,-711.619,114.249104
-7.6218,108.30244,233,114.281352
-7.93532,109.92086,-45.062,114.342957
-7.96611,109.91115,-68.814,114.367956
-8.07731,111.29725,418,114.369256
-7.52974,108.04071,511,114.407612
-8.2905,112.36951,294,114.425766
-7.05144,113.18461,74,114.430898
-9.23623,114.21639,-3764.88,114.4452
-7.51167,108.62909,29,114.448792
-7.81743,111.94632,183,114.458264
-8.44993,113.45998,-103.602,114.502006
-8.55993,113.17893,-397.614,114.552126
-7.82224,108.53292,-69.804,114.60694
-7.61807,107.57982,-126.41,114.615373
-6.74061,105.96057,55,114.623138
-7.79413,109.39437,-25.13,114.642497
-7.93198,108.64064,-109.523,114.676663
-8.17823,111.26548,398,114.736192
-8.53358,112.43582,-601.077,114.781584
-8.80707,113.77516,-1285.366,114.805015
-8.38076,112.61155,178,114.845331
-8.84859,114.19051,-1040.523,114.848736
-8.28731,114.08199,381,114.900904
-7.35329,108.38771,183,114.90237
-8.45589,113.31589,206,114.916395
-7.72881,108.70499,-74.121,114.923545
-7.62193,109.8777,227,115.005435
-7.64311,108.73219,128,115.074035
-8.85025,113.19184,-1786.062,115.091484
-8.3415,112.92355,421,115.113358
-7.74929,109.97932,38,115.132994
-7.57229,110.07466,427,115.211826
-7.5339,107.6235,294,115.21248
-8.39594,113.61947,88,115.213228
-8.85239,113.7609,-1529.599,115.215872
-7.90948,112.77412,732,115.221106
-7.85975,110.37028,61,115.22301
-7.77521,108.97707,-47,115.250379
-7.73776,110.5513,154,115.253911
-7.40922,108.51548,30,115.257599
-8.21008,110.40276,-176.607,115.266187
-7.72076,108.21214,185,115.270163
-8.26982,111.23667,-99.408,115.271871
-7.09004,106.43218,-342.223,115.298701
-8.16389,110.55911,-25.68,115.303122
-7.96118,108.04935,-619.614,115.312786
-6.98576,105.59251,-151.767,115.325916
-8.84233,113.47909,-1657.832,115.341914
-8.85909,113.33129,-2059.46,115.357167
-8.87198,113.18505,-1826.347,115.404472
-8.36459,113.6293,25,115.43883
-8.40136,113.47527,164.282,115.511124
-7.02042,109.07155,51,115.515094
-8.19226,113.11262,195,115.520866
-6.99039,105.73683,-65.027,115.538356
-7.81624,111.09426,366,115.539611
-8.501,113.58644,-87.065,115.556101
-7.58017,108.33371,272,115.558865
-8.81837,113.77163,-1303.421,115.568062
-8.2881,112.51293,412,115.584826
-6.97421,106.9084,460,115.585831
-6.86898,105.91995,-38.8,115.588005
-8.37078,112.58007,147,115.599329
-7.20265,107.27197,1016,115.60948
-7.79088,109.96625,11,115.617232
-8.0008,110.89441,149,115.641778
-9.24706,114.21321,-3802.149,115.69388
-9.02087,114.13621,-2582.586,115.7083
-7.55537,110.02129,410,115.71585
-7.85188,110.79894,222,115.720401
-7.86238,110.79566,222,115.734229
-8.21904,111.25264,246,115.741048
-8.67112,113.81797,-462.594,115.77937
-7.60586,106.85349,-1333.231,115.825837
-8.79579,113.77868,-1247.805,115.878555
-8.05275,111.58087,516,115.891056
-6.94276,106.77233,339,115.892407
-8.6645,114.1057,-156.091,115.905692
-7.50562,109.48661,154,115.937509
-5.71813,105.84871,-12.074,115.937761
-7.99087,110.75523,422,115.967345
-6.52661,105.59337,-35.991,115.988617
-7.48132,107.91279,598,116.035798
-7.8203,110.80888,273,116.036626
-8.35092,112.92062,430,116.048137
-8.86115,113.18843,-1803.733,116.050002
-6.48706,105.7504,-10.624,116.059239
-8.33075,111.64346,295,116.07635
-8.38165,112.48358,69,116.084147
-7.55492,109.47258,176,116.093375
-6.70261,105.82804,41,116.098048
-6.72263,106.25711,703,116.154415
-7.37464,110.38009,1132,116.17065
-8.53287,113.57644,-25.611,116.240796
-8.47414,112.9068,-408.345,116.246123
-8.71671,113.80362,-884.672,116.246181
-7.57625,108.02595,572,116.252486
-8.70467,112.95158,-1421.29,116.372057
-7.52149,108.62597,105,116.40106
-8.00587,114.17032,1111,116.40326
-7.66678,107.56425,-638.826,116.40573
-7.34919,107.37172,876,116.429262
-7.4769,107.76839,1139,116.43465
-8.34066,110.64517,-213.334,116.445978
-8.6598,113.82152,-400.405,116.480009
-7.79649,108.10169,-79.225,116.527909
-7.97547,108.77227,-107.418,116.536097
-7.6084,107.5829,-93.009,116.554692
-8.20256,113.10939,191,116.579756
-8.46633,113.3126,219,116.608956
-8.65091,113.46806,-1118.62,116.612698
-8.426,113.75218,358,116.617159
-8.73027,114.08504,-725.843,116.637993
-7.54999,108.17999,336,116.646625
-7.57375,108.02669,621,116.653964
-8.44352,114.31781,14,116.668017
-6.39401,105.77987,-3.566,116.689626
-8.83835,112.90951,-1711.895,116.690231
-6.7879,105.801,37,116.699041
-6.72184,105.82198,22,116.766277
-8.61924,113.97769,14.264,116.776458
-7.05553,106.29778,-395.466,116.782589
-7.76563,108.11148,29,116.787145
-8.89958,112.74799,-1659.404,116.791303
-8.76823,111.22107,-910.04,116.811516
-7.57712,107.44817,-290.082,116.863743
-7.85705,108.66442,-68.807,116.908241
-6.68605,105.68745,155,116.912931
-7.7609,108.69482,-63.137,116.924188
-8.26603,112.94729,531,116.993191
-6.78515,105.23451,50,117.031632
-8.37299,112.34356,-92.626,117.033953
-8.404,112.68484,112,117.059757
-7.1787,107.13425,581,117.077099
-7.72676,108.23635,86,117.170083
-6.30869,111.49723,-41.688,117.183657
-7.50361,108.33997,827,117.221455
-8.19868,111.25906,347,117.23523
-8.37162,113.48462,20,117.291922
-8.01854,108.17635,-786.06,117.304826
-7.46051,108.3537,633,117.328299
-8.58708,112.8464,-775.414,117.33856
-7.16477,111.86792,20,117.374185
-8.06423,111.15893,549,117.397793
-8.61863,113.36538,-557.057,117.405503
-8.40065,112.67426,133,117.426487
-8.01273,111.88503,100,117.484156
-7.78852,110.53537,136,117.538366
-8.64851,113.82507,-351.985,117.538811
-8.16164,112.98003,931,117.551967
-8.9055,113.60143,-1991.342,117.574267
-7.73025,108.24749,133,117.591848
-8.29709,114.07891,343,117.615459
-7.84136,110.80226,224,117.668735
-6.83371,111.54553,172,117.685238
-7.24265,107.25927,964,117.701271
-8.54625,112.00176,-332.033,117.70847
-7.98974,109.61956,-104.122,117.725699
-7.19269,107.27513,1049,117.74079
-8.05551,110.87723,193,117.74175
-6.79448,105.3629,24,117.744228
-7.44974,108.35712,508,117.768682
-6.93189,106.77577,339,117.779566
-7.53128,109.94518,611,117.792608
-7.16969,113.71873,-3.428,117.799508
-8.44025,113.46303,-84.791,117.813
-7.58724,107.44495,-373.34,117.829262
-7.56698,107.45136,-217.736,117.829543
-7.68282,110.42439,355,117.854915
-6.88484,105.33421,-218.674,117.890666
-9.22537,114.21957,-3728.174,117.90715
-7.93046,108.9283,-73.497,117.924144
-8.63718,113.8286,-327.917,117.96968
-8.82803,112.91274,-1651.971,117.970256
-7.68382,109.42981,284,118.019954
-8.84864,112.90628,-1755.178,118.053882
-8.53049,113.08539,-421.886,118.056025
-8.14457,110.56516,-17.043,118.071148
-8.70016,112.81079,-1444.566,118.075188
-7.87838,108.65763,-85.879,118.104314
-8.32538,110.79241,-193.022,118.105561
-7.76528,108.35923,102,118.151112
-6.71225,105.825,29,118.174039
-7.73947,108.70161,-56.735,118.177166
-8.0078,108.17977,-577.069,118.178731
-7.75132,108.31471,67,118.18886
-8.56496,114.27963,10,118.240908
-7.93148,110.63223,181,118.249012
-8.34087,112.48558,239,118.256517
-6.98998,108.35755,756,118.280806
-7.49112,107.90964,634,118.281255
-7.77876,110.82191,209,118.31809
-8.15419,110.56216,-15.77,118.344317
-6.48635,105.60612,-45.609,118.354938
-6.97217,106.46948,-32.833,118.525983
-8.10412,112.99808,932,118.553234
-8.55585,111.99872,-329.008,118.56498
-7.62294,108.45413,165,118.615043
-7.69292,107.1163,-1810.11,118.635835
-8.06194,109.59691,-237.512,118.646042
-8.84099,113.76451,-1401.115,118.661191
-8.71903,112.80488,-1518.266,118.687687
-8.36747,112.56957,120,118.690621
-8.41114,113.47218,98.35,118.695162
-7.41757,108.36736,359,118.698191
-7.33883,107.37501,989,118.700594
-6.8583,105.9233,-13.345,118.705945
-6.65761,105.55194,-16.498,118.731786
-7.45765,108.2093,218,118.768283
-7.83083,110.80556,222,118.832217
-7.48206,108.34683,680,118.914285
-8.063,111.61281,337,118.95271
-8.326,112.50101,287,118.953238
-8.20005,112.0424,295,118.984113
-7.59877,107.58597,-52.499,118.997716
-6.76207,105.9538,14,119.013151
-8.50435,114.29869,36,119.044132
-7.90353,110.92495,137,119.100433
-7.00007,109.07791,41,119.129823
-8.23944,111.10393,80,119.150634
-8.04256,111.54898,612,119.155164
-8.33087,112.45406,296,119.175445
-8.29924,111.51181,406,119.193244
-7.16288,112.58037,4,119.201893
-8.62582,113.83217,-297.197,119.279443
-8.25968,111.23985,-82.987,119.30294
-7.63201,109.87453,244,119.322562
-8.56817,112.85236,-521.021,119.335519
-7.86905,109.23229,-39.521,119.376029
-6.61189,105.71093,71,119.398489
-8.5544,113.71184,-135.244,119.40866
-7.43901,108.36053,403,119.441097
-7.75017,108.69822,-45.098,119.442935
-7.36402,108.38431,205,119.461042
-7.57899,107.2988,-419.938,119.492847
-8.70959,112.80783,-1474.87,119.500439
-8.05449,110.73525,353,119.548713
-8.82964,113.76809,-1328.979,119.581627
-8.7845,113.78225,-1240.071,119.584097
-6.67542,105.69082,229,119.601614
-8.32754,112.44357,304,119.602004
-7.94121,110.62919,198,119.635585
-7.18052,113.71533,-3.854,119.690225
-7.44269,107.34207,201,119.71376
-7.63778,108.00642,416,119.743006
-7.78619,108.10496,-33.888,119.743267
-8.3074,112.38014,340,119.744675
-8.39626,113.76153,302,119.75319
-8.71494,112.94835,-1448.494,119.829068
-8.02928,108.17293,-999.049,119.830324
-8.38156,113.48151,26,119.83456
-7.6375,109.44669,66,119.852415
-7.75924,109.40841,155,119.879641
-7.78974,109.39881,-31.974,119.886012
-7.55935,109.7548,284,119.890765
-8.33754,112.4751,271,119.894018
-8.29762,112.50994,395,119.89902
-7.67829,109.43386,219,119.91236
-7.38541,108.37755,257,119.92032
-8.09079,110.44034,112,119.945114
-7.58585,109.46286,68,119.952381
-7.96929,110.76203,454,119.956781
-7.2371,111.84469,39,119.960221
-7.02283,106.16206,-433.168,119.969108
-7.98012,110.75861,447,119.978821
-6.77281,105.95038,9,119.980571
-7.8116,109.95974,9,120.010214
-7.58947,107.29545,-582.339,120.014412
-6.97552,106.61609,92,120.020403
-8.60949,113.98076,49.446,120.059792
-8.51154,113.58312,-70.847,120.064135
-8.24953,111.24305,81,120.064502
-7.01026,109.07472,46,120.070868
-7.74863,109.40905,156,120.084762
-8.45359,114.31464,15,120.088448
-8.01439,111.03205,403,120.092445
-9.05748,113.41396,-2376.451,120.093215
-7.47234,107.9938,890,120.111719
-7.84532,108.59802,-39.493,120.135423
-7.07893,106.87541,602,120.141632
-8.86888,113.3282,-2002.8,120.143453
-7.62094,106.70449,-1839.723,120.147882
-7.71633,108.20307,185,120.150434
-7.56381,108.28207,292,120.162659
-6.9093,106.6367,501,120.167113
-7.67659,107.56111,-764.278,120.172638
-7.87808,112.78391,957,120.20501
-8.53948,113.2896,-132.036,120.223622
-8.85311,113.47568,-1680.989,120.224674
-7.88541,108.72345,-24.568,120.226396
-8.76989,113.07451,-1290.307,120.288143
-7.95587,109.91439,-58.752,120.301839
-8.27384,112.27449,132,120.329156
-7.52153,107.61075,143,120.364391
-8.56066,113.9961,221,120.364869
-7.95091,110.62613,199,120.365028
-8.2685,111.52151,508,120.377405
-8.41067,112.70591,48,120.384861
-8.3741,112.59055,120,120.388921
-7.89945,112.2047,402,120.426312
-8.71122,113.09297,-952.057,120.427066
-7.97796,108.34284,-132.081,120.437395
-7.63701,107.42927,-915.334,120.452583
-7.80677,108.09843,-108.494,120.460059
-7.94716,108.91725,-104.426,120.463243
-7.5649,107.72184,442,120.472799
-7.80127,109.963,9,120.476749
-7.39838,108.51891,118,120.507127
-8.52216,113.57979,-24.308,120.509199
-8.57761,112.84939,-639.319,120.513017
-8.27878,111.51826,457,120.519298
-8.20889,111.25585,261,120.52981
-7.59724,107.44177,-476.891,120.559713
-7.5603,108.17672,459,120.559996
-7.56851,107.30214,-315.866,120.640672
-8.33715,112.06761,-115.164,120.664336
-7.00793,106.75173,231,120.697174
-9.02554,113.42375,-2178.598,120.697288
-8.77958,113.07145,-1366.286,120.71366
-7.15492,111.87099,21,120.754164
-7.64325,108.29565,206,120.755926
-8.37509,113.62601,25,120.761688
-8.4483,113.60299,-39.599,120.785595
-7.673,107.2689,-1560.708,120.848627
-6.87591,105.48278,-258.51,120.851212
-7.62818,107.72078,131,120.917075
-7.94072,108.92504,-91.04,120.999541
-7.73492,107.54239,-973.195,121.022212
-7.62306,107.9064,498,121.0388
-7.94561,109.91762,-51.974,121.081167
-6.78184,105.22387,20.736,121.12279
-7.66255,107.27222,-1480.313,121.129022
-7.15907,107.14045,571,121.137436
-8.76016,113.07758,-1246.626,121.145697
-6.78355,105.94697,7,121.184999
-6.96749,106.0344,-334.373,121.217604
-7.65841,107.99989,207,121.260337
-7.68288,107.1195,-1691.413,121.275077
-7.68348,107.26558,-1694.7,121.285542
-7.5769,108.3234,336,121.288009
-8.05354,112.30123,341,121.289853
-7.8507,108.52108,-61.326,121.293943
-6.84763,105.92666,2.303,121.302757
-8.61445,113.83576,-257.754,121.326231
-7.54675,108.32629,487,121.331731
-8.00569,111.43373,137,121.360704
-8.00002,109.61634,-114.418,121.369471
-8.77322,113.78582,-1235.937,121.41127
-7.41386,109.94296,710,121.42396
-8.43269,112.03751,-167.68,121.432198
-7.69047,108.11676,256,121.477934
-7.91258,110.35369,35,121.480561
-7.96537,108.97434,-88.674,121.481743
-7.31262,107.23712,649,121.530237
-8.32347,114.35551,6,121.538241
-8.73406,113.7333,-766.279,121.567042
-8.94184,112.87729,-1732.193,121.645206
-9.03624,113.42048,-2236.863,121.663757
-7.63953,108.0058,416,121.685737
-8.56323,113.18937,-343.517,121.68664
-7.37472,108.38092,199,121.687274
-7.72295,110.12931,774,121.715661
-7.19661,106.98275,428,121.720499
-9.21449,114.22275,-3669.929,121.72368
-7.68027,110.28439,188,121.72774
-8.38409,112.62201,147,121.751005
-7.44394,107.3389,189,121.752936
-7.72521,107.54551,-1040.88,121.756892
-8.3068,114.07584,316,121.757227
-8.28053,112.29551,283,121.795847
-7.70408,108.13106,186,121.851017
-8.28905,111.51504,350,121.864354
-7.60051,108.74566,8,121.897218
-7.53419,108.18863,152,121.931267
-6.80497,105.94021,16,121.968468
-6.83698,105.93004,8.591,122.000672
-8.84052,112.33922,-1321.743,122.00193
-7.34656,111.81044,191,122.013182
-7.5575,108.32289,387,122.028015
-7.68301,110.4258,356,122.050896
-7.99704,108.18319,-479.283,122.05369
-7.7583,108.33703,122,122.117565
-7.88855,112.78065,1091,122.12434
-8.43056,113.46608,-63.335,122.152175
-8.20002,110.40591,-144.122,122.169022
-8.30079,112.36628,206,122.175449
-8.78929,113.06839,-1400.734,122.178457
-7.59995,107.2921,-689.439,122.196161
-8.15083,109.55849,-705.542,122.211859
-6.79427,105.94359,8,122.213092
-7.54158,109.97767,318,122.213851
-7.84203,107.6533,-919.733,122.219822
-7.86496,111.07899,244,122.222939
-7.55685,107.45453,-139.771,122.223786
-8.81769,112.91598,-1620.509,122.236495
-8.0045,114.16593,1099,122.255
-7.71552,107.54863,-1118.934,122.27133
-6.14903,105.85728,9,122.27406
-8.95223,112.87422,-1734.586,122.27734
-7.47549,107.43865,138,122.283998
-8.31338,111.08068,-145.961,122.29566
-7.04185,108.34114,625,122.299725
-7.7851,109.39729,-35.459,122.304723
-8.39119,111.48286,-46.395,122.313289
-8.30712,112.50695,366,122.332967
-8.23912,113.81089,306,122.351746
-7.39612,108.37418,288,122.376529
-7.83183,107.65653,-834.638,122.384821
-8.52721,113.07501,-429.291,122.385324
-7.76415,110.11637,671,122.452967
-8.52392,113.0646,-452.742,122.466158
-8.26029,112.23672,158,122.51621
-6.9566,106.62198,273,122.52538
-8.72522,112.9451,-1493.344,122.525857
-7.951,108.9218,-109.14,122.564997
-6.40447,105.77657,-2.982,122.57383
-7.7759,108.10822,-8.32,122.583624
-8.28255,110.8059,-131.241,122.589991
-8.47674,113.30932,152,122.620887
-8.33421,112.46458,266,122.625028
-7.85223,107.65007,-965.995,122.640439
-7.65213,107.27555,-1358.812,122.643331
-7.30745,106.21795,-604.539,122.657534
-7.8927,108.74634,-63.259,122.661838
-7.62406,107.90759,498,122.662403
-8.00462,111.17763,581,122.686093
-8.16586,110.98445,380,122.705624
-8.36037,112.91766,391,122.722628
-8.24996,111.10065,48,122.752164
-8.06639,111.62343,199,122.75267
-7.82614,111.23361,416,122.773593
-7.16887,107.13735,579,122.787572
-7.5968,108.01943,387,122.791173
-8.00227,111.88832,106,122.816565
-6.82632,105.93344,7.807,122.826835
-8.57038,113.99306,79,122.829818
-8.60309,113.83934,-211.027,122.842327
-7.58919,107.58903,-30.421,122.865379
-8.46245,114.02699,581,122.943925
-6.84336,106.51015,909,122.952313
-7.91488,108.79135,-90.154,122.960665
-7.4883,110.34457,810,122.982396
-7.62698,107.43244,-845.34,123.016724
-8.75039,113.08066,-1202.351,123.024881
-8.76762,114.21597,-77.783,123.048783
-7.4372,107.78082,1191,123.08086
-6.81566,105.93683,8,123.120555
-7.58091,108.46733,330,123.141738
-7.43591,107.49265,433,123.144561
-7.42275,107.27198,176,123.178849
-7.95519,108.77865,-99.713,123.187081
-6.41491,105.77327,-2.977,123.258592
-7.60713,107.43865,-583.306,123.260111
-7.56832,107.73274,375,123.265179
-6.98073,105.73988,-27.567,123.267299
-7.38758,108.52232,66,123.267425
-8.02445,111.0289,316,123.351997
-7.89904,112.77736,906,123.408541
-7.52519,108.33313,723,123.422898
-7.49613,107.50403,278,123.423823
-6.76549,106.24354,689,123.427288
-7.32628,111.81679,175,123.436909
-6.42526,105.76997,-2.394,123.481341
-7.10076,106.4288,-327.461,123.528685
-7.02082,113.19421,107,123.561738
-8.4416,110.48074,-463.478,123.590707
-8.36796,110.77903,-206.333,123.629458
-7.58473,108.0232,431,123.65002
-7.55078,107.60135,129,123.650959
-7.643,107.13219,-1329.255,123.658851
-8.47095,112.02551,-254.997,123.660141
-8.93145,112.88039,-1734.485,123.703758
-7.52779,109.93423,654,123.718084
-7.78261,108.4145,71,123.755924
-8.44559,113.74601,342,123.758076
-7.53598,108.3297,620,123.78397
-7.89106,109.36698,-45.703,123.794827
-8.85894,112.90305,-1828.85,123.802827
-7.82162,108.53036,-69.804,123.82688
-7.61042,107.28877,-850.731,123.830274
-7.6111,108.30587,232,123.840626
-6.7119,106.26052,770,123.865512
-7.82165,107.65975,-773.361,123.900261
-7.5865,108.0227,431,123.903277
-5.74803,105.83929,-21.26,123.912062
-7.68637,107.55798,-889.787,123.925052
-6.95076,106.47623,70,123.958092
-7.6417,107.27886,-1259.704,123.983567
-7.65297,107.12902,-1412.895,123.993262
-7.63759,109.44468,44,124.006648
-8.21858,112.39205,256,124.025998
-7.8604,108.518,-68.604,124.034187
-7.53969,108.18326,294,124.035773
-7.67287,107.12269,-1609.905,124.048163
-8.3512,110.64185,-231.675,124.060177
-7.95077,108.92858,-109.604,124.085801
-7.34267,107.22757,501,124.090147
-7.20287,106.83639,364,124.156402
-7.53474,109.95606,430,124.197209
-8.41355,111.6174,-117.878,124.203978
-6.97504,105.5959,-123.773,124.237183
-8.38305,112.34041,-146.645,124.244471
-8.01901,111.4754,264,124.250351
-7.06275,108.33452,1163,124.252485
-7.50721,108.48441,338,124.256287
-7.63299,107.13535,-1202.857,124.25693
-7.13042,112.59047,6,124.270969
-7.45316,107.33872,182,124.275278
-8.32421,112.43308,271,124.276416
-7.51439,108.33655,781,124.329535
-7.53813,109.96682,318,124.336486
-6.66481,105.69417,248,124.337567
-7.60769,107.72723,192,124.368875
-7.61113,108.74232,4,124.373606
-7.74466,107.53929,-1048.339,124.410056
-7.18854,107.13114,527,124.471421
-8.19629,111.54419,493,124.494225
-7.59573,108.01973,396,124.535337
-8.79905,113.06533,-1435.702,124.549019
-7.68849,108.11457,264,124.56849
-8.29911,113.79204,652,124.597722
-7.88086,109.37018,-44.644,124.632295
-8.87868,113.32511,-1961.979,124.665787
-8.13535,110.99406,375,124.671874
-7.63242,108.73557,29,124.683502
-7.70582,107.55174,-1089.248,124.693169
-8.01024,109.61313,-124.643,124.701927
-8.6541,113.47831,-1109.956,124.733822
-8.57507,114.27646,17,124.740233
-8.33213,112.92648,270,124.75768
-6.93833,111.79607,209,124.791737
-7.16868,111.43926,79,124.845066
-8.18844,111.26227,492,124.884602
-8.46371,114.31145,18,124.892162
-7.52938,108.18653,162,124.903739
-7.69395,107.26225,-1779.989,124.935811
-7.30264,107.24028,701,124.938568
-8.33339,114.35238,14,124.94716
-8.89005,112.75098,-1646.145,124.947886
-6.43554,105.76669,-2.183,124.954182
-7.66291,107.12586,-1526.405,124.976116
-7.91091,108.80348,-85.84,124.983333
-7.56822,108.31948,369,125.004457
-8.59179,113.8429,-166.412,125.019086
-7.69611,107.55486,-1004.942,125.020405
-8.09594,109.38531,-265.552,125.02247
-9.2036,114.22592,-3601.458,125.02357
-8.49424,114.30187,35,125.029984
-8.91956,114.1681,-1807.038,125.054087
-7.47128,108.35026,551,125.124513
-7.69891,108.1477,154,125.127791
-6.985,106.61313,83,125.148885
-8.72107,113.08989,-1027.141,125.159176
-7.77125,108.37162,94,125.175428
-7.32263,107.23395,530,125.182251
-7.53544,108.03892,446,125.183335
-7.62085,107.28546,-1010.555,125.218453
-7.55194,110.01041,496,125.232835
-7.19327,106.83942,366,125.255969
-8.7575,114.21913,-177.755,125.259854
-8.01607,108.7595,-122.687,125.264514
-8.38739,112.63244,156,125.35946
-7.7796,109.402,-23.772,125.422178
-8.27049,112.26396,162,125.434075
-7.94269,108.63723,-105.103,125.435304
-7.84169,108.5866,-68.415,125.484916
-6.89564,107.07767,589,125.594365
-7.99085,109.05449,-95.587,125.600477
-7.63127,107.28217,-1111.779,125.600746
-8.15207,112.98304,987,125.63364
-8.74061,113.08375,-1128.456,125.69529
-7.94357,108.90594,-100.172,125.771771
-7.08844,106.87241,552,125.801568
-7.61702,107.43556,-735.688,125.825794
-6.79734,105.79802,36,125.841923
-8.42641,112.8969,-94.413,125.847604
-8.73549,112.94187,-1516.054,125.862705
-8.3166,112.50396,336,125.864856
-7.62863,108.00928,277,125.874559
-8.02135,110.46213,306,125.87918
-8.35547,111.06744,-201.844,125.936768
-7.04541,106.30098,-237.138,125.97203
-7.54107,107.60446,155,125.98263
-7.62077,107.89733,291,125.997562
-8.32766,112.0706,-91.215,126.048624
-7.55801,107.30547,-178.659,126.054386
-8.86392,113.47227,-1693.456,126.121581
-8.31649,114.0728,292,126.156768
-7.7578,109.4061,136,126.20559
-7.11913,108.46189,305,126.221059
-8.52898,113.29291,-157.252,126.234719
-8.58994,113.98692,104,126.256387
-7.95033,111.90463,144,126.266679
-7.43945,107.89035,701,126.286484
-8.85878,114.1873,-992.31,126.310253
-7.77459,110.11312,660,126.33841
-6.96147,106.47286,13,126.355124
-7.62176,108.73895,3,126.384644
-6.66753,105.54878,-23.735,126.419025
-7.8115,107.66295,-675.402,126.423284
-8.5445,113.715,-77.611,126.427591
-8.44887,110.50376,-473.871,126.53608
-8.06368,112.29804,308,126.542209
-7.92563,108.35927,-37.407,126.616271
-7.78479,108.41438,65,126.642512
-7.33265,107.23076,551,126.653094
-7.95439,108.93997,-107.428,126.680275
-8.30862,112.07659,96,126.69117
-8.22871,110.82283,-68.517,126.72343
-7.9617,108.96289,-86.823,126.729578
-7.40683,108.37077,295,126.74309
-7.87895,108.07552,-90.522,126.776831
-8.40633,113.61621,42,126.777764
-8.73083,113.08682,-1075.562,126.802683
-7.84925,110.94205,137,126.807502
-6.98377,106.90538,578,126.850732
-8.08971,108.44483,-301.42,126.88451
-6.4768,105.75364,-8.754,126.887212
-6.95741,106.03758,-226.456,126.890311
-8.47237,114.02387,386,126.925213
-7.77151,110.25569,103,126.952046
-8.47389,114.30826,24,126.982351
-8.90696,113.45875,-1753.599,127.001461
-6.92929,106.483,134,127.009006
-7.87071,109.37336,-47.932,127.015512
-7.86864,108.07879,-73.945,127.02634
-7.53733,107.63441,292,127.048844
-7.87023,110.36699,56,127.056844
-7.70938,108.18093,180,127.067733
-7.28231,106.95571,209,127.082422
-7.32848,107.37828,752,127.083901
-6.3504,110.84301,-28.23,127.08537
-8.47074,112.89605,-346.434,127.114729
-9.11149,114.10757,-3116.577,127.11568
-8.42086,113.46913,-11.234,127.120628
-7.96532,108.77547,-103.945,127.131307
-7.29266,107.24344,619,127.134485
-8.21688,111.67932,359,127.162178
-7.44695,107.7778,1101,127.17165
-7.21247,106.83335,369,127.228258
-9.25788,114.21002,-3839.886,127.2512
-8.01643,109.13484,-105.68,127.271666
-7.37011,107.10581,173,127.285772
-8.58524,114.27326,21,127.292657
-8.43798,110.46917,-477.93,127.325665
-9.02336,112.71009,-2148.368,127.351083
-9.12151,114.1045,-3153.671,127.37019
-8.17642,109.6393,-825.875,127.372888
-8.41913,112.4718,2.259,127.382514
-8.74739,114.22232,-238.935,127.40594
-6.37068,110.83669,-17.463,127.451399
-7.25265,107.2561,787,127.46466
-7.54676,107.45772,-110.54,127.476052
-7.94365,109.20883,-117.847,127.511677
-8.39068,112.64289,174,127.514763
-7.62297,107.13853,-1108.339,127.569896
-7.82767,111.94308,204,127.597672
-8.32619,114.06975,326,127.632977
-7.56554,110.0534,407,127.651401
-8.51848,113.29622,-204.277,127.679374
-7.5951,106.8569,-1230.28,127.741137
-7.33642,111.81363,168,127.743332
-7.95803,108.95143,-92.858,127.772222
-7.94254,111.23675,864,127.775594
-8.61542,113.35513,-450.619,127.798734
-7.52702,107.6017,237,127.825638
-7.59898,106.42154,-760.648,127.840818
-7.58348,108.34409,245,127.847241
-6.94714,106.6249,299,127.867895
-7.77829,110.53858,133,127.883608
-8.09981,108.4416,-453.197,127.948067
-8.69635,112.38461,-972.436,127.953518
-7.70739,108.16999,190,128.025502
-8.07563,110.72862,326,128.047797
-7.69726,108.1381,229,128.048694
-7.37267,107.21804,393,128.050914
-7.7044,107.25893,-1809.192,128.052751
-6.97113,105.74293,-12.098,128.078454
-8.72803,113.80002,-987.105,128.086189
-8.91541,113.59831,-1991.201,128.087027
-7.8606,109.37654,-51.964,128.094319
-7.36267,107.22121,438,128.108191
-8.07962,108.44805,-204.61,128.150924
-7.84103,108.52416,-46.064,128.172151
-7.26266,107.25294,783,128.172637
-7.90126,109.36377,-48.555,128.237488
-7.35267,107.22439,454,128.25423
-7.02186,106.89339,759,128.335018
-8.58052,113.84644,-100.074,128.36163
-8.11153,110.29112,-61.025,128.405019
-7.87013,108.5149,-78.627,128.432635
-7.01203,106.16548,-260.767,128.436757
-8.2893,113.79512,734,128.474011
-8.17885,108.41636,-1421.677,128.517005
-8.44524,110.49227,-468.159,128.533666
-8.80879,113.06226,-1483.004,128.554449
-7.57963,107.59209,-4.674,128.567948
-6.76128,105.66366,134,128.568904
-7.18367,106.84245,378,128.574201
-8.43775,113.60631,-10.972,128.615063
-8.1691,108.41947,-1372.871,128.62827
-8.02048,109.60991,-127.803,128.646743
-9.19272,114.22911,-3560.188,128.69012
-8.80736,112.91923,-1593.999,128.741193
-8.27567,112.94427,423,128.778213
-8.59212,113.27306,-151.62,128.786325
-8.09957,109.39676,-249.377,128.802782
-8.30943,111.50857,296,128.842691
-8.30889,113.78899,621,128.971004
-6.86352,107.0878,574,129.004576
-8.27,112.37592,410,129.052588
-7.79726,107.81123,-227.911,129.076083
-8.02794,108.61018,-89.851,129.103617
-8.43679,110.47313,-459.363,129.108166
-7.09793,106.86942,543,129.136355
-7.54006,107.89395,761,129.160363
-8.23837,109.83525,-707.216,129.218343
-7.75442,107.53619,-1182.423,129.224707
-8.92107,112.88359,-1757.995,129.289503
-8.04001,108.16951,-1135.86,129.313946
-8.14713,109.54683,-681.173,129.338412
-7.01059,113.19742,128,129.352258
-7.73415,108.25438,86,129.356175
-8.73726,114.22552,-240.36,129.36344
-7.64777,109.44346,54,129.390024
-7.81705,108.09517,-135.243,129.396966
-8.31475,110.79575,-184.511,129.422697
-6.67745,105.54562,-52.328,129.437895
-8.06503,110.73195,346,129.535216
-7.61148,106.70747,-1481.694,129.550604
-9.12688,114.24813,-3052.923,129.59245
-7.62754,108.00967,277,129.595113
-7.02099,108.34773,580,129.604148
-7.5689,110.06401,435,129.632553
-8.33586,114.06672,291,129.653728
-8.07432,111.15577,360,129.6561
-7.61793,107.72402,176,129.663601
-8.09232,109.37384,-237.751,129.666708
-8.69257,113.60092,-947.999,129.674373
-7.72702,110.83819,102,129.678072
-8.88851,113.32202,-1953.862,129.723005
-8.32389,111.07735,-174.276,129.736312
-7.78257,108.2514,29,129.750597
-7.80135,107.66617,-598.728,129.776688
-8.45536,113.74296,113,129.78169
-8.48409,114.30504,24,129.848244
-8.06726,111.30039,298,129.883638
-7.49576,109.77476,175,129.902546
-8.65732,113.48855,-1140.311,129.98476
-8.32089,112.42259,281,130.010572
-8.86925,112.89981,-1883.737,130.013379
-8.34554,114.06369,214,130.052277
-6.49639,105.60294,-45.224,130.059831
-7.99185,111.89159,126,130.145382
-8.18997,110.40907,-100.136,130.156208
-8.74572,112.93865,-1550.3,130.182595
-7.76943,109.4052,80.611,130.197732
-7.97459,111.18704,1064,130.27175
-6.99331,106.90238,571,130.291668
-8.9626,112.87117,-1744.237,130.298017
-7.58945,106.42451,-690.5,130.325747
-8.08635,110.72526,338,130.365685
-6.51654,105.59658,-38.317,130.391134
-7.57894,108.31608,295,130.423622
-7.88925,108.07225,-136.386,130.428781
-7.7241,108.22268,122,130.436163
-7.57727,107.73677,337,130.465133
-8.26712,112.25344,154,130.505242
-6.44582,105.76344,-2.505,130.509281
-7.44599,107.48947,345,130.516837
-6.80682,105.795,44,130.529513
-8.24608,110.67496,-124,130.570192
-7.38268,107.21486,333,130.600332
-7.48681,107.76522,947,130.63749
-7.96127,108.91858,-113.185,130.659308
-7.98629,108.1866,-311.037,130.720582
-7.77915,108.40346,70,130.754169
-8.05153,109.60019,-203.205,130.783442
-7.77568,108.3924,65,130.799489
-6.96439,105.59928,-104.179,130.815172
-6.68738,105.54247,-78.758,130.818169
-5.72809,105.84559,-14.82,130.82688
-7.56604,108.0292,529,130.829209
-8.16182,110.70144,205,130.88073
-6.81732,110.42666,-18.736,130.883391
-8.26379,112.24291,89,130.898605
-7.1074,106.86643,549,130.913262
-8.48714,113.30603,95,130.913476
-8.79495,112.781,-1549.361,130.975037
-8.3618,110.63849,-240.956,130.990734
-7.11688,106.86344,531,131.01184
-8.56653,113.19983,-298.173,131.057632
-8.01731,108.61355,-94.338,131.096959
-8.06956,108.45127,-123.565,131.119475
-7.70547,107.98485,158,131.149318
-7.6085,106.41855,-901.633,131.14937
-8.41605,113.75532,119,131.15917
-7.56044,107.59825,55,131.16879
-7.85836,109.23561,-48.058,131.177009
-9.03092,114.13302,-2616.846,131.18453
-6.91854,106.4864,219,131.202795
-6.96158,105.74597,-4.535,131.282948
-8.15936,108.42258,-1395.715,131.313673
-8.02004,109.14627,-107.136,131.328824
-7.63843,107.71753,14,131.350384
-7.61297,107.14172,-1007.607,131.35092
-7.77989,108.405,59,131.353774
-8.5145,113.72436,87,131.357046
-7.68421,108.86371,-4.567,131.408498
-7.95585,111.27813,825,131.430994
-8.41399,112.71643,5,131.467626
-8.53451,113.71813,-71.481,131.471563
-7.36314,107.0838,146,131.477238
-8.05618,111.59151,531,131.506186
-8.11771,109.45394,-538.275,131.516124
-7.84897,108.60942,-27.086,131.574994
-7.88179,108.71207,-18.867,131.66478
-8.17246,110.69809,130,131.667981
-8.16989,110.41539,-48.691,131.78869
-6.77854,105.21324,9.824,131.835295
-7.09793,108.46863,568,131.864393
-8.6536,114.10914,-100.451,131.876437
-7.93996,108.89464,-89.131,131.881364
-7.70976,110.98578,289,131.90002
-8.40609,113.75845,263,131.920866
-6.80706,106.0852,195,131.951702
-8.50803,113.29951,-156.81,131.967741
-6.81355,114.68495,-91.629,132.033189
-8.88052,112.754,-1637,132.039475
-8.10991,108.43836,-782.441,132.046019
-8.42723,113.60961,14,132.0522
-8.55096,113.99916,156,132.092191
-7.22208,106.83031,436,132.117923
-8.59551,114.27007,7,132.118675
-7.8583,108.08207,-82.136,132.134817
-7.68504,108.10359,187,132.14938
-8.35528,114.06064,191,132.250037
-7.7912,107.66937,-498.835,132.282386
-7.31749,106.21476,-515.207,132.321703
-7.77465,108.38232,96,132.352699
-7.62734,107.91788,234,132.379337
-7.82595,111.09121,341,132.400116
-7.57005,107.59516,6,132.451286
-7.4852,108.49137,286,132.453731
-8.29335,110.80249,-152.117,132.458657
-8.34499,111.07072,-199.157,132.466061
-8.81849,113.0592,-1521.01,132.499136
-6.86242,106.35886,795,132.506256
-7.68711,108.10613,188,132.55612
-7.70064,108.14877,99,132.581006
-8.67652,113.54981,-980.233,132.590734
-7.89937,108.50556,-93.609,132.666699
-7.00034,113.20064,117,132.676554
-8.14254,112.986,1010,132.7463
-7.68616,110.43498,340,132.818737
-8.381,111.48606,-6.223,132.826237
-7.08205,113.17503,63,132.887717
-7.87985,108.51179,-87.979,132.894478
-7.49669,107.76209,913,132.90044
-8.15564,110.98768,366,132.911192
-8.03076,109.6067,-145.1,132.917873
-7.12638,106.86045,507,132.930607
-8.11383,112.99504,977,132.932544
-7.53045,107.61259,137,132.935495
-8.43062,112.76922,-65.416,132.937089
-8.18858,108.41324,-1669.813,133.003627
-6.77724,106.09466,258,133.020707
-7.50658,107.75898,958,133.022955
-8.48229,114.02075,268,133.036396
-7.6177,108.01275,397,133.040116
-6.94732,106.04077,-162.637,133.042475
-8.72716,114.22871,-226.482,133.051439
-6.93301,105.75505,-8.016,133.05308
-7.98838,108.33958,-206.916,133.064148
-7.54751,107.30879,-107.28,133.104771
-6.95206,105.74901,-4.788,133.123647
-6.93768,106.62785,381,133.155328
-6.91876,106.63376,435,133.161794
-8.68937,113.59071,-953,133.166316
-8.03857,108.60681,-89.527,133.177128
-7.83133,108.52726,-49.615,133.184588
-7.65739,108.01547,287,133.195379
-8.00901,111.44406,132,133.196337
-8.39092,112.48068,31,133.207763
-6.92345,105.75807,-8.535,133.21949
-9.18183,114.23227,-3487.164,133.22486
-8.46054,112.86367,-127.493,133.249356
-7.90923,108.50242,-99.647,133.251503
-6.69733,105.53933,-65.05,133.261245
-6.94255,105.75203,-5.191,133.295925
-8.04112,109.60345,-163.88,133.31489
-7.90189,110.35705,42,133.320227
-8.29338,110.0094,-436.172,133.330132
-6.95381,105.60263,-73.618,133.425108
-7.61731,108.01292,397,133.444001
-7.59992,108.39602,162,133.479644
-8.01279,109.1234,-104.845,133.4968
-6.94004,106.47961,74,133.517066
-7.85873,111.93336,220,133.521468
-7.88958,108.50869,-88.929,133.524604
-8.31815,112.0736,3.666,133.540145
-6.83444,114.67846,-93.879,133.557086
-7.69543,108.13663,222,133.558908
-7.57364,108.31313,324,133.597657
-7.4927,107.49316,189,133.598697
-6.88644,106.49655,578,133.603304
-5.73806,105.84245,-16,133.669341
-8.18609,111.54737,556,133.673923
-8.41674,113.61292,18,133.71672
-6.58887,114.75471,-64.871,133.737
-7.74782,108.30351,112,133.756646
-8.09716,110.72186,305,133.789775
-6.45615,105.76018,-4.703,133.799819
-7.43611,107.87989,825,133.815143
-7.11148,106.42541,-271.208,133.851591
-6.65421,105.69753,238,133.854962
-7.06169,113.18141,46,133.872752
-8.79709,112.92246,-1568.742,133.914133
-8.42344,114.03922,600,133.915018
-7.74432,108.2923,110,133.937783
-7.96065,111.90137,144,133.96478
-8.47502,113.73676,61,133.965561
-7.17408,106.84546,412,133.972417
-7.55709,107.74315,566,134.009372
-8.11995,108.43517,-828.638,134.011981
-7.91913,108.49925,-99.865,134.012718
-7.35955,107.36843,683,134.021228
-8.87472,113.46886,-1694.642,134.034787
-7.5309,108.17829,312,134.044179
-6.91387,105.76113,-8.253,134.054007
-8.1496,108.42571,-1264,134.059081
-7.65707,108.01156,264,134.060685
-7.99465,111.18078,732,134.076705
-6.85418,106.50673,728,134.124656
-7.57061,108.17346,347,134.14938
-7.92906,108.4961,-99.196,134.183234
-7.88075,110.36368,49,134.215729
-8.75596,112.93541,-1565.351,134.253545
-7.50297,107.52577,191,134.255448
-9.10149,114.11063,-3073.808,134.27422
-7.57993,106.42748,-640.795,134.296499
-7.74785,110.54814,147,134.328065
-6.50646,105.59977,-42.945,134.329433
-7.85601,111.2242,811,134.360581
-8.31082,112.39087,294,134.383947
-8.73082,113.72295,-848.313,134.458398
-7.76422,107.5331,-1253.452,134.473891
-6.62237,105.7076,158,134.4907
-6.78717,106.09152,225,134.491542
-7.8505,109.37973,-56.053,134.495703
-7.98143,111.89485,110,134.50065
-7.73376,108.25866,80,134.513217
-8.29706,110.02112,-490.12,134.526645
-7.74082,108.28108,106,134.53443
-7.73729,108.26987,104,134.63774
-7.76945,108.40828,93,134.647467
-6.36057,110.83985,-23.325,134.659549
-6.50278,110.79539,97,134.669701
-7.78102,107.67258,-441.4,134.684463
-7.65402,108.29225,200,134.691605
-8.66051,113.49877,-1172.006,134.723521
-7.68949,110.44555,322,134.733712
-6.81701,106.08204,149,134.745335
-7.47896,107.44962,155,134.805149
-7.54076,108.0372,474,134.816172
-6.79711,106.08836,209,134.83204
-7.5367,107.46089,-54.602,134.83258
-7.75428,108.31793,85,134.880173
-7.65799,109.44025,42,134.895757
-7.95345,112.61792,490,134.913391
-7.93901,108.49294,-103.539,134.943324
-8.49758,113.30276,-31.142,134.948466
-7.78728,107.81443,-132.937,135.010017
-8.33444,111.07403,-195.165,135.017036
-8.17993,110.41224,-77.713,135.030876
-8.60574,114.26686,15,135.094619
-8.12991,108.43201,-931.79,135.132111
-7.76784,108.36088,93,135.132343
-8.9107,112.88684,-1784.575,135.132737
-8.46421,112.88502,-253.071,135.136302
-7.19839,107.12802,496,135.198329
-8.58942,113.27244,-151.044,135.255827
-9.13156,114.10142,-3260.23,135.27652
-7.65392,108.00446,344,135.325132
-8.13979,108.42884,-1078.698,135.328725
-8.28967,109.99769,-383.216,135.386152
-8.5245,113.72124,-58.795,135.474126
-8.05954,108.45447,-99.553,135.560118
-8.89835,113.31892,-1978.667,135.646237
-7.69385,108.12742,238,135.667302
-6.46649,105.7569,-6.51,135.673554
-8.04596,111.5596,438,135.678284
-7.58433,106.8603,-933.501,135.707245
-7.03529,106.30419,-142.497,135.720655
-6.77208,105.66026,153,135.808513
-8.14548,110.99087,352,135.810575
-6.90424,105.76418,-7.486,135.878872
-7.78142,108.40369,53,135.895537
-8.229,111.10718,66.459,135.911744
-8.31859,113.78592,394,135.914495
-7.13591,106.85746,482,135.915365
-7.62589,108.47807,164,135.987402
-8.29915,112.07958,107,135.988838
-8.1032,109.4082,-273.851,136.018735
-7.94899,108.48974,-108.591,136.058902
-8.37249,110.63513,-248.316,136.125126
-7.89129,110.36038,46,136.16783
-7.69194,108.12558,238,136.168906
-6.86496,106.50332,682,136.225797
-8.30407,110.79912,-167.156,136.226434
-7.60295,107.1449,-869.13,136.229121
-8.18304,110.69479,153,136.241318
-7.97104,111.89811,130,136.256627
-8.90946,114.17128,-1714.359,136.270603
-8.87959,112.89655,-1903.142,136.274031
-8.71712,114.23187,-201.39,136.295563
-7.94586,111.24711,1007,136.386828
-7.61804,106.41555,-1019.586,136.41817
-6.81637,105.79196,57,136.467381
-7.60038,108.30928,194,136.480179
-7.82732,108.09191,-134.78,136.480225
-7.29302,106.95233,159,136.505189
-8.82815,113.05616,-1559.033,136.546326
-7.77084,107.67577,-389.608,136.546456
-6.94323,105.60598,-53.911,136.598324
-8.01182,110.89094,151,136.631671
-6.92822,106.6308,380,136.681691
-7.83727,110.0934,162,136.694214
-7.76849,110.82516,178,136.699692
-8.87102,112.75702,-1629.398,136.71215
-7.62648,107.91722,234,136.77844
-7.6487,107.7143,10,136.862045
-8.04935,111.57024,365,136.874698
-7.76179,108.34815,124,136.916801
-8.24926,113.80772,313,136.923781
-8.78683,112.92569,-1554.496,136.986725
-8.08085,110.44346,168,137.025517
-8.9253,113.59518,-2000.321,137.061271
-8.58157,113.27639,-156.631,137.086666
-8.19664,112.03168,311,137.130486
-7.53131,107.6076,84,137.132753
-7.39066,107.35857,552,137.139566
-6.87266,106.35562,659,137.203326
-7.66816,109.43705,85,137.254963
-8.36503,114.05758,176,137.264486
-7.85517,111.08204,266,137.311026
-7.59749,107.73043,176,137.318539
-7.49618,108.48788,312,137.322334
-7.89953,108.06897,-177.932,137.348083
-7.67455,109.4328,104,137.398648
-7.64686,109.44168,54,137.478544
-8.38648,113.76458,135,137.503482
-7.51654,107.75588,909,137.641883
-8.97293,112.86812,-1751.901,137.650779
-7.95897,108.48653,-113.83,137.658413
-7.83703,109.24233,-69.635,137.666639
-7.29739,107.09663,547,137.673355
-7.54564,108.03569,580,137.687785
-8.97601,112.72456,-2040.993,137.689878
-8.76622,112.93217,-1562.288,137.690816
-7.40783,112.21782,40,137.739719
-8.4639,112.87441,-179.721,137.767926
-8.11982,110.85707,189,137.783144
-8.45262,114.03006,394,137.81514
-8.46733,112.88523,-267.511,137.906455
-8.02366,109.15769,-107.445,137.937821
-7.58966,108.31269,219,137.964845
-7.69282,110.45608,304,137.96535
-8.02619,108.75632,-111.546,137.998482
-8.77653,112.92893,-1550.258,138.020267
-8.34116,111.64018,119,138.020471
-7.84796,108.08535,-95.848,138.124247
-8.15116,110.7048,239,138.146862
-7.77603,109.40022,-9.296,138.175027
-7.07191,113.17822,55,138.235918
-7.97154,108.91536,-112.01,138.256296
-7.9534,108.6338,-102.985,138.320334
-6.84743,105.6363,-210.381,138.323825
-8.05959,111.60216,240,138.39179
-8.04949,108.45769,-98.55,138.393831
-7.5064,107.53661,217,138.395316
-7.74084,108.27546,103,138.407994
-7.76809,110.54178,134,138.408339
-8.36981,112.91469,329,138.417838
-8.39065,114.19174,124,138.431736
-6.93722,106.04398,-81.225,138.435327
-8.08868,109.3624,-209.269,138.464781
-7.20734,106.97935,333,138.474672
-8.30076,110.03287,-508.599,138.494846
-8.86898,114.18409,-1147.82,138.56611
-6.89455,105.76723,-5.235,138.633592
-7.93634,108.88331,-76.602,138.641136
-8.28385,112.30606,302,138.661958
-7.60203,106.71045,-1221.51,138.665317
-7.76068,107.67895,-281.56,138.731478
-7.16452,106.84847,430,138.801943
-7.27161,106.95909,169,138.819871
-7.14544,106.85448,469,138.872583
-6.70729,105.53618,-5.517,138.923961
-7.83801,111.93985,220,139.039155
-8.10802,110.71841,293,139.042201
-8.40963,112.4748,4.133,139.043632
-7.91146,109.36056,-51.243,139.063649
-8.31756,112.41209,264,139.074202
-7.89808,112.20511,402,139.076501
-8.88996,112.89331,-1884.555,139.077475
-8.68617,113.58051,-949,139.08394
-6.88493,107.08105,576,139.089669
-7.41923,107.26084,97,139.134885
-8.04467,110.88063,200,139.15184
-7.00126,106.1689,-155.789,139.181958
-7.7375,108.26492,93,139.199106
-7.08366,106.72777,648,139.205318
-8.12349,112.99201,969,139.23974
-8.39732,112.66374,25,139.2483
-7.56393,106.72246,-386.254,139.274215
-8.38323,110.63174,-247.561,139.291023
-7.72467,108.85103,101,139.317048
-7.75795,110.54497,140,139.402288
-6.64359,105.70089,209,139.425937
-8.59265,113.28276,-137.023,139.454666
-7.74418,108.28604,103,139.467899
-7.68576,108.43445,118,139.480384
-8.90033,112.89006,-1833.557,139.520921
-6.80452,105.64996,113,139.618783
-6.87572,106.49993,563,139.62376
-7.96893,108.48335,-119.027,139.651248
-8.61595,114.26364,-12.312,139.661171
-7.07283,106.7312,738,139.688184
-7.8484,111.93662,296,139.690777
-8.1658,111.69532,141,139.69518
-8.67974,113.56006,-968.179,139.695734
-6.82398,114.68171,-91.757,139.696315
-7.75091,108.30727,104,139.713955
-8.44227,112.03449,-165.785,139.739671
-8.242,109.84676,-706.337,139.776859
-7.77402,107.52998,-1253.02,139.781033
-6.87421,107.08443,570,139.808996
-6.81527,105.64654,85,139.817225
-7.56276,108.03019,529,139.818606
-6.90783,106.4898,238,139.885572
-7.83763,108.08864,-114.589,139.931475
-8.0123,111.45442,132,139.946625
-6.75245,105.23343,32.506,140.015954
-7.5544,106.72548,-274.933,140.0228
-6.80574,105.35934,16,140.03437
-6.77524,105.20261,-109.611,140.036668
-6.85813,105.63294,-158.958,140.065847
-8.61219,113.34484,-336.099,140.137611
-8.31961,111.50538,110,140.138036
-6.93265,105.60933,-32.582,140.144438
-8.83782,113.05313,-1623.527,140.150811
-6.7829,105.65684,157,140.165828
-8.49214,114.01766,164,140.211153
-6.866,105.48592,20,140.217464
-7.41799,112.21463,40,140.227307
-7.55803,107.70003,365,140.231481
-8.37076,111.48928,-6.381,140.234802
-7.7028,110.48775,253,140.283
-7.84769,109.23897,-62.226,140.339425
-7.21058,106.60342,379,140.397216
-8.17277,109.6278,-837.512,140.400745
-7.4561,107.4863,397,140.402031
-8.46145,112.02848,-183.378,140.407314
-7.57043,106.43043,-533.192,140.438666
-7.89634,108.7578,-78.733,140.492684
-7.50985,107.54746,304,140.560983
-8.31422,112.40154,265,140.66791
-8.33996,111.49898,-134.805,140.673669
-7.10853,108.46524,319,140.678952
-7.67821,107.84958,90,140.710509
-8.19834,108.41011,-1821.984,140.7926
-7.57348,106.71946,-500.608,140.825555
-7.65897,107.71107,9,140.882592
-6.70116,106.26392,773,140.886896
-7.49955,107.5149,194,140.908493
-8.394,112.65329,94,140.938827
-7.96339,112.6148,479,140.961683
-7.15497,106.85148,432,140.96191
-6.59908,114.75164,-65.602,140.961912
-7.57355,106.8637,-248.464,140.963197
-7.69614,110.46661,278,141.011598
-8.13303,112.98899,1009,141.02364
-8.00915,109.11192,-105.428,141.055334
-8.39397,110.62837,-249.014,141.070455
-6.79373,105.65339,144,141.082337
-7.57931,106.57082,-544.822,141.104472
-8.03942,108.46092,-113.279,141.108606
-7.97558,108.19002,-211.651,141.123933
-6.71726,105.53303,9,141.14167
-7.11603,106.71751,565,141.144303
-7.54422,107.65626,326,141.168521
-7.01234,106.89639,483,141.212554
-8.01565,111.46486,128,141.236353
-7.75056,107.68212,-219.88,141.297477
-8.08447,111.1526,320,141.307704
-7.6661,106.40052,-1463.327,141.310901
-8.54123,114.00222,34,141.317605
-7.59292,107.14808,-759.185,141.341102
-7.53698,107.31211,-35.172,141.379601
-7.48926,107.4823,212,141.387515
-7.61965,107.89558,204,141.397793
-7.09447,106.72434,584,141.39944
-8.88547,113.46549,-1711.308,141.452093
-7.56866,110.3193,469,141.454693
-8.0067,108.61693,-98.272,141.47255
-8.21865,111.11045,4,141.48169
-6.89713,106.49319,331,141.499494
-7.75766,108.32866,72,141.524749
-7.95434,109.20547,-82.373,141.603017
-7.77733,107.81763,-93.472,141.614744
-8.15279,110.27806,-158.12,141.628008
-8.98323,112.86509,-1760.034,141.634561
-6.77619,106.24015,548,141.666526
-8.86151,112.76003,-1611.755,141.668773
-8.89618,113.46213,-1734.307,141.682245
-7.97895,108.48017,-123.2,141.691521
-6.95033,113.2163,80,141.70533
-8.70704,114.23504,-246.941,141.750962
-7.20017,106.57075,398,141.756633
-7.9945,109.06593,-98.868,141.815729
-8.35018,111.49576,-83.772,141.829294
-6.88479,105.7703,-3.45,141.892671
-6.81441,110.41743,-18.912,141.925234
-7.55115,107.67816,353,141.97863
-9.17089,114.23542,-3430.112,142.0019
-8.41732,112.72696,49.142,142.007431
-8.70532,113.64163,-965.767,142.010235
-7.85991,108.64363,-67.397,142.02274
-7.3275,106.21159,-491.65,142.125855
-8.36047,111.49252,-46.861,142.172935
-8.64269,114.11255,-80.033,142.196063
-7.21406,106.61436,341,142.199223
-6.82603,105.78891,42,142.213198
-8.41697,112.89986,-23.407,142.327865
-7.69384,108.13432,222,142.329099
-6.63295,105.70425,181,142.341222
-6.99447,106.61015,58,142.353777
-9.26872,114.2068,-3888.98,142.41164
-7.7719,108.2548,36,142.424018
-7.89268,110.92836,140,142.436549
-7.59254,106.71344,-956.369,142.462476
-7.54078,107.64533,210,142.541405
-7.36991,107.36515,435,142.567769
-8.25981,112.37913,421,142.651032
-7.9152,108.36254,-58.878,142.743234
-7.52359,107.59085,286,142.744869
-6.77205,105.22735,26,142.747487
-7.83589,108.576,-88.532,142.77905
-7.55584,108.03244,495,142.784577
-7.95089,108.05262,-608.714,142.844775
-8.06634,108.74371,-78.395,142.880607
-8.09682,111.71817,172,142.884541
-8.02934,108.46415,-128.127,142.920388
-6.82696,106.0789,72,142.965485
-7.65375,108.00105,282,142.976522
-7.7399,108.26497,93,142.9972
-7.86355,108.65507,-70.846,143.062691
-7.76163,110.25865,111,143.09796
-8.14045,110.70818,251,143.112073
-7.66921,107.70783,12,143.122727
-7.98465,111.18391,816,143.130237
-7.2071,106.59251,395,143.15719
-7.79326,108.24799,22,143.165451
-8.8475,113.05009,-1664.488,143.249904
-7.69814,107.84316,15,143.294604
-7.98901,108.47695,-132.911,143.428295
-6.92712,106.04718,-41.481,143.428765
-7.67528,108.43772,88,143.438753
-8.42063,112.73752,54,143.453203
-8.10683,109.41961,-307.675,143.468544
-8.46519,113.73988,64,143.468952
-7.82566,108.54373,-109.43,143.673509
-8.11407,109.44247,-455.19,143.68744
-7.43279,107.86941,960,143.696881
-8.1354,111.13659,116,143.715156
-7.55176,108.0337,640,143.721046
-7.74045,107.68529,-130.774,143.72259
-8.04921,108.60344,-88.634,143.734888
-7.93272,108.87195,-68.272,143.736192
-8.27485,109.95072,-326.281,143.738881
-7.79031,108.40173,40,143.810124
-8.40023,112.47776,18.672,143.816369
-8.15816,109.58171,-757.055,143.823196
-7.98182,108.91213,-106.411,143.904796
-8.90817,113.31583,-2016.397,143.99248
-7.67123,108.05963,216,144.032441
-7.6276,106.41255,-1115.996,144.039014
-8.37478,114.05452,164,144.103873
-7.76693,109.40316,35.92,144.126075
-7.56147,107.71094,247,144.174778
-8.39427,114.0484,310,144.232321
-8.69576,113.61111,-917.006,144.313506
-7.52666,107.46405,-11.545,144.366622
-7.65438,108.44427,144,144.45454
-8.3228,112.92939,89,144.466648
-7.7838,107.52686,-1328.256,144.471482
-8.01923,108.46734,-140.953,144.536987
-7.90364,108.78063,-87.753,144.551092
-8.17584,111.69217,370,144.556488
-7.83568,111.08815,313,144.5834
-7.80177,108.46808,14,144.590658
-7.85262,108.62081,-32.691,144.659008
-8.0507,108.1661,-1290.925,144.672979
-7.87815,108.70072,-22.991,144.680529
-6.75863,105.14926,-224.446,144.750831
-7.38375,109.9524,801,144.776003
-8.48954,114.16067,68,144.799244
-7.69948,110.47716,266,144.829953
-7.99908,108.47374,-139.752,144.832161
-8.02728,109.1691,-112.882,144.843725
-8.93515,113.59205,-2011.34,144.847892
-7.38029,107.36185,355,144.890422
-8.11885,110.715,271,144.913225
-8.0763,108.74058,-78.503,144.959589
-7.48642,107.47679,155,144.986807
-7.23168,106.82727,400,145.024
-8.32977,111.50219,-18.473,145.11579
-8.00915,108.47053,-143.33,145.127869
-8.50045,114.15724,65,145.191155
-8.4273,112.75866,-24.615,145.233075
-8.47857,114.16413,77,145.282988
-7.42276,107.20211,154,145.305694
-7.72744,108.23325,84,145.324866
-6.87498,105.77341,-1.971,145.341617
-8.72761,113.71264,-950.025,145.345634
-8.21793,110.82622,-41.153,145.354596
-7.65609,109.43872,42,145.397944
-8.62614,114.26043,-18.631,145.409337
-8.66371,113.50897,-1189.965,145.411588
-7.36746,107.07445,102,145.442047
-8.68295,113.5703,-945.181,145.478185
-6.83673,105.63971,20,145.511505
-7.64807,108.00315,336,145.548159
-7.58303,106.71645,-647.185,145.550014
-7.69624,108.43118,96,145.569927
-8.56979,113.21028,-237.276,145.574527
-7.92909,108.8606,-62.149,145.577056
-7.54491,106.72849,-126.645,145.639508
-7.10525,106.72092,522,145.659668
-8.87916,114.18085,-1239.027,145.718675
-6.83691,106.07576,62,145.741026
-7.06201,106.73464,750,145.804186
-7.54768,107.6672,293,145.809543
-7.12222,106.42201,-207.706,145.82763
-8.40473,110.62497,-264.546,145.87258
-6.92205,105.61269,-20.678,145.883845
-8.89938,114.17445,-1550.015,145.926297
-7.79356,107.52374,-1399.547,145.95054
-8.28598,109.98598,-324.783,145.972005
-9.04097,114.12983,-2647.808,145.97366
-8.37864,110.77565,-213.406,145.992858
-7.71286,108.192,156,146.003141
-7.00283,106.89939,455,146.085131
-6.94871,111.79281,256,146.102802
-7.01878,106.74831,191,146.112491
-7.02516,106.30739,-73.329,146.121406
-7.59142,108.46402,264,146.161283
-6.86881,105.62957,-43.932,146.174723
-7.52761,108.16791,390,146.193708
-7.23745,112.55705,10,146.211389
-8.52168,114.00834,30,146.279455
-7.42944,107.85897,997,146.36766
-8.20837,111.11368,11,146.378674
-7.92546,108.84923,-66.1,146.382871
-7.86004,110.93865,160,146.407947
-7.80072,108.39846,17,146.478873
-7.66482,108.441,117,146.479271
-7.84542,111.08509,281,146.49081
-7.28742,107.0998,494,146.504846
-7.73035,107.68847,-85.851,146.525371
-7.56863,106.57421,-316.978,146.538004
-8.33768,113.77986,153,146.62486
-8.25939,113.80454,322,146.655396
-8.32815,113.78287,222,146.691758
-7.42613,107.84858,983,146.71231
-8.85202,112.763,-1601.485,146.71907
-8.05635,108.74685,-84.34,146.728548
-7.68161,108.09263,189,146.760691
-7.67945,107.70459,-3.893,146.769607
-8.20645,111.68259,227,146.769803
-8.14573,111.13338,30,146.87335
-6.76225,105.23038,58,146.885321
-7.96503,109.2021,-64.977,146.931763
-8.43315,114.03617,558,146.964324
-7.5829,107.15126,-614.35,147.052991
-8.40337,111.62061,-86.109,147.123359
-8.15617,111.13008,35,147.130121
-8.41374,114.04227,489,147.135211
-6.91704,106.05036,-14.75,147.173266
-7.52646,107.31544,-15.7,147.174119
-7.20823,107.1249,420,147.181381
-8.12966,110.71159,263,147.250419
-7.65646,106.40353,-1416.929,147.334284
-7.24764,107.11238,495,147.335437
-8.22894,112.3888,302,147.364464
-7.70806,107.83999,20,147.366132
-7.56094,106.4334,-453.539,147.493969
-8.24565,109.85828,-705.728,147.497902
-8.88929,114.17763,-1427.306,147.506478
-8.03627,108.75316,-101.713,147.542178
-7.95251,111.2678,962,147.559351
-7.74754,108.29663,111,147.561364
-8.11339,111.77045,96,147.575549
-6.87352,105.33781,-295.646,147.626429
-8.30449,110.04469,-486.13,147.646584
-8.85722,113.04701,-1714.221,147.689524
-7.7308,108.24383,119,147.747336
-7.76743,107.82083,-70.93,147.940553
-8.51134,114.15382,66,147.971689
-6.72723,105.52987,34,147.990572
-8.42398,112.74808,42.407,148.02627
-8.40492,110.36379,-643.614,148.083909
-7.30735,107.09348,512,148.096161
-7.68967,107.70135,-5.133,148.185863
-8.38451,114.05147,183,148.232375
-8.11045,109.43102,-362.382,148.262339
-7.6306,107.92816,156,148.302734
-7.18635,106.52736,466,148.34493
-8.08625,108.73745,-82.647,148.374551
-6.82601,105.64312,36,148.383635
-7.39269,107.21167,269,148.383743
-7.54984,107.89081,583,148.40664
-8.37152,110.25768,-711.28,148.485549
-7.58736,107.73362,300,148.486233
-8.40754,112.90281,65.681,148.523883
-7.72023,107.69166,-33.1,148.60974
-7.00391,106.6072,57,148.621464
-7.73742,110.83493,104,148.624214
-6.86514,105.77652,-3.293,148.626548
-8.69695,114.2382,-360.002,148.639787
-7.77804,108.39301,65,148.640714
-7.66531,109.43576,71,148.713389
-8.16673,111.12676,19,148.759032
-9.09148,114.1137,-2930.423,148.7642
-8.27857,109.96248,-249.624,148.764859
-6.83576,105.78583,23,148.767286
-8.50198,114.01456,52,148.798368
-7.49654,107.47362,103,148.802721
-7.58679,108.35451,212,148.802915
-8.46758,114.16759,82,148.813531
-8.34734,113.77687,106,148.813808
-6.99051,106.17233,-62.292,148.859809
-6.96956,111.78635,60,149.019479
-7.43279,107.19893,117,149.02393
-7.14134,112.58706,4.457,149.088561
-8.53148,114.00527,29,149.148921
-8.04633,108.75,-91.849,149.169102
-7.76124,108.25819,50,149.181003
-7.64938,106.98506,-2104.956,149.201591
-6.90696,106.05355,-1.126,149.223953
-7.6372,106.40955,-1235.267,149.22402
-7.68819,107.84637,22,149.25444
-8.37528,110.26959,-694.049,149.285089
-7.40102,107.35528,375,149.335252
-7.94918,111.25746,919,149.405969
-7.71009,107.69487,-19.925,149.509434
-8.03138,110.45899,302,149.534833
-7.90979,108.06571,-296.661,149.541031
-7.99875,108.33632,-272.527,149.560194
-7.41273,107.20529,188,149.572267
-7.69989,107.69811,-8.505,149.586936
-7.66042,108.02206,258,149.598175
-6.8829,106.35239,604,149.620694
-8.00548,109.10041,-106.448,149.675263
-6.85613,105.48903,29,149.698819
-7.6393,106.98826,-2078.418,149.797825
-8.18595,111.68901,289,149.848078
-7.57039,108.30286,281,149.936263
-7.7582,110.82839,108,149.939287
-9.15992,114.23859,-3344.447,149.97427
-7.99207,108.9089,-88.856,150.048758
-7.56712,108.2925,181,150.131704
-9.13791,114.24497,-3184.202,150.1538
-7.35621,107.06191,258,150.204606
-7.51598,107.31879,-9.741,150.225661
-7.58091,108.1702,300,150.328596
-7.62921,106.99145,-2089.087,150.360621
-7.63388,107.93848,360,150.382689
-7.47562,108.00413,836,150.384898
-8.45189,112.03147,-167.813,150.387785
-7.6191,106.99464,-2131.962,150.415156
-8.27944,113.79823,474,150.43148
-7.65041,108.00234,282,150.434369
-6.89689,106.05674,1.283,150.445343
-8.03091,109.1805,-116.47,150.457982
-7.4824,107.46055,143,150.473775
-8.02283,110.88749,158,150.489123
-7.59885,107.00107,-1749.062,150.530786
-6.8795,105.62619,10.233,150.563514
-6.84686,106.07262,19,150.62146
-7.57291,107.15444,-525.127,150.645916
-7.67468,108.07065,201,150.649582
-7.69042,110.28121,169,150.776572
-8.94495,113.58891,-2011.039,150.87538
-7.33748,106.20842,-413.019,150.924734
-7.99607,108.6203,-97.706,150.941872
-7.22791,107.11867,406,150.943509
-7.60897,106.99785,-2005.49,150.947133
-7.64683,106.40654,-1365.982,150.958497
-8.07094,110.44656,220,150.960395
-6.91143,105.61605,-9.953,150.980795
-7.75753,107.82402,-21.861,150.983953
-8.42158,110.76214,-259.927,151.069834
-8.37676,113.76763,78,151.106577
-7.96408,108.63042,-99.97,151.113161
-6.85682,106.06947,-41.736,151.164516
-7.4763,107.47996,194,151.182099
-8.63624,114.25722,-21.526,151.216037
-7.20363,106.58162,398,151.258015
-8.40858,110.37555,-607.844,151.310533
-6.85531,105.77963,0.875,151.310946
-7.6471,107.98006,391,151.327112
-7.60193,108.46071,195,151.336228
-7.35274,107.05097,177,151.344976
-7.70671,108.42792,79,151.508529
-8.19808,111.11693,11,151.529842
-7.61625,107.88477,334,151.614999
-7.9156,107.91804,-599.287,151.656301
-7.9649,108.19343,-121.684,151.662154
-6.88682,106.05994,0.541,151.765143
-6.81671,105.50149,31,151.798628
-8.62084,114.11941,-20.371,151.865384
-7.71798,107.83681,20,151.869269
-8.40123,110.35204,-686.904,151.942778
-8.1251,111.13983,128,151.993973
-8.30066,112.35887,150,152.048522
-7.64356,107.97152,442,152.054235
-6.86679,106.06633,-18.653,152.079621
-8.05623,109.26018,-107.893,152.118567
-7.647,107.98247,391,152.14634
-8.19613,111.68582,197,152.196389
-7.2609,106.96248,130,152.297809
-7.34617,106.79123,173,152.338143
-8.40401,114.04532,330,152.339866
-7.50661,107.47042,59,152.341134
-8.20813,108.40699,-1919.317,152.345876
-8.51183,114.01144,60,152.361737
-7.37361,107.11684,178,152.388657
-7.99816,109.0774,-101.004,152.411435
-7.55459,107.68911,273,152.460989
-7.41571,107.24968,67,152.464198
-7.50552,107.32212,-9.524,152.5087
-7.67376,108.06396,217,152.522557
-6.95911,111.78959,133,152.530376
-7.21805,106.97598,252,152.554454
-8.1773,111.12347,18,152.594643
-8.05369,108.88953,-177.676,152.624251
-7.60003,106.27082,-2090.462,152.655778
-6.87679,106.06314,-2.526,152.707032
-8.86689,113.04391,-1783.967,152.745073
-7.92668,107.91451,-808.655,152.777169
-7.7279,107.83362,16,152.869706
-7.6299,107.92804,156,152.926402
-8.12194,110.28781,-77.251,152.962509
-8.03453,109.19192,-116.5,153.052449
-7.40391,109.94606,734,153.086452
-8.13058,110.85368,291,153.105705
-8.05263,109.24883,-107.585,153.149705
-7.61754,107.88713,309,153.158059
-7.58872,107.0043,-1567.206,153.180594
-7.6333,107.93888,384,153.254513
-7.74767,107.82722,-8.608,153.261344
-8.08507,109.35101,-182.799,153.293593
-8.72441,113.7024,-1232.032,153.332731
-7.35966,107.07285,218,153.382193
-6.89017,105.6228,1.337,153.385075
-7.21592,112.56378,6,153.414675
-8.91793,113.31274,-2062.738,153.500563
-7.56279,106.86709,-55.444,153.549089
-7.69435,108.86053,-4.995,153.566664
-7.52017,107.58001,210,153.585129
-7.90453,107.92155,-461.639,153.6333
-7.54697,107.74636,639,153.6565
-8.24928,109.86981,-708.42,153.659136
-7.78504,110.10981,444,153.694771
-8.18774,111.12019,14,153.783499
-6.84552,105.78273,23,153.820768
-7.7378,107.83042,-4.673,153.829195
-7.23775,107.11554,444,153.90953
-7.67816,108.08165,197,153.926268
-8.60894,113.33451,-289.537,153.937526
-8.04337,108.89278,-150.721,153.958205
-7.80519,108.47887,-14.71,153.975562
-7.21808,107.12178,345,153.983427
-8.367,113.7707,48,154.019151
-7.64392,108.44755,114,154.063896
-6.84626,105.49216,35,154.10371
-7.51664,107.46723,11,154.107459
-6.82653,105.49838,34,154.109464
-8.04901,109.23746,-115.22,154.110139
-7.05231,108.33783,748,154.176238
-8.52222,114.15039,60,154.228114
-7.79836,108.45731,18,154.276746
-7.52663,107.75275,661,154.288384
-7.93776,107.91098,-1017.341,154.316735
-7.5629,107.15761,-455.865,154.319663
-6.9008,105.61942,-5.002,154.375584
-8.04539,109.22605,-118.209,154.379229
-8.37924,112.91173,89,154.496658
-7.4951,108.06551,573,154.56122
-8.16911,109.61633,-830.628,154.603016
-8.80448,112.77799,-1554.5,154.623539
-7.5786,107.00753,-1304.438,154.635777
-6.73721,105.52669,36,154.638454
-8.03815,109.2033,-115.225,154.657096
-9.27959,114.20356,-3930.961,154.6673
-8.23929,112.38556,464,154.671668
-8.05984,109.27153,-114.509,154.695501
-8.26947,113.80137,357,154.714951
-7.68374,108.09551,239,154.76607
-9.1417,114.09829,-3420.159,154.85463
-7.55797,106.5776,-144.6,154.866835
-8.00182,109.0889,-104.334,154.870804
-7.63718,107.94884,456,154.927688
-7.85626,108.63221,-46.421,154.940787
-8.16181,109.59328,-789.668,154.963764
-6.78691,106.23677,488,154.96702
-8.3981,112.90579,94.362,154.971078
-8.23559,110.67825,-87.718,155.013461
-6.80689,105.50463,11,155.016017
-8.04177,109.21467,-116.524,155.099058
-6.83636,105.49527,33,155.134444
-8.41554,110.62155,-280.414,155.170948
-7.94886,107.90747,-1152.933,155.220346
-8.28525,112.94126,278,155.380115
-7.53545,106.73149,-73.068,155.407645
-8.00232,108.90567,-79.026,155.412113
-7.12681,106.7141,550,155.4224
-8.38867,112.90875,146,155.444499
-7.49837,110.34141,765,155.470489
-7.64379,107.96963,418,155.483896
-7.15215,112.58367,4.387,155.501465
-8.09621,108.73432,-92.108,155.598677
-7.48583,107.47144,91,155.599272
-7.45037,106.75834,-10.448,155.634408
-7.27746,107.10296,346,155.760766
-7.55146,106.43636,-380.315,155.774134
-7.74783,110.83167,107,155.834239
-8.6669,113.51917,-1152.16,155.83782
-6.97978,106.17573,-34.442,155.888405
-7.76105,108.3394,131,155.955192
-7.66478,108.28885,203,155.995588
-8.42636,110.61815,-300.357,156.030008
-8.27113,109.93898,-445.501,156.102931
-7.83614,111.23047,394,156.120854
-7.97475,108.62703,-101.136,156.158022
-7.01504,106.3106,-12.915,156.158483
-7.80398,108.24459,9,156.177633
-7.94061,108.05588,-557.925,156.19538
-6.74718,105.52354,88,156.222473
-8.00913,108.33307,-400.75,156.271709
-7.71718,108.42464,78,156.307726
-6.28046,109.01982,-53.922,156.337078
-7.42199,106.76729,33,156.382442
-8.68688,114.24136,-136.999,156.410406
-7.84686,108.23097,-174.896,156.430967
-7.46621,107.48312,218,156.467477
-8.84259,112.76597,-1591.824,156.49951
-8.35716,113.77381,52,156.536082
-7.66085,108.0265,170,156.557511
-9.14895,114.24177,-3246.655,156.61022
-8.19321,112.02092,311,156.663184
-7.56846,107.01074,-1141.79,156.695269
-7.65041,107.99054,386,156.747505
-7.58951,106.27414,-1752.187,156.816146
-7.65046,107.99345,339,156.849731
-7.44091,106.76132,-3.603,156.879448
-8.37902,110.28147,-693.406,156.89186
-7.55959,107.88769,529,156.895586
-7.66777,108.04859,268,156.900844
-7.21755,106.62532,387,156.941306
-8.0331,108.89602,-110.764,156.978347
-7.55287,107.1608,-358.822,157.024564
-7.83616,108.23438,-153.218,157.111889
-7.44282,107.19575,91,157.231567
-7.9854,108.62366,-101.823,157.256964
-7.68361,108.13758,246,157.310442
-8.25291,109.8813,-712.536,157.406236
-8.24958,112.38232,434,157.422818
-7.49508,107.32544,5,157.433891
-6.79702,105.50777,11,157.475074
-8.95473,113.5858,-2009.812,157.595684
-7.82543,108.23778,-104.58,157.622883
-7.88177,110.93179,198,157.6859
-8.64635,114.25407,-21.653,157.707434
-8.3516,111.63692,-25.506,157.73706
-7.43145,106.76431,3,157.855877
-7.92183,108.83784,-68.355,157.893131
-7.22665,112.56045,19,157.897754
-8.31348,112.93233,222,157.920461
-8.69895,113.62129,-926.978,158.015014
-7.92167,109.35737,-56.126,158.067207
-7.55832,107.01395,-917.775,158.108654
-7.81471,108.24118,-48.684,158.242212
-7.87451,108.68936,-38.467,158.274218
-8.28723,112.31665,303,158.277323
-7.81115,108.39518,15,158.286342
-7.48538,108.0349,813,158.33028
-8.03378,110.88404,188,158.353149
-8.28227,109.97423,-258.834,158.383521
-7.50774,107.03,-260.602,158.561094
-8.36779,110.24582,-751.333,158.561598
-7.57897,106.27747,-1388.445,158.622791
-6.8084,106.22999,419,158.626426
-7.75177,110.26147,113,158.660164
-8.01257,108.90244,-79.696,158.662652
-7.33668,106.79423,183,158.677987
-7.85754,108.22756,-168.033,158.714657
-7.92006,108.06243,-370.392,158.71553
-7.63671,107.94973,456,158.776271
-8.64898,112.39949,-865.629,158.852504
-7.54282,107.16398,-298.771,158.859494
-7.51783,107.02679,-389.992,158.902613
-8.72122,113.69223,-1164.065,158.919439
-8.39753,110.3403,-733.19,158.99973
-7.43225,107.34539,176,159.051619
-7.88966,108.21737,-85.923,159.073806
-7.67043,108.0535,257,159.081683
-8.02283,108.89923,-93.821,159.134287
-8.16546,109.60482,-812.687,159.135339
-7.24129,106.82425,431,159.164341
-7.71459,108.8542,80,159.267315
-7.59664,108.3857,171,159.289729
-7.52792,107.0236,-485.21,159.311351
-7.49766,107.03322,-179.836,159.325482
-7.59009,108.36494,266,159.362643
-8.20708,110.82963,10.82,159.456094
-7.45283,107.19257,50,159.469058
-8.44287,114.0331,290,159.476828
-7.90043,108.21395,-74.444,159.526067
-7.59337,108.37534,238,159.54514
-7.55199,106.87051,-4.311,159.625511
-7.87893,108.22078,-104.976,159.665189
-7.78817,108.42511,46,159.685993
-7.7292,108.26838,107,159.697031
-7.47888,108.01442,847,159.709583
-8.3082,110.05649,-451.368,159.734178
-7.45983,106.75537,-10.697,159.735785
-7.13297,106.41862,-162.018,159.792288
-8.41226,110.38729,-582.297,159.869927
-7.7937,107.95682,-94.773,159.898887
-6.96905,106.17912,-24.022,159.923067
-7.41253,106.77027,11,159.925209
-7.53805,107.02039,-654.862,159.942765
-7.3936,106.77622,64,159.994536
-7.53279,107.16717,-214.943,160.054848
-7.8325,108.56527,-122.044,160.063263
-7.34748,106.20525,-416.709,160.067309
-9.05105,114.12661,-2694.367,160.0762
-7.22877,106.97261,227,160.135522
-8.57307,113.22066,-203.905,160.142954
-6.81914,106.22659,365,160.170246
-6.79766,106.23338,336,160.19975
-6.78708,105.51092,26,160.202729
-7.54819,107.01715,-786.788,160.269545
-7.35567,106.78823,92,160.321808
-7.03214,106.5984,276,160.338995
-7.72077,110.98233,274,160.456275
-7.64049,107.95922,340,160.456323
-7.91118,108.21053,-64.154,160.514278
-7.52278,107.17036,-167.467,160.614742
-8.45656,114.17105,89,160.676536
-7.40306,106.77325,47,160.816386
-8.19356,110.69147,-9.701,160.963583
-6.81701,105.35575,35.995,160.985026
-7.37709,107.12787,216,161.058181
-7.57921,107.88138,702,161.071765
-7.56844,106.28081,-1148.92,161.170315
-7.95418,108.19686,-78.963,161.219548
-8.09456,111.14943,205,161.239192
-7.35742,107.07762,149,161.24201
-7.51278,107.17353,-118.432,161.323115
-7.67707,108.07444,218,161.32658
-7.01334,106.60426,25,161.342265
-7.51674,107.56916,269,161.396081
-7.39385,109.94923,747,161.418856
-8.87653,113.04084,-1826.445,161.429916
-7.86823,108.22418,-128.917,161.449961
-8.25654,109.89277,-707.271,161.485362
-8.29472,112.93825,136,161.52084
-7.68039,108.08494,187,161.543666
-8.14254,110.28132,-131.068,161.578602
-7.30374,106.94896,162,161.601381
-8.18521,110.83653,152,161.611834
-8.39314,111.62384,-74.153,161.690328
-8.36205,111.63364,-174.472,161.760183
-7.31732,107.09032,466,161.783835
-7.4876,107.03642,-132.768,161.842975
-7.81883,108.52209,-46.614,161.844014
-8.04132,110.45588,277,161.938789
-7.5028,107.17669,-59.817,161.969743
-7.36515,106.78523,60,162.010476
-7.9048,108.36581,-73.864,162.043642
-8.19616,110.83307,74,162.054035
-7.759,108.41156,93,162.086089
-7.56937,107.88454,631,162.12696
-8.58617,113.26213,-158.905,162.132026
-7.59143,107.805,461,162.141028
-7.62914,108.48838,144,162.143478
-7.82909,108.55451,-134.226,162.152317
-8.70214,113.63146,-927.759,162.212286
-7.46283,107.18941,18,162.358195
-7.48461,107.32876,33,162.381755
-6.95836,106.18251,-16.034,162.508448
-7.89344,107.92507,-286.282,162.511535
-7.04041,106.74149,502,162.579012
-7.49281,107.17986,-31.035,162.614097
-7.51329,107.55831,129,162.641461
-7.86771,108.66102,-74.567,162.664394
-8.17422,110.83998,201,162.709262
-7.40515,107.21628,106,162.76086
-6.77191,105.19194,-214.285,162.825198
-7.48282,107.18304,1.974,162.894578
-8.06345,109.28291,-113.442,163.003527
-7.50631,109.77144,248,163.03675
-8.16321,110.84343,247,163.04379
-7.47283,107.18623,11,163.057011
-7.92193,108.20712,-53.886,163.058391
-8.67679,114.24452,-91.559,163.079594
-7.00031,108.35428,650,163.111884
-7.93033,108.05916,-521.712,163.17116
-7.5579,106.28414,-882.497,163.255065
-7.8086,108.48966,-27.848,163.301957
-7.38412,106.77921,69,163.336071
-8.65651,114.25089,-23.101,163.336344
-8.06111,110.44965,253,163.475325
-6.75715,105.52037,38,163.4786
-7.00493,106.3138,-2.803,163.556873
-7.64013,107.96061,340,163.566505
-8.21794,108.40387,-2033.902,163.593255
-8.40157,114.1883,114,163.59653
-7.40164,107.20518,192,163.608784
-7.40866,107.2274,56,163.758372
-7.05121,106.73807,596,163.811945
-8.71803,113.6821,-937.622,164.003488
-7.80476,107.95329,-91.089,164.081757
-8.14135,110.85029,264,164.103493
-7.54198,106.43932,-302.356,164.221789
-6.77712,105.51407,50,164.275782
-7.87087,110.93523,186,164.331408
-7.26752,107.10609,265,164.362615
-6.94766,106.18591,-12.202,164.465835
-7.64855,108.54971,30,164.518578
-9.08139,114.11679,-2839.968,164.6369
-7.52431,108.15755,348,164.746079
-7.39814,107.19409,255,164.801823
-6.6506,106.57096,604,164.861346
-8.53316,114.14697,45,164.910387
-8.08148,109.33969,-159.91,165.057514
-7.54732,106.58098,-79.128,165.173371
-8.96458,113.58274,-2004.122,165.218134
-8.38937,110.77227,-221.747,165.21863
-8.39383,110.32857,-778.626,165.273126
-7.59119,108.16694,358,165.309887
-6.93694,106.18931,-36.415,165.331181
-7.63344,108.45084,120,165.332665
-8.18979,112.01021,295,165.372868
-8.183,111.98885,157,165.447575
-7.89999,108.76923,-86.389,165.580193
-7.47756,107.0396,-76.73,165.593196
-7.46929,106.75238,-7.853,165.694651
-8.05986,108.60005,-100.543,165.715115
-7.25758,107.10923,277,165.763163
-8.26017,109.90425,-674.03,165.781405
-8.15222,110.84688,274,165.783502
-7.41141,107.35199,269,165.849841
-8.11483,111.14306,30,165.881162
-7.94343,108.20029,-53.648,165.970723
-7.66711,108.04303,266,165.985601
-7.2502,106.96586,132,166.010003
-7.93268,108.2037,-53.803,166.059115
-6.91022,113.2287,27,166.134082
-7.4027,107.20847,187,166.391993
-6.82983,106.2232,296,166.403713
-7.32718,106.79722,222,166.438059
-7.70448,108.85736,14,166.452582
-8.66667,114.24769,-52.681,166.477582
-7.54116,106.87394,-37.773,166.575591
-7.37464,106.78222,48,166.597732
-8.38274,110.29331,-729.003,166.684541
-8.37246,111.63037,-174.758,166.689968
-8.83313,112.76899,-1577.343,166.720762
-7.71275,110.13252,702,166.858094
-7.84612,111.22734,728,166.86901
-7.23949,106.96924,166,166.945599
-7.64533,108.53953,43,167.002794
-7.13759,106.71069,589,167.050394
-8.10466,111.14626,62,167.122474
-7.75058,108.26157,60,167.199944
-7.25091,106.8212,347,167.212946
-8.92764,113.30968,-2118.965,167.390565
-6.84051,106.2198,325,167.392783
-8.36408,110.23399,-775.243,167.577094
-7.54734,106.28748,-777.173,167.637306
-7.78266,107.96032,-94.683,167.758991
-8.06137,108.1627,-1357.587,168.071813
-7.82158,108.39189,-9.335,168.161244
-7.41218,107.23853,67,168.19601
-7.76444,108.35014,105,168.228865
-7.46364,107.3354,114,168.392835
-7.02274,106.60132,72,168.39311
-9.06116,114.12333,-2731.776,168.41926
-7.25229,106.73466,414,168.426589
-7.87086,108.67797,-64.102,168.55233
-6.76715,105.51722,67,168.578082
-8.05124,110.45274,262,168.611402
-9.213,114.07643,-3663.551,168.62133
-7.76464,110.96856,212,168.84996
-7.526,106.73448,-41.979,169.016591
-7.0296,106.7449,368,169.108398
-7.3876,107.16096,171,169.111359
-7.38058,107.1389,161,169.205311
-6.89313,106.34915,368,169.284982
-6.76194,105.1599,-259.897,169.323329
-6.99483,106.31701,11.392,169.411284
-8.97448,113.5797,-2004.575,169.641572
-7.3575,106.20207,-476.663,169.657636
-8.39014,110.31686,-793.374,169.713566
-8.07791,109.3284,-135.583,169.734337
-7.24884,106.72377,487,169.79252
-7.42182,107.34869,267,169.799428
-7.46751,107.04277,-51.423,169.998856
-8.29058,112.32722,282,170.040897
-8.81399,112.77502,-1559.409,170.042481
-8.26746,109.92731,-568.44,170.130991
-7.5368,107.74956,650,170.162831
-7.72763,108.42136,94,170.240089
-7.48214,108.02467,839,170.267007
-8.38283,111.6271,-113.933,170.291717
-7.71742,108.2016,159,170.322712
-8.38645,110.30511,-777.357,170.343593
-7.54867,109.75814,326,170.364645
-7.79495,108.44657,20,170.401417
-8.60567,113.32414,-188.97,170.425665
-7.74183,110.26462,120,170.704537
-9.07127,114.12002,-2798.13,170.72491
-8.88621,113.03784,-1853.272,170.832586
-6.86221,105.3414,-202.019,171.080688
-7.3273,107.08716,434,171.17714
-7.55853,110.32251,502,171.20674
-8.29729,112.34832,326,171.244738
-8.68703,112.38754,-950.023,171.26033
-6.87257,106.20965,209,171.274802
-8.82356,112.77203,-1567.176,171.416737
-6.98472,106.32019,34,171.430824
-7.8269,110.09668,267,171.437295
-6.86188,106.21304,249,172.00324
-8.26379,109.91574,-643.692,172.087821
-7.53674,106.29084,-675.5,172.228766
-6.91546,106.19611,1,172.24181
-8.20406,110.68816,-17.598,172.25662
-8.13227,110.28455,-99.093,172.323465
-8.98549,112.72166,-2062.791,172.451773
-6.91359,106.34266,317,172.494017
-7.6421,108.52937,75,172.720081
-7.70071,110.27798,147,172.72143
-7.66431,108.03755,208,172.733625
-6.92383,106.33941,308,172.964589
-7.53252,106.44228,-201.182,173.141167
-8.06706,109.29433,-109.867,173.241422
-8.58792,114.12976,23,173.28073
-8.22509,110.68156,-52.769,173.349406
-8.59591,113.2931,-121.628,173.53344
-8.29393,112.33775,282,173.656683
-8.44553,114.17452,95,173.69139
-7.31767,106.8002,253,173.812737
-8.07429,109.3171,-118.171,174.02068
-8.07068,109.30574,-107.662,174.223206
-7.53033,106.87737,-54.805,174.465454
-7.14372,106.41524,-83.446,174.498924
-8.41595,110.39903,-555.485,174.628393
-6.90474,106.1995,13,174.686397
-7.41745,107.05861,73,174.689969
-6.93406,106.33619,235,174.778478
-8.31193,110.06825,-412.582,174.858175
-8.1864,111.99953,305,175.121995
-8.03553,114.16085,1399,175.16609
-7.45748,107.04594,-12.63,175.25931
-7.01064,108.35101,583,175.277282
-8.30412,112.93528,93,175.673081
-8.54413,114.14353,47,175.80078
-7.71652,107.98132,107,175.809395
-7.43747,107.05228,43,175.927997
-8.57635,113.23103,-169.901,176.08623
-7.47412,107.33208,86,176.239439
-7.81201,108.50046,-28.848,176.485593
-7.71072,108.18054,180,176.70325
-7.25574,106.74554,384,176.732035
-7.42746,107.05544,44,176.786831
-7.47876,106.74938,-6.428,176.811129
-7.26054,106.8182,437,176.899958
-7.53664,106.58434,-23.162,176.955451
-8.41087,110.7655,-242.307,177.021131
-6.8283,105.35217,67.368,177.059437
-7.39111,107.17199,196,177.082463
-8.11005,111.76007,97,177.121976
-7.38409,107.14993,77,177.193892
-7.66376,108.03256,147,177.28435
-7.49834,108.07572,608,177.451464
-7.52611,106.29422,-636.105,177.568454
-7.88236,107.92859,-175.34,177.591413
-7.83199,108.38861,-19.204,177.60138
-7.91819,108.82641,-77.504,177.77015
-7.50809,108.10632,502,178.078677
-6.85119,106.21643,164,178.154808
-7.36755,106.1989,-570.45,178.473565
-9.15186,114.09518,-3552.577,178.49685
-8.0705,108.59664,-99.198,178.625739
-8.35286,110.19839,-737.375,178.647585
-7.7111,110.27468,140,178.795305
-7.86721,108.66654,-73.314,178.867064
-6.97462,106.3234,28,179.037886
-7.39462,107.18303,63,179.140435
-6.96451,106.3266,93,179.230395
-7.44747,107.04911,9,179.332533
-6.88328,106.20627,105,179.34778
-7.85714,112.21796,331,179.505712
-7.24538,106.71286,549,180.126098
-7.73192,110.26795,131,180.223259
-6.90336,106.34591,278,180.431579
-7.52308,106.44522,-156.891,180.622316
-7.79549,110.10652,402,180.766532
-8.43432,110.45752,-490.354,180.790678
-9.00276,113.00226,-1854.72,180.867597
-7.37747,107.07128,111,180.900584
-7.8944,108.36907,-89.63,180.951788
-7.72159,110.27127,137,181.090384
-7.51953,106.88079,-53.628,181.560452
-8.07205,108.15931,-1403.32,181.585421
-6.94423,106.33299,185,181.633368
-8.89595,113.03486,-1902.575,181.912976
-7.51546,106.29759,-542.916,181.996958
-8.33794,110.15091,-481.729,182.060407
-7.14835,106.70728,651,182.083357
-7.48528,106.45705,-172.464,182.11313
-7.51134,108.11656,549,182.1766
-7.3373,107.08399,395,182.202281
-8.93729,113.30663,-2179.332,182.350885
-7.34928,107.04005,156,182.417569
-7.37762,106.1957,-674.614,182.457188
-7.51656,106.73747,-14.261,182.461804
-7.47579,106.46001,-164.125,182.634824
-8.41253,114.18485,112,182.670213
-7.50157,108.0859,598,182.716882
-7.52105,108.14722,388,182.829259
-8.40014,110.76889,-232.894,182.946029
-7.60147,108.16367,312,183.077653
-8.21457,110.68484,-11.855,183.10243
-7.8158,107.94977,-87.33,183.290909
-7.27012,106.81519,432,183.359822
-7.50484,108.0961,475,183.686298
-7.46631,106.46299,-177.896,183.720405
-7.79156,108.43583,47,183.905409
-7.91455,108.81495,-82.741,183.947911
-7.3877,106.19251,-837.765,183.99689
-8.55508,114.14009,41,184.018633
-7.30818,106.80319,270,184.13203
-7.39745,107.06494,59,184.188847
-7.49475,106.45411,-177.734,184.196178
-7.34735,107.0808,261,184.366466
-8.57696,114.13322,23,184.463472
-7.67338,108.14083,263,185.028342
-6.95438,106.32979,105,185.073942
-7.40745,107.06177,54,185.087412
-7.7381,108.41808,112,185.235252
-8.41962,110.41073,-538.293,185.448391
-7.50873,106.88421,-47.694,185.562424
-7.51365,106.44818,-151.005,185.634096
-7.48822,106.74639,-8.979,185.666285
-7.5048,106.30097,-460.531,185.685185
-7.59235,107.80896,286,185.820986
-7.5042,106.45115,-164.436,185.868566
-8.43453,114.17797,98,185.929641
-8.34165,110.16278,-536.098,186.740362
-7.50839,110.33825,698,186.835854
-6.76524,105.17057,-351.811,186.899428
-7.68725,113.84164,12,187.099242
-7.49795,106.88762,-25.257,187.261508
-8.60243,113.31375,-128.327,187.304067
-6.83961,105.3486,70.794,187.569347
-8.57962,113.2414,-161.93,187.699153
-7.15447,106.41185,-37.127,187.890084
-7.27659,106.81105,380,187.90321
-7.22102,106.63628,368,188.117264
-7.38745,107.06811,124,188.176132
-6.76857,105.18126,-362.963,188.220969
-7.48718,106.89101,-3.64,188.351003
-7.49414,106.30435,-357.541,188.533164
-7.81541,108.51127,-29.322,188.563299
-7.51457,108.12676,506,188.684924
-7.73181,110.97887,258,188.751063
-7.52592,106.58772,-4.501,188.78064
-6.94037,113.21937,88,188.82915
-8.42356,114.18143,107,188.862957
-7.50711,106.74044,-10.082,189.082934
-7.93189,109.35417,-58.457,189.171093
-7.67554,108.28545,195,189.239835
-8.56602,114.13666,36,189.3263
-7.74856,108.41482,112,189.392031
-7.05089,106.59257,233,189.531756
-7.47642,106.89441,-5.311,190.018365
-7.45683,106.46597,-208.217,190.228282
-7.2858,106.51935,222,190.311237
-7.29524,106.51638,190,190.355575
-7.77166,107.96383,-87.555,190.47366
-7.27312,106.80012,372,190.586106
-8.90574,113.03188,-1940.802,190.79454
-6.85091,105.34501,-99.309,191.258828
-7.60895,107.87184,446,191.632792
-7.49767,106.74341,-9.244,191.699898
-7.30472,106.51342,151,191.938563
-7.2592,106.75643,256,191.949248
-7.27967,106.81219,398,191.977699
-8.42328,110.42241,-525.235,192.112585
-7.48351,106.30772,-316.647,192.231836
-7.04152,106.59549,109,192.258619
-8.33418,110.13905,-402.762,192.46054
-7.29868,106.80618,338,192.477555
-7.15911,106.70388,685,192.714951
-7.46562,106.89782,-6.07,192.814456
-8.65861,112.39648,-892.567,192.889313
-7.28918,106.80918,350,193.028828
-8.31561,110.07997,-371.785,193.827166
-7.09795,106.57789,702,193.956725
-7.68665,113.84182,12,194.647105
-8.84995,112.33624,-1337.59,195.05431
-7.60601,107.85226,243,195.057962
-7.47293,106.31108,-257.153,195.382925
-7.30781,106.90935,320,195.92588
-7.18981,106.53819,471,196.022006
-7.63886,108.51913,120,196.132625
-8.3454,110.17467,-593.371,196.158033
-7.80593,110.10326,234,196.199347
-7.28004,106.82196,322,196.244704
-7.33323,106.50451,82,196.605669
-7.63238,108.49864,127,196.674733
-8.58289,113.25178,-153.018,196.826453
-7.72757,107.97781,92,196.832169
-7.51779,108.13696,427,196.875752
-7.3237,106.50747,94,197.160126
-7.0885,106.58083,689,197.160257
-8.59918,113.30341,-111.304,197.1831
-8.42696,110.4341,-513.185,197.208556
-7.3142,106.51044,107,197.330955
-7.8424,108.38532,-22.092,197.394586
-7.26963,106.78918,297,197.460793
-8.67769,112.39049,-924.661,197.479351
-8.91554,113.0289,-1981.436,197.641333
-7.34277,106.50154,56,197.783751
-7.06026,106.58965,298,197.802132
-7.44734,106.46893,-240.905,197.896772
-7.2764,106.52226,252,197.949224
-7.45477,106.90125,-5.871,198.237654
-8.94691,113.30355,-2261.632,198.421869
-7.51515,106.59114,2.088,198.628842
-7.46239,106.31443,-237.323,198.674567
-7.75384,110.97196,236,199.156287
-6.56418,110.77627,159,199.177151
-7.53801,109.7615,319,199.717537
-7.54844,110.32571,538,199.80199
-7.35737,106.93203,162,199.804095
-7.16521,106.40846,-19.413,199.808023
-7.87127,107.93213,-116.343,200.172529
-7.10739,106.57496,686,200.230042
-7.88398,108.37233,-88.885,200.322504
-8.96616,113.29759,-2373.728,200.435255
-8.10028,111.72864,101,200.50879
-7.71407,108.19106,165,200.620278
-7.34663,106.93543,157,200.65886
-7.37888,106.92524,88,200.706648
-7.3359,106.93881,238,200.781517
-7.06965,106.58671,377,200.909813
-8.02604,114.1639,1258,201.29292
-7.63563,108.50887,132,201.502854
-7.30435,106.8984,310,201.613625
-7.31128,106.92029,221,201.706028
-8.1067,111.74963,98,201.757456
-8.33044,110.12713,-329.201,202.006939
-7.45188,106.31777,-250.454,202.13068
-7.74285,110.97541,243,202.324907
-7.26615,106.77825,304,202.996381
-6.51302,110.7922,116,203.021913
-8.43064,110.44581,-507.531,203.364678
-8.92535,113.02593,-2021.842,203.496635
-8.01613,114.16708,1145,203.58396
-8.10354,111.73919,99,203.751478
-7.44389,106.90469,-0.813,203.977153
-7.34582,107.02915,194,204.066989
-7.28351,106.83285,280,204.139546
-7.26266,106.76733,205,204.351568
-7.35232,106.49856,33,204.363628
-8.95652,113.30053,-2305.065,204.528235
-7.24191,106.70193,469,204.588561
-7.07906,106.58377,472,205.06299
-6.92033,113.22555,42,205.562275
-7.19671,106.5599,421,205.587207
-7.21276,106.68692,578,205.632323
-7.52741,109.76482,441,205.864424
-7.50434,106.59457,2.458,206.082033
-7.61176,108.1604,279,206.094651
-7.25577,106.67333,326,206.289766
-8.34913,110.18654,-667.161,206.38999
-7.44137,106.32109,-232.936,206.396074
-7.43785,106.47189,-271.623,206.590744
-7.38965,106.92182,36,206.704215
-7.11682,106.57202,674,206.759913
-8.31929,110.0917,-331.546,206.857559
-7.32858,106.97477,307,206.983201
-7.82683,107.94625,-78.17,207.344492
-9.16206,114.09205,-3662.905,207.43739
-7.87356,108.37558,-66.052,207.955181
-7.17595,106.40507,16.888,208.177133
-7.16985,106.70048,676,208.416525
-7.22351,106.68353,525,208.457595
-7.40044,106.9184,22,208.601438
-7.433,106.90813,4,208.669982
-7.81642,110.09998,268,208.760911
-7.26703,106.52518,277,208.932019
-7.27732,106.66651,268,209.127364
-7.26653,106.66992,309,209.155871
-7.6143,107.87691,522,209.73483
-8.32672,110.11527,-302.001,210.214262
-7.36812,106.92864,87,210.288544
-8.93516,113.02295,-2039.307,210.43029
-7.28809,106.66311,189,210.586813
-7.20203,106.69031,636,210.870047
-7.43085,106.32443,-206.044,210.913315
-7.42213,106.91156,9,211.025932
-7.66314,108.14408,268,211.05007
-7.33204,106.98565,259,211.425032
-7.36188,106.49559,31,211.676097
-7.49351,106.59801,-5.171,211.944368
-7.76066,107.96733,-72.39,212.135841
-7.31447,106.94558,129,212.151992
-7.19131,106.6937,660,212.720621
-7.39624,106.62887,55,212.773038
-7.51686,109.76814,492,213.10513
-7.32518,106.94219,228,213.266359
-8.32301,110.10347,-311.275,213.274618
-7.86316,108.37884,-48.752,213.376788
-7.42837,106.47485,-310.206,213.464456
-7.41128,106.91498,20,213.549269
-8.66823,112.39346,-906.001,213.999731
-7.85278,108.38208,-27.057,214.176861
-7.23843,106.69098,459,214.29424
-7.18669,106.40166,42.935,214.340642
-7.30086,106.88745,322,214.345869
-7.34238,107.01828,166,214.430539
-7.28698,106.84375,275,214.459794
-7.32511,106.96389,286,214.757093
-7.71847,108.27178,136,215.00358
-7.18059,106.69709,681,215.048349
-7.19745,106.39824,76,215.483116
-6.93038,113.22239,78,215.78715
-7.42033,106.32776,-183.663,216.022773
-7.40702,106.62546,60,216.089965
-7.3854,106.63228,79,216.139581
-7.48267,106.60145,-20.312,216.526767
-7.51843,110.33511,626,216.623959
-7.24503,106.67674,382,216.932838
-7.31475,106.93121,260,217.332321
-7.53845,110.32889,545,217.345081
-7.29883,106.65971,207,217.405646
-7.86016,107.93567,-85.532,217.801104
-8.94493,113.01998,-2034.12,217.900097
-7.37141,106.49263,22,218.003228
-7.41889,106.47782,-281.537,218.512434
-7.33549,106.99653,149,218.74938
-7.60455,107.84612,189,218.941823
-7.33894,107.00741,140,219.030693
-7.22451,106.64724,402,219.862092
-7.62205,108.15714,269,220.206258
-7.12627,106.56909,672,220.347692
-7.29044,106.85467,293,220.584864
-7.4094,106.48079,-236.624,221.099627
-7.4098,106.33108,-167.464,221.280992
-7.73862,107.97431,8,221.294473
-7.68628,108.28204,176,221.613445
-7.39991,106.48376,-159.58,223.04207
-7.25768,106.52809,272,223.069561
-7.83792,107.94275,-77.342,223.317767
-7.32166,106.953,107,223.354772
-7.70775,108.27521,189,223.524553
-6.27037,109.02302,-47.961,223.703681
-7.39041,106.48672,-108.091,224.19512
-7.61284,107.87395,515,224.266124
-7.23494,106.68004,426,224.990736
-7.47181,106.60488,-31.431,225.061991
-7.38091,106.48967,-29.292,225.072267
-7.21898,106.39143,38,225.318111
-7.2939,106.86559,357,225.662214
-7.23427,106.68014,426,225.791127
-7.39926,106.3344,-143.915,226.141732
-7.52846,110.33203,568,226.878923
-7.20822,106.39483,29.017,227.044271
-7.37457,106.6357,98,227.133257
-7.3182,106.94212,95,227.31015
-7.74964,107.97082,-37.576,227.912157
-7.29737,106.87651,258,228.200734
-7.69702,108.27862,166,228.365343
-7.30962,106.6563,155,228.814392
-7.84904,107.93922,-80.06,229.106215
-7.38873,106.33773,-129.865,230.207845
-7.41776,106.62206,5,230.896416
-8.95463,113.01699,-1997.749,231.412626
-8.99497,112.71875,-2082.468,231.98137
-7.24039,106.38465,61,232.351552
-7.3782,106.34106,-112.474,233.233056
-7.63232,108.15387,265,233.737846
-9.17227,114.0889,-3766.043,234.16318
-7.46095,106.60833,-38.751,234.171555
-7.22971,106.38802,35,235.220587
-7.36766,106.34438,-104.892,235.429497
-7.70252,110.13574,659,235.754673
-7.32041,106.65288,183,236.309008
-7.35711,106.34773,-101.358,236.632445
-7.25103,106.38129,21,236.966516
-7.33598,106.35441,-104.089,237.178596
-7.34656,106.35106,-104.059,237.223315
-7.65287,108.14735,233,237.4951
-7.32538,106.35776,-91.71,237.844129
-7.26165,106.37793,25.809,238.162422
-7.13572,106.56614,614,238.389657
-7.31476,106.36114,-66.256,238.976947
-7.60259,107.84142,184,239.119224
-7.24834,106.531,277,239.550178
-9.20284,114.07953,-3726.579,239.7583
-7.36375,106.63913,91,240.112543
-7.30412,106.3645,-43.338,240.159593
-7.27226,106.37458,5.21,240.51351
-7.60781,107.85639,362,240.948185
-7.29349,106.36786,-16.555,241.599014
-7.42851,106.61864,-24.138,241.661055
-7.28288,106.37122,20,242.568776
-7.94209,109.35096,-54.909,242.769422
-7.64259,108.15061,255,243.774004
-7.45011,106.61177,-40.936,244.118234
-7.22799,106.65819,381,245.983057
-7.43931,106.6152,-42.055,246.010422
-7.20176,106.54554,408,247.514152
-7.21108,106.54263,385,247.662732
-7.33123,106.64944,166,248.681066
-7.59469,107.81524,319,249.74587
-7.34207,106.646,147,249.799209
-7.35292,106.64257,97,250.197483
-8.9643,113.01403,-1956.761,250.521411
-7.60943,107.8631,295,251.761486
-8.9932,113.00518,-1855.23,252.221143
-7.23902,106.53391,276,252.739232
-7.22039,106.53972,341,255.968577
-7.2297,106.53682,312,255.970069
-7.23147,106.66912,399,257.1639
-7.14519,106.56318,609,259.306135
-7.88969,112.20778,381,259.910345
-9.18248,114.08578,-3777.373,260.96061
-7.59577,107.81979,369,261.947558
-7.96243,109.34454,-40.855,264.39054
-6.52332,110.78901,126,265.393223
-9.19268,114.08265,-3753.082,265.92543
-7.69227,110.13894,673,266.418569
-8.97397,113.0111,-1911.348,266.829018
-7.61105,107.86667,404,269.112221
-7.1924,106.54846,459,274.337751
-7.15467,106.56022,584,274.838404
-7.19326,106.54904,459,276.157931
-9.00445,112.71585,-2111.798,276.307377
-9.01391,112.71298,-2136.206,276.789786
-8.98361,113.00813,-1865.143,282.137898
-7.95227,109.34775,-48.313,282.618346
-6.55415,110.77943,160,283.674882
-7.16413,106.55726,581,288.430532
-7.88769,112.20839,396,290.618963
-7.59795,107.82553,441,290.693903
-7.17357,106.55431,534,296.848766
-7.60128,107.83583,235,296.9925
-7.59918,107.83061,358,304.284474
-7.183,106.55139,496,306.790428
-7.61885,107.86867,418,308.052089
-6.54404,110.78259,134,329.083702
-6.53372,110.7858,132,331.397703
-7.86061,112.21688,339,334.545795
-7.87994,112.21082,372,390.162673
-7.87737,112.21161,359,418.348339
-7.87029,112.21382,348,505.940183
-7.86719,112.21477,348,548.749126
