Lintang,Bujur,Tinggi_Ortometrik,FAA
-7.83589,108.57600,-88.532,147.26996
-7.83250,108.56527,-122.044,165.81072
-7.82909,108.55451,-134.226,168.34892
-7.82566,108.54373,-109.430,149.24214
-7.82224,108.53292,-69.804,118.55666
-7.81883,108.52209,-46.614,163.93158
-7.81541,108.51127,-29.322,189.69360
-7.81201,108.50046,-28.848,177.52988
-7.80860,108.48966,-27.848,164.16786
-7.80519,108.47887,-14.710,154.11715
-7.80177,108.46808,14.000,145.30471
-7.79836,108.45731,18.000,155.79683
-7.79495,108.44657,20.000,170.60331
-7.79156,108.43583,47.000,185.07533
-7.78817,108.42511,46.000,164.85271
-7.78479,108.41438,65.000,132.85316
-7.78142,108.40369,53.000,139.91098
-7.77804,108.39301,65.000,154.79549
-7.77465,108.38232,96.000,141.31542
-7.77125,108.37162,94.000,134.88502
-7.76784,108.36088,93.000,145.65134
-7.76444,108.35014,105.000,179.10087
-7.76105,108.33940,131.000,168.85869
-7.75766,108.32866,72.000,151.43169
-7.75428,108.31793,85.000,143.38154
-7.75091,108.30727,104.000,148.60022
-7.74754,108.29663,111.000,158.94881
-7.74418,108.28604,103.000,150.49560
-7.74084,108.27546,103.000,148.42893
-7.73750,108.26492,93.000,149.08093
-7.73415,108.25438,86.000,139.81681
-7.73080,108.24383,119.000,159.87750
-7.72744,108.23325,84.000,152.03987
-7.72410,108.22268,122.000,140.52840
-7.72076,108.21214,185.000,132.37389
-7.71742,108.20160,159.000,188.97859
-7.71407,108.19106,165.000,217.14717
-7.71072,108.18054,180.000,194.88870
-7.70739,108.16999,190.000,145.96659
-7.70403,108.15940,171.000,118.07848
-7.70064,108.14877,99.000,135.84805
-7.69726,108.13810,229.000,150.15375
-7.69385,108.12742,238.000,160.89193
-7.69047,108.11676,256.000,148.56958
-7.68711,108.10613,188.000,155.17261
-7.68374,108.09551,239.000,164.69190
-7.68039,108.08494,187.000,181.57418
-7.67707,108.07444,218.000,181.32622
-7.67376,108.06396,217.000,175.53597
-7.67043,108.05350,257.000,181.96694
-7.66711,108.04303,266.000,190.97594
-7.66376,108.03256,147.000,193.65462
-7.66042,108.02206,258.000,173.40231
-7.65707,108.01156,264.000,162.62286
-7.65375,108.00105,282.000,171.18267
-7.65041,107.99054,386.000,190.73877
-7.64710,107.98006,391.000,193.85694
-7.64379,107.96963,418.000,196.11625
-7.64049,107.95922,340.000,195.68601
-7.63718,107.94884,456.000,197.58794
-7.63388,107.93848,360.000,182.78066
-7.63060,107.92816,156.000,167.84051
-7.62734,107.91788,234.000,156.08150
-7.62406,107.90759,498.000,150.35830
-7.62077,107.89733,291.000,157.85631
-7.61754,107.88713,309.000,175.65247
-7.61430,107.87691,522.000,255.74979
-7.61105,107.86667,404.000,303.46091
-7.60781,107.85639,362.000,271.99276
-7.60455,107.84612,189.000,231.28315
-7.60128,107.83583,235.000,320.71445
-7.59795,107.82553,441.000,329.03812
-7.59469,107.81524,319.000,286.02357
-7.59143,107.80500,461.000,202.12522
-7.58818,107.79477,419.000,141.27945
-7.58493,107.78456,352.000,93.88695
-7.58170,107.77433,233.000,97.58099
-7.41297,107.80719,1468.000,200.40946
-7.41626,107.81751,1437.000,182.84670
-7.41954,107.82782,1291.000,211.02027
-7.42284,107.83819,1122.000,234.30887
-7.42613,107.84858,983.000,251.63214
-7.42944,107.85897,997.000,248.59265
-7.43279,107.86941,960.000,239.50877
-7.43611,107.87989,825.000,220.65348
-7.43945,107.89035,701.000,203.06443
-7.44275,107.90079,667.000,187.59959
-7.44607,107.91119,721.000,178.83864
-7.44941,107.92161,754.000,172.33973
-7.45271,107.93198,788.000,169.01545
-7.45597,107.94231,823.000,165.00425
-7.45923,107.95262,932.000,162.44049
-7.46251,107.96290,916.000,165.75327
-7.46578,107.97317,904.000,175.98813
-7.46905,107.98348,890.000,191.88450
-7.47234,107.99380,890.000,215.54363
-7.47562,108.00413,836.000,235.22325
-7.47888,108.01442,847.000,248.61541
-7.48214,108.02467,839.000,258.57437
-7.48538,108.03490,813.000,245.19921
-7.48862,108.04512,786.000,149.78222
-7.49187,108.05530,704.000,139.34972
-7.49510,108.06551,573.000,219.26610
-7.49834,108.07572,608.000,241.69527
-7.50157,108.08590,598.000,240.68185
-7.50484,108.09610,475.000,237.02963
-7.50809,108.10632,502.000,233.93074
-7.51134,108.11656,549.000,232.34189
-7.51457,108.12676,506.000,237.74313
-7.51779,108.13696,427.000,235.92975
-7.52105,108.14722,388.000,221.52921
-7.52431,108.15755,348.000,205.39943
-7.52761,108.16791,390.000,187.84511
-7.53090,108.17829,312.000,159.20601
-7.53419,108.18863,152.000,137.33397
-7.53747,108.19896,268.000,121.41463
-7.54074,108.20930,355.000,102.51717
-7.54405,108.21964,357.000,83.36553
-7.54734,108.22998,390.000,66.14694
-7.55063,108.24033,393.000,57.26214
-7.55387,108.25070,244.000,59.19274
-7.55718,108.26113,249.000,83.75044
-7.56051,108.27159,282.000,113.53678
-7.56381,108.28207,292.000,151.14219
-7.56712,108.29250,181.000,173.64649
-7.57039,108.30286,281.000,180.68926
-7.57364,108.31313,324.000,167.46127
-7.57690,108.32340,336.000,156.15031
-7.58017,108.33371,272.000,145.84448
-7.58348,108.34409,245.000,157.57453
-7.58679,108.35451,212.000,173.18819
-7.59009,108.36494,266.000,188.53144
-7.59337,108.37534,238.000,185.96351
-7.59664,108.38570,171.000,175.84084
-7.59992,108.39602,162.000,148.31705
-7.60319,108.40631,213.000,115.50711
-7.60647,108.41663,204.000,83.15523
-7.60973,108.42692,178.000,61.12715
-7.61298,108.43716,194.000,60.91630
-7.61621,108.44734,187.000,101.40278
-7.61941,108.45753,168.000,122.12617
-7.62264,108.46776,162.000,123.64427
-7.62589,108.47807,164.000,150.89733
-7.62914,108.48838,144.000,178.49114
-7.63238,108.49864,127.000,210.44767
-7.63563,108.50887,132.000,216.27216
-7.63886,108.51913,120.000,208.73626
-7.64210,108.52937,75.000,182.06786
-7.64533,108.53953,43.000,168.63838
-7.64855,108.54971,30.000,165.35144
-7.26968,108.55968,202.000,72.72237
-7.28048,108.55625,92.000,76.08485
-7.29125,108.55284,87.000,82.20177
-7.30197,108.54946,86.000,93.62280
-7.31263,108.54608,80.000,96.31661
-7.32326,108.54271,37.000,89.35812
-7.33391,108.53934,38.000,78.92882
-7.34458,108.53597,73.000,76.14163
-7.35530,108.53256,58.000,84.24056
-7.36602,108.52917,38.000,104.32743
-7.37677,108.52575,40.000,116.76247
-7.38758,108.52232,66.000,127.69265
-7.39838,108.51891,118.000,132.39277
-7.40922,108.51548,30.000,118.71224
-7.42006,108.51205,45.000,105.65116
-7.43087,108.50863,40.000,97.00459
-7.44167,108.50520,56.000,102.42950
-7.45245,108.50177,95.000,111.70736
-7.46327,108.49834,287.000,125.31374
-7.47420,108.49486,367.000,138.64931
-7.48520,108.49137,286.000,155.50107
-7.49618,108.48788,312.000,163.67287
-7.50721,108.48441,338.000,161.57699
-7.51825,108.48091,363.000,140.85330
-7.52927,108.47741,472.000,131.01145
-7.54023,108.47394,435.000,118.26266
-7.55115,108.47049,390.000,102.02212
-7.56207,108.46704,421.000,107.87675
-7.57304,108.46357,398.000,121.77895
-7.58393,108.46009,317.000,128.43757
-7.94886,107.90747,-1152.933,131.99822
-7.93776,107.91098,-1017.341,138.58803
-7.92668,107.91451,-808.655,144.12303
-7.91560,107.91804,-599.287,148.62007
-7.90453,107.92155,-461.639,154.49629
-7.89344,107.92507,-286.282,164.65749
-7.88236,107.92859,-175.340,178.61348
-7.87127,107.93213,-116.343,199.87711
-7.86016,107.93567,-85.532,217.34837
-7.84904,107.93922,-80.060,229.11829
-7.83792,107.94275,-77.342,223.72242
-7.82683,107.94625,-78.170,208.33620
-7.81580,107.94977,-87.330,185.01262
-7.80476,107.95329,-91.089,166.43344
-7.79370,107.95682,-94.773,162.67560
-7.78266,107.96032,-94.683,170.75093
-7.77166,107.96383,-87.555,193.46800
-7.76066,107.96733,-72.390,214.59648
-7.74964,107.97082,-37.576,228.52449
-7.73862,107.97431,8.000,220.25210
-7.72757,107.97781,92.000,205.11681
-7.71652,107.98132,107.000,182.85770
-7.70547,107.98485,158.000,145.56491
-7.69442,107.98835,63.000,113.28859
-7.68339,107.99185,133.000,82.54536
-7.67237,107.99533,183.000,98.44080
-7.66138,107.99883,207.000,133.72646
-7.65041,108.00234,282.000,183.50123
-7.63953,108.00580,416.000,163.98916
-7.62863,108.00928,277.000,160.64248
-7.61770,108.01275,397.000,172.54129
-7.60673,108.01623,535.000,163.91391
-7.59573,108.01973,396.000,166.82756
-7.58473,108.02320,431.000,174.58753
-7.57375,108.02669,621.000,177.70170
-7.56276,108.03019,529.000,187.72681
-7.55176,108.03370,640.000,204.55776
-7.54076,108.03720,474.000,184.97257
-7.52974,108.04071,511.000,163.56922
-7.51869,108.04422,511.000,138.85262
-7.50765,108.04771,691.000,122.52949
-7.49660,108.05121,751.000,116.46404
-7.48554,108.05469,634.000,125.10467
-6.22634,108.59890,-36.912,17.31252
-6.23667,108.59563,-29.965,22.86087
-6.24704,108.59234,-24.275,33.23725
-6.25742,108.58907,-23.023,49.17582
-6.26782,108.58578,-24.835,66.14621
-6.27823,108.58249,-25.766,69.41999
-6.28861,108.57922,-26.501,63.11704
-6.29896,108.57597,-26.723,51.61150
-6.30927,108.57274,-23.827,41.62214
-6.31957,108.56948,-21.387,34.70441
-6.32990,108.56623,-19.307,35.85990
-6.34024,108.56298,-18.624,43.26126
-6.35063,108.55969,-16.841,52.10337
-6.36103,108.55641,-12.862,59.04451
-6.37141,108.55314,-9.887,65.34733
-6.38173,108.54987,-8.826,71.29964
-6.39203,108.54661,-8.661,75.93206
-6.40233,108.54335,-7.765,79.66713
-6.41267,108.54009,-6.774,79.72002
-6.42304,108.53683,-5.901,75.03739
-6.43340,108.53358,-3.497,66.95938
-6.44373,108.53032,-1.623,54.64517
-6.45406,108.52705,-1.343,45.72903
-6.46437,108.52377,-2.135,40.86686
-6.47470,108.52050,-1.277,42.09965
-6.48504,108.51723,1.000,45.80513
-6.49539,108.51396,2.000,50.99224
-6.50573,108.51070,3.000,52.73294
-6.51607,108.50743,4.000,52.00562
-6.52640,108.50417,3.000,47.59846
-6.53673,108.50092,3.000,43.24703
-6.54702,108.49765,4.000,40.52641
-6.55732,108.49441,3.000,41.75524
-6.56757,108.49117,2.000,44.88762
-6.57779,108.48794,2.000,51.21732
-6.58799,108.48471,2.000,57.42928
-6.59820,108.48148,2.000,61.92617
-6.60839,108.47827,2.000,59.57098
-6.61860,108.47504,2.000,55.29295
-6.62881,108.47179,3.000,46.16820
-6.63902,108.46857,4.000,37.21434
-6.64924,108.46533,7.000,28.26692
-6.65943,108.46211,8.000,24.74947
-6.66964,108.45888,9.000,21.97821
-6.67988,108.45564,14.000,20.29975
-6.69011,108.45239,16.000,17.58640
-6.70034,108.44916,21.000,14.22965
-6.71061,108.44592,26.000,13.61492
-6.72088,108.44268,32.000,15.50675
-6.73119,108.43941,40.000,21.56809
-6.74152,108.43615,49.000,32.69011
-6.75184,108.43289,64.000,46.49409
-6.76218,108.42962,82.000,57.88293
-6.77255,108.42635,116.000,65.64556
-6.78292,108.42306,139.000,71.62391
-6.79331,108.41979,259.000,74.76455
-6.80371,108.41648,420.000,82.69311
-6.81413,108.41318,629.000,101.71202
-6.82455,108.40986,724.000,135.73805
-6.83496,108.40657,958.000,173.44377
-6.84533,108.40328,1199.000,212.39666
-6.85567,108.40003,1509.000,237.09329
-6.86598,108.39676,1770.000,241.96773
-6.87628,108.39353,2147.000,222.25977
-6.88659,108.39028,2333.000,203.57524
-6.89691,108.38701,2122.000,191.25795
-6.90725,108.38375,1986.000,186.29871
-6.91763,108.38048,1732.000,188.72856
-6.92806,108.37714,1740.000,187.17336
-6.93846,108.37386,1387.000,187.31457
-6.94877,108.37060,1196.000,180.30648
-6.95903,108.36734,1102.000,170.36459
-6.96933,108.36407,986.000,166.20906
-6.97965,108.36080,835.000,180.42823
-6.98998,108.35755,756.000,199.95924
-7.00031,108.35428,650.000,232.65115
-7.01064,108.35101,583.000,240.55116
-7.02099,108.34773,580.000,193.87971
-7.03140,108.34444,588.000,143.97590
-7.04185,108.34114,625.000,187.36305
-7.05231,108.33783,748.000,231.88202
-7.06275,108.33452,1163.000,222.85251
-7.07315,108.33122,1222.000,201.92729
-7.08356,108.32793,930.000,180.08664
-7.09405,108.32459,822.000,162.99218
-7.10456,108.32125,831.000,144.22504
-7.11505,108.31794,646.000,123.84412
-7.12552,108.31464,562.000,118.16454
-7.13598,108.31132,554.000,119.97862
-7.14647,108.30799,610.000,131.51022
-7.15695,108.30465,617.000,145.92047
-7.16741,108.30131,840.000,158.79974
-7.17785,108.29801,1069.000,162.87215
-7.18827,108.29472,1292.000,162.87627
-7.19870,108.29141,1311.000,161.68906
-7.20915,108.28812,907.000,166.18398
-7.21960,108.28482,1067.000,164.01145
-7.23007,108.28151,1070.000,164.05657
-7.24055,108.27817,870.000,162.45668
-7.25105,108.27484,720.000,157.08425
-7.26155,108.27152,682.000,144.42518
-7.27203,108.26819,516.000,130.98738
-7.28253,108.26487,460.000,116.20182
-7.29302,108.26154,362.000,109.65334
-7.30350,108.25823,341.000,106.89362
-7.31389,108.25491,320.000,110.51517
-7.32426,108.25162,331.000,116.27193
-7.33460,108.24835,330.000,122.19552
-7.34492,108.24507,337.000,120.01092
-7.35521,108.24180,341.000,114.27430
-7.36548,108.23853,349.000,104.89260
-7.37573,108.23528,371.000,92.08917
-7.38598,108.23203,372.000,82.03867
-7.39621,108.22880,393.000,82.45343
-7.40643,108.22557,391.000,90.70818
-7.41665,108.22233,374.000,103.08612
-7.42689,108.21909,325.000,121.07207
-7.43717,108.21582,316.000,135.72349
-7.44743,108.21256,263.000,143.33087
-7.45765,108.20930,218.000,143.59532
-7.46787,108.20604,247.000,141.41081
-7.47812,108.20278,186.000,135.36833
-7.48840,108.19952,234.000,129.86811
-7.49863,108.19627,170.000,125.03958
-7.50886,108.19303,157.000,125.19134
-7.51910,108.18979,143.000,129.72228
-7.52938,108.18653,162.000,139.02742
-7.53969,108.18326,294.000,146.32207
-7.54999,108.17999,336.000,154.50154
-7.56030,108.17672,459.000,162.37733
-7.57061,108.17346,347.000,172.07126
-7.58091,108.17020,300.000,186.03898
-7.59119,108.16694,358.000,201.25867
-7.60147,108.16367,312.000,216.61664
-7.61176,108.16040,279.000,236.24357
-7.62205,108.15714,269.000,249.89649
-7.63232,108.15387,265.000,263.47058
-7.64259,108.15061,255.000,272.81508
-7.65287,108.14735,233.000,262.62710
-7.66314,108.14408,268.000,237.25967
-7.67338,108.14083,263.000,209.83489
-7.68361,108.13758,246.000,183.79970
-7.69384,108.13432,222.000,166.36498
-7.70408,108.13106,186.000,138.15046
-7.71432,108.12779,89.000,106.62851
-7.72458,108.12453,132.000,92.37497
-7.73486,108.12126,72.000,80.59449
-7.74513,108.11800,90.000,84.72555
-7.75539,108.11474,39.000,99.53943
-7.76563,108.11148,29.000,118.33172
-7.77590,108.10822,-8.320,121.08957
-7.78619,108.10496,-33.888,120.34525
-7.79649,108.10169,-79.225,119.13793
-7.80677,108.09843,-108.494,124.54086
-7.81705,108.09517,-135.243,134.24517
-7.82732,108.09191,-134.780,141.29693
-7.83763,108.08864,-114.589,143.85866
-7.84796,108.08535,-95.848,140.66678
-7.85830,108.08207,-82.136,133.51194
-7.86864,108.07879,-73.945,127.77861
-7.87895,108.07552,-90.522,127.67951
-7.88925,108.07225,-136.386,132.33411
-7.89953,108.06897,-177.932,140.66282
-7.90979,108.06571,-296.661,153.78766
-7.92006,108.06243,-370.392,162.93344
-7.93033,108.05916,-521.712,166.01848
-7.94061,108.05588,-557.925,157.03568
-7.95089,108.05262,-608.714,141.64570
-7.96118,108.04935,-619.614,111.77003
-7.97148,108.04608,-699.571,83.79708
-7.98178,108.04279,-717.165,58.53834
-7.99209,108.03950,-798.453,50.00918
-8.00241,108.03622,-876.347,46.36101
-8.07205,108.15931,-1403.320,142.45066
-8.06137,108.16270,-1357.587,133.78963
-8.05070,108.16610,-1290.925,116.08060
-8.04001,108.16951,-1135.860,107.13741
-8.02928,108.17293,-999.049,104.45596
-8.01854,108.17635,-786.060,108.44812
-8.00780,108.17977,-577.069,114.71070
-7.99704,108.18319,-479.283,122.22348
-7.98629,108.18660,-311.037,132.22014
-7.97558,108.19002,-211.651,142.14151
-7.96490,108.19343,-121.684,151.43060
-7.95418,108.19686,-78.963,159.88734
-7.94343,108.20029,-53.648,164.22254
-7.93268,108.20370,-53.803,164.62415
-7.92193,108.20712,-53.886,162.31436
-7.91118,108.21053,-64.154,160.73528
-7.90043,108.21395,-74.444,160.71696
-7.88966,108.21737,-85.923,161.12465
-7.87893,108.22078,-104.976,162.76251
-7.86823,108.22418,-128.917,166.11645
-7.85754,108.22756,-168.033,164.83387
-7.84686,108.23097,-174.896,163.26345
-7.83616,108.23438,-153.218,163.49378
-7.82543,108.23778,-104.580,161.87781
-7.81471,108.24118,-48.684,159.42648
-7.80398,108.24459,9.000,155.46480
-7.79326,108.24799,22.000,143.18176
-7.78257,108.25140,29.000,131.93338
-7.77190,108.25480,36.000,141.52271
-7.76124,108.25819,50.000,154.32397
-7.75058,108.26157,60.000,173.22062
-7.73990,108.26497,93.000,152.61058
-7.72920,108.26838,107.000,165.74263
-7.71847,108.27178,136.000,228.95917
-7.70775,108.27521,189.000,240.36725
-7.69702,108.27862,166.000,246.06854
-7.68628,108.28204,176.000,240.90482
-7.67554,108.28545,195.000,211.34808
-7.66478,108.28885,203.000,177.53594
-7.65402,108.29225,200.000,156.50638
-7.64325,108.29565,206.000,142.76804
-7.63251,108.29904,234.000,134.23263
-7.62180,108.30244,233.000,140.51020
-7.61110,108.30587,232.000,148.50998
-7.60038,108.30928,194.000,157.05876
-7.58966,108.31269,219.000,161.26753
-7.57894,108.31608,295.000,162.15831
-7.56822,108.31948,369.000,163.49863
-7.55750,108.32289,387.000,164.85746
-7.54675,108.32629,487.000,170.18898
-7.53598,108.32970,620.000,181.12395
-7.52519,108.33313,723.000,191.62808
-7.51439,108.33655,781.000,198.15611
-7.50361,108.33997,827.000,199.72057
-7.49284,108.34340,991.000,196.40658
-7.48206,108.34683,680.000,194.57092
-7.47128,108.35026,551.000,188.80385
-7.46051,108.35370,633.000,179.70045
-7.44974,108.35712,508.000,171.79008
-7.43901,108.36053,403.000,165.22315
-7.42829,108.36394,415.000,158.68275
-7.41757,108.36736,359.000,154.52547
-7.40683,108.37077,295.000,152.35297
-7.39612,108.37418,288.000,149.76300
-7.38541,108.37755,257.000,147.57433
-7.37472,108.38092,199.000,144.34380
-7.36402,108.38431,205.000,140.90620
-7.35329,108.38771,183.000,134.52047
-7.34257,108.39109,179.000,125.12600
-7.33189,108.39448,154.000,114.52707
-7.32123,108.39786,149.000,100.01275
-7.31056,108.40126,157.000,83.37519
-7.29986,108.40464,167.000,65.13049
-7.28916,108.40801,183.000,49.43100
-7.27848,108.41140,218.000,37.08063
-7.26779,108.41478,189.000,28.21463
-7.25712,108.41816,220.000,31.50732
-7.24648,108.42156,228.000,40.43802
-7.23584,108.42495,252.000,54.90134
-7.22521,108.42833,289.000,69.97352
-7.21459,108.43171,417.000,84.81021
-7.20400,108.43506,428.000,92.64370
-7.19338,108.43843,451.000,93.89636
-7.18275,108.44179,442.000,92.65743
-7.17216,108.44512,443.000,90.58887
-7.16159,108.44846,495.000,92.50486
-7.15098,108.45182,562.000,100.49739
-7.14035,108.45516,361.000,118.06526
-7.12974,108.45852,391.000,136.77548
-7.11913,108.46189,305.000,160.38933
-7.10853,108.46524,319.000,178.59422
-7.09793,108.46863,568.000,186.56361
-7.08731,108.47201,727.000,176.10751
-7.07671,108.47535,508.000,131.34831
-7.06613,108.47868,354.000,72.91003
-7.05560,108.48202,349.000,97.75776
-7.04513,108.48534,361.000,102.44227
-7.03466,108.48868,339.000,80.85881
-7.02417,108.49200,302.000,69.43573
-7.01369,108.49533,515.000,61.85831
-7.00322,108.49865,521.000,54.46957
-6.99272,108.50198,426.000,48.52324
-6.98217,108.50533,438.000,43.14859
-6.97161,108.50866,430.000,37.64375
-6.96106,108.51196,456.000,37.63907
-6.95056,108.51529,446.000,41.79851
-6.94009,108.51862,453.000,48.15688
-6.92959,108.52196,437.000,49.87918
-6.91905,108.52528,443.000,44.60431
-6.90853,108.52861,381.000,31.72483
-6.89801,108.53193,420.000,16.33793
-6.88747,108.53527,349.000,4.44131
-6.87692,108.53860,309.000,1.37535
-6.86638,108.54194,305.000,2.93787
-6.85582,108.54529,275.000,11.80046
-6.84526,108.54864,286.000,21.16346
-6.83470,108.55198,256.000,30.85514
-6.82419,108.55530,187.000,34.28007
-6.81370,108.55862,180.000,35.90853
-6.80318,108.56195,122.000,33.85270
-6.79264,108.56527,42.000,32.54419
-6.78210,108.56862,31.000,33.49696
-6.77155,108.57194,14.000,41.15195
-6.76103,108.57526,4.000,50.48408
-6.75051,108.57858,5.000,61.45897
-6.73994,108.58193,3.000,68.10902
-6.72937,108.58528,-0.746,69.70496
-6.71884,108.58862,-4.369,64.68413
-6.70825,108.59197,-5.665,57.77664
-6.69764,108.59532,-6.469,51.38559
-6.68701,108.59868,-7.317,47.69594
-6.67635,108.60205,-8.039,43.82516
-6.66567,108.60544,-7.504,38.64109
-6.65498,108.60880,-7.846,27.17373
-6.64429,108.61218,-8.121,13.07707
-6.63359,108.61558,-7.968,-4.17754
-6.62289,108.61896,-6.766,-12.65739
-6.61217,108.62235,-5.606,-13.69057
-6.60145,108.62575,-5.288,-7.03848
-6.59072,108.62914,-4.878,5.97953
-6.58000,108.63253,-3.921,19.38190
-6.56928,108.63591,-3.597,29.65960
-6.55857,108.63931,-4.067,31.87532
-6.54787,108.64269,-6.786,30.56992
-6.53716,108.64607,-6.936,23.94737
-6.52644,108.64945,-5.485,16.25258
-6.51570,108.65286,-3.426,8.61749
-6.50496,108.65625,-2.759,4.47024
-6.49421,108.65964,-0.869,1.67834
-6.48346,108.66304,-2.678,-0.32886
-6.47272,108.66644,-4.001,-2.18105
-6.46200,108.66982,-4.600,-1.47295
-6.45130,108.67318,-6.044,0.72437
-6.44062,108.67656,-10.948,7.80806
-6.42997,108.67992,-15.558,16.91109
-6.41935,108.68326,-18.642,29.81128
-6.40876,108.68661,-22.972,42.15120
-6.39817,108.68998,-24.597,52.46217
-6.38755,108.69334,-25.296,57.70928
-6.37690,108.69669,-23.998,61.02745
-6.36625,108.70005,-20.708,63.29478
-6.35561,108.70340,-20.095,65.79868
-6.34496,108.70678,-22.504,67.86193
-6.33429,108.71013,-24.151,69.57749
-6.32364,108.71352,-26.857,62.99742
-6.31298,108.71690,-28.514,51.73816
-6.30232,108.72026,-31.091,34.31182
-6.29165,108.72364,-31.528,23.09410
-6.28096,108.72700,-30.388,12.16748
-6.27028,108.73034,-27.965,-9.86590
-6.25960,108.73369,-26.616,-24.68035
-6.24890,108.73707,-28.897,-17.80903
-6.23819,108.74044,-30.124,7.54312
-6.22749,108.74382,-32.674,33.71899
-6.21679,108.74720,-35.868,62.96178
-6.20608,108.75058,-40.617,72.58684
-6.34448,108.85319,-57.650,-13.19878
-6.35497,108.84994,-54.616,7.93762
-6.36548,108.84663,-51.969,41.13873
-6.37601,108.84336,-46.626,57.72561
-6.38654,108.84010,-41.646,69.54805
-6.39706,108.83683,-36.733,75.56255
-6.40758,108.83357,-35.571,76.00843
-6.41810,108.83030,-35.459,70.93797
-6.42860,108.82704,-35.949,61.48224
-6.43910,108.82375,-36.347,53.58734
-6.44958,108.82049,-33.943,46.62949
-6.46005,108.81723,-30.838,49.35087
-6.47052,108.81398,-27.663,56.72605
-6.48098,108.81071,-23.965,68.37317
-6.49143,108.80745,-19.422,76.39264
-6.50189,108.80419,-14.177,81.39104
-6.51233,108.80093,-12.141,75.22357
-6.52276,108.79767,-11.055,58.48222
-6.53321,108.79442,-10.998,36.44342
-6.54364,108.79116,-11.329,16.38723
-6.55408,108.78793,-11.357,1.39542
-6.56452,108.78468,-11.832,-6.04882
-6.57494,108.78143,-12.077,2.63444
-6.58537,108.77819,-11.787,16.94980
-6.59582,108.77495,-10.984,35.19871
-6.60626,108.77171,-8.143,49.06837
-6.61669,108.76846,-5.602,60.76217
-6.62709,108.76522,-4.475,53.62083
-6.63745,108.76198,-3.096,39.16338
-6.64782,108.75874,-1.927,18.27461
-6.65823,108.75550,-2.796,-0.92222
-6.66867,108.75224,-4.955,-17.40174
-6.67909,108.74899,-6.748,-20.89975
-6.68952,108.74576,-8.918,-12.02296
-6.69996,108.74252,-9.341,2.74511
-6.71042,108.73923,-9.284,22.23786
-6.72089,108.73595,-8.915,40.96197
-6.73138,108.73267,-8.240,57.94334
-6.74194,108.72938,-8.190,67.15194
-6.75251,108.72609,-6.913,73.89622
-6.76311,108.72279,-3.042,76.05322
-6.77373,108.71946,-0.507,74.76720
-6.78436,108.71615,-2.361,70.87370
-6.79498,108.71284,-2.754,65.46390
-6.80557,108.70954,1.306,62.03678
-6.81616,108.70623,3.000,60.28850
-6.82677,108.70293,7.000,58.33984
-6.83741,108.69960,8.000,54.27906
-6.84804,108.69630,11.000,45.32699
-6.85868,108.69298,10.000,37.29653
-6.86935,108.68963,10.000,31.00407
-6.88001,108.68630,14.000,27.29820
-6.89064,108.68300,16.000,20.62665
-6.90123,108.67969,21.000,10.28237
-6.91177,108.67639,36.000,-4.66944
-6.92226,108.67311,59.000,-16.13481
-6.93274,108.66985,44.000,-25.46177
-6.94319,108.66659,59.000,-19.91727
-6.95361,108.66333,65.000,-5.95148
-6.96399,108.66008,126.000,13.70598
-6.97439,108.65684,139.000,30.86289
-6.98482,108.65358,125.000,46.25180
-6.99531,108.65032,96.000,55.22922
-7.00584,108.64704,113.000,57.59250
-7.01637,108.64377,115.000,56.97096
-7.02689,108.64048,123.000,53.01196
-7.03740,108.63720,95.000,49.52938
-7.04791,108.63392,111.000,46.43448
-7.05840,108.63066,141.000,48.70640
-7.06892,108.62738,161.000,54.02415
-7.07944,108.62408,189.000,64.26634
-7.08987,108.62082,216.000,75.64151
-7.10024,108.61759,284.000,87.93959
-7.11058,108.61436,315.000,94.10503
-7.12093,108.61112,515.000,99.62730
-7.13129,108.60786,732.000,105.62869
-7.14164,108.60463,651.000,115.05232
-7.15198,108.60140,999.000,122.64911
-7.16234,108.59819,888.000,132.63616
-7.17271,108.59497,704.000,139.31619
-7.18308,108.59173,557.000,143.00804
-7.19348,108.58848,363.000,136.09380
-7.20387,108.58522,235.000,124.50782
-7.21425,108.58197,170.000,106.52891
-7.22463,108.57873,201.000,90.25696
-7.23502,108.57548,158.000,76.82448
-7.24542,108.57223,216.000,74.53160
-7.25582,108.56900,178.000,79.28082
-7.26621,108.56574,197.000,88.96372
-7.27662,108.56248,121.000,97.49273
-7.28705,108.55921,66.000,102.02947
-7.29751,108.55595,40.000,108.76496
-7.30801,108.55267,60.000,114.24178
-7.31851,108.54940,94.000,119.93856
-7.32902,108.54611,26.000,110.88216
-7.33951,108.54282,26.000,99.45273
-7.34998,108.53955,74.000,94.25112
-7.36044,108.53629,37.000,96.16204
-7.37090,108.53300,42.000,103.34072
-7.38133,108.52973,39.000,112.82817
-7.39177,108.52646,87.000,116.17651
-7.40223,108.52318,67.000,115.87591
-7.41271,108.51991,32.000,101.40036
-7.42320,108.51664,42.000,82.78200
-7.43367,108.51337,48.000,71.53804
-7.44413,108.51009,66.000,80.49798
-7.45461,108.50679,114.000,92.66448
-7.46509,108.50350,239.000,107.82097
-7.47556,108.50023,240.000,115.00430
-7.48602,108.49696,251.000,125.89064
-7.49651,108.49368,286.000,134.51021
-7.50703,108.49038,372.000,141.11280
-7.51758,108.48711,381.000,137.59811
-7.52814,108.48382,429.000,151.06085
-7.53871,108.48053,429.000,152.45165
-7.54930,108.47723,420.000,147.20259
-7.55986,108.47392,384.000,147.99784
-7.57039,108.47062,402.000,151.01934
-7.58091,108.46733,330.000,159.25652
-7.59142,108.46402,264.000,169.24902
-7.60193,108.46071,195.000,169.87179
-7.61244,108.45742,202.000,127.27906
-7.62294,108.45413,165.000,134.42388
-7.63344,108.45084,120.000,180.02982
-7.64392,108.44755,114.000,167.06696
-7.65438,108.44427,144.000,158.30874
-7.66482,108.44100,117.000,155.91788
-7.67528,108.43772,88.000,152.81128
-7.68576,108.43445,118.000,151.91173
-7.69624,108.43118,96.000,155.92265
-7.70671,108.42792,79.000,159.83017
-7.71718,108.42464,78.000,164.46741
-7.72763,108.42136,94.000,180.68917
-7.73810,108.41808,112.000,196.18548
-7.74856,108.41482,112.000,200.35844
-7.75900,108.41156,93.000,172.38331
-7.76945,108.40828,93.000,142.90781
-7.77989,108.40500,59.000,137.93889
-7.79031,108.40173,40.000,145.13690
-7.80072,108.39846,17.000,148.61397
-7.81115,108.39518,15.000,158.95135
-7.82158,108.39189,-9.335,167.65541
-7.83199,108.38861,-19.204,177.67226
-7.84240,108.38532,-22.092,197.51376
-7.85278,108.38208,-27.057,214.41884
-7.86316,108.37884,-48.752,214.54015
-7.87356,108.37558,-66.052,210.32871
-7.88398,108.37233,-88.885,203.49711
-7.89440,108.36907,-89.630,184.03128
-7.90480,108.36581,-73.864,164.28185
-7.91520,108.36254,-58.878,143.65512
-7.92563,108.35927,-37.407,126.14668
-7.93607,108.35599,-29.219,111.92410
-7.94654,108.35270,-36.246,104.06763
-7.95702,108.34941,-51.612,103.94318
-7.96749,108.34612,-94.125,110.77977
-7.97796,108.34284,-132.081,122.70024
-7.98838,108.33958,-206.916,136.71794
-7.99875,108.33632,-272.527,154.02590
-8.00913,108.33307,-400.750,160.77597
-7.63701,107.42927,-915.334,112.39954
-7.62698,107.43244,-845.340,118.94930
-7.61702,107.43556,-735.688,125.44334
-7.60713,107.43865,-583.306,125.93106
-7.59724,107.44177,-476.891,125.63291
-7.58724,107.44495,-373.340,124.07064
-7.57712,107.44817,-290.082,123.21996
-7.56698,107.45136,-217.736,123.37947
-7.55685,107.45453,-139.771,126.40213
-7.54676,107.45772,-110.540,129.95904
-7.53670,107.46089,-54.602,135.32838
-7.52666,107.46405,-11.545,142.36573
-7.51664,107.46723,11.000,150.76449
-7.50661,107.47042,59.000,157.82978
-7.49654,107.47362,103.000,160.72551
-7.48642,107.47679,155.000,159.54105
-7.47630,107.47996,194.000,167.39290
-7.46621,107.48312,218.000,181.06664
-7.45610,107.48630,397.000,174.43486
-7.44599,107.48947,345.000,169.93745
-7.43591,107.49265,433.000,166.15194
-7.42584,107.49580,611.000,164.64738
-7.41580,107.49894,890.000,163.34131
-7.40578,107.50211,875.000,166.24422
-7.39570,107.50531,871.000,168.59539
-7.38554,107.50853,755.000,170.71549
-7.37540,107.51169,725.000,172.80031
-7.36533,107.51484,1046.000,172.21900
-7.35524,107.51802,1259.000,176.08919
-7.34509,107.52123,1059.000,183.12368
-7.33495,107.52443,910.000,189.84127
-7.32485,107.52761,1059.000,194.19851
-7.31477,107.53079,1049.000,198.29479
-7.30470,107.53398,902.000,200.22627
-7.29465,107.53717,815.000,200.22067
-7.28460,107.54034,969.000,200.19437
-7.27454,107.54352,1164.000,198.74877
-7.26443,107.54672,1100.000,196.99652
-7.25425,107.54993,1137.000,193.90817
-7.24406,107.55312,1260.000,190.82560
-7.23388,107.55629,1446.000,187.60077
-7.22371,107.55946,1473.000,185.38488
-7.21358,107.56265,1462.000,182.92940
-7.20348,107.56583,1455.000,180.03752
-7.19340,107.56900,1419.000,179.53112
-7.18330,107.57218,1407.000,179.04941
-7.17314,107.57537,1415.000,181.61745
-7.16297,107.57854,1427.000,183.05488
-7.15283,107.58171,1397.000,184.67432
-7.14265,107.58491,1437.000,183.30818
-7.13246,107.58813,1371.000,180.64843
-7.12227,107.59132,1324.000,176.10862
-7.11211,107.59451,1201.000,171.53429
-7.10197,107.59769,1146.000,167.03281
-7.09182,107.60089,1078.000,161.48690
-7.08166,107.60410,908.000,155.00615
-7.07151,107.60729,854.000,146.75544
-7.06137,107.61051,770.000,138.84225
-7.05126,107.61368,761.000,131.27541
-7.04119,107.61685,719.000,125.82355
-7.03112,107.62001,765.000,122.26326
-7.02105,107.62318,835.000,120.50688
-7.01103,107.62635,688.000,118.65479
-7.00101,107.62952,663.000,116.46633
-6.99095,107.63269,663.000,113.67192
-6.98088,107.63585,665.000,111.44001
-6.97083,107.63899,670.000,110.74808
-6.96079,107.64214,673.000,111.39041
-6.95077,107.64528,676.000,113.64925
-6.94073,107.64844,679.000,116.31018
-6.93068,107.65162,681.000,118.44703
-6.92062,107.65478,683.000,117.46821
-6.91054,107.65795,687.000,113.86917
-6.90043,107.66114,699.000,109.25333
-6.89027,107.66432,758.000,101.38249
-6.88010,107.66752,819.000,95.04893
-6.86992,107.67069,946.000,92.59317
-6.85973,107.67388,1038.000,96.69707
-6.84951,107.67709,1279.000,101.71215
-6.83931,107.68030,1412.000,110.97591
-6.82909,107.68351,1241.000,128.23989
-6.81884,107.68675,1238.000,164.56812
-6.80857,107.69000,1214.000,172.45588
-6.79830,107.69322,1342.000,161.77514
-6.78804,107.69644,1296.000,155.57852
-6.77781,107.69965,1029.000,152.10814
-6.76757,107.70287,930.000,149.90023
-6.75731,107.70613,886.000,145.70144
-6.74704,107.70936,675.000,138.45113
-6.73677,107.71258,712.000,127.32837
-6.72650,107.71579,568.000,116.17139
-6.71623,107.71902,513.000,105.35045
-6.70595,107.72227,489.000,95.64469
-6.69565,107.72551,491.000,88.24566
-6.68533,107.72873,503.000,82.64302
-6.67499,107.73196,508.000,75.73633
-6.66466,107.73517,590.000,68.26219
-6.65438,107.73837,504.000,57.89970
-6.64414,107.74156,513.000,48.43931
-6.63392,107.74476,310.000,38.66310
-6.62369,107.74797,167.000,30.52244
-6.61345,107.75117,132.000,23.42666
-6.60323,107.75439,149.000,20.01935
-6.59302,107.75762,175.000,20.08714
-6.58283,107.76083,113.000,21.55858
-6.57267,107.76402,94.000,26.98962
-6.56254,107.76720,88.000,31.43730
-6.55243,107.77038,84.000,33.18348
-6.54231,107.77358,78.000,29.18375
-6.53218,107.77677,73.000,23.77725
-6.52204,107.77997,66.000,15.10079
-6.51188,107.78318,56.000,9.28446
-6.50170,107.78639,49.000,9.13474
-6.49154,107.78956,42.000,19.91050
-6.48139,107.79271,40.000,34.74231
-6.47122,107.79588,37.000,55.98844
-6.46102,107.79908,33.000,75.01106
-6.45080,107.80227,30.000,88.56874
-6.44058,107.80546,27.000,85.67858
-6.43035,107.80867,24.000,78.51369
-6.42012,107.81188,23.000,63.94221
-6.40989,107.81510,19.000,49.02437
-6.39967,107.81831,15.000,34.17449
-6.38947,107.82149,15.000,26.88577
-6.37930,107.82467,14.000,21.85672
-6.36915,107.82785,13.000,20.31098
-6.35899,107.83103,12.000,21.03669
-6.34882,107.83422,10.000,23.25100
-6.33863,107.83743,10.000,26.89751
-6.32841,107.84063,9.000,31.98732
-6.31817,107.84385,9.000,38.98347
-6.30793,107.84704,8.000,50.49375
-6.29769,107.85026,9.000,63.22003
-6.28743,107.85347,6.000,69.82136
-6.27715,107.85670,8.000,64.00383
-6.26685,107.85996,5.000,49.93352
-6.25653,107.86320,4.000,19.98669
-6.24620,107.86645,3.000,-8.85953
-6.23586,107.86969,3.000,-26.77064
-6.22554,107.87292,-2.178,-22.53856
-6.21525,107.87614,-4.407,-10.17834
-6.20498,107.87935,-7.007,14.85845
-6.19472,107.88256,-10.081,36.79255
-6.18445,107.88579,-10.405,52.82420
-6.17416,107.88902,-9.535,52.16815
-6.16386,107.89225,-11.243,48.30635
-6.15353,107.89546,-19.000,39.75562
-6.14318,107.89869,-20.372,34.81907
-6.13284,107.90192,-18.999,33.32760
-6.12253,107.90515,-19.447,40.32214
-6.11222,107.90839,-22.013,46.86977
-6.10190,107.91165,-23.642,53.13500
-6.09155,107.91492,-24.627,54.26774
-6.08116,107.91818,-25.412,52.42519
-6.07074,107.92146,-26.416,47.10981
-6.06033,107.92472,-26.558,43.20032
-6.04993,107.92797,-27.911,40.34222
-6.03956,107.93119,-30.045,40.71753
-6.02922,107.93442,-32.029,41.09960
-6.01886,107.93765,-35.389,41.08618
-6.00847,107.94091,-37.623,44.60481
-5.99804,107.94416,-40.365,48.13773
-5.98759,107.94741,-40.635,44.43433
-5.97712,107.95069,-40.162,39.20807
-5.96662,107.95402,-38.521,33.02599
-5.95609,107.95735,-37.117,30.48605
-5.94559,107.96062,-37.039,28.83612
-5.99598,108.09646,-36.388,25.66081
-6.00552,108.09343,-36.275,25.80597
-6.01509,108.09040,-35.530,26.47324
-6.02467,108.08737,-34.415,28.62371
-6.03424,108.08435,-33.260,31.37033
-6.04379,108.08133,-33.052,34.12612
-6.05335,108.07830,-32.908,34.06616
-6.06289,108.07525,-32.537,30.43659
-6.07242,108.07221,-32.163,31.95452
-6.08197,108.06916,-31.834,37.07781
-6.09154,108.06611,-31.424,36.46433
-6.10113,108.06307,-31.698,33.69303
-6.11073,108.06003,-30.968,30.69355
-6.12033,108.05699,-29.464,28.26400
-6.12991,108.05396,-27.213,26.52015
-6.13947,108.05093,-26.604,26.33516
-6.14902,108.04790,-24.718,27.21113
-6.15860,108.04485,-21.449,28.36063
-6.16817,108.04181,-21.264,29.12292
-6.17773,108.03878,-21.021,28.69735
-6.18728,108.03575,-19.927,27.68699
-6.19684,108.03272,-15.876,26.06969
-6.20638,108.02969,-15.402,26.16040
-6.21591,108.02668,-13.860,26.79909
-6.22544,108.02364,-11.491,29.28423
-6.23500,108.02058,-10.585,31.67234
-6.24458,108.01754,-10.277,33.19795
-6.25422,108.01449,-8.417,32.99611
-6.26391,108.01142,-6.656,31.18562
-6.27362,108.00833,-3.695,29.85967
-6.28332,108.00525,0.085,28.88650
-6.29307,108.00217,7.000,29.97998
-6.30282,107.99906,8.000,31.16339
-6.31257,107.99596,7.000,31.73794
-6.32238,107.99283,8.000,30.89338
-6.33219,107.98971,7.000,29.08794
-6.34198,107.98662,9.000,26.18221
-6.35179,107.98349,10.000,23.16225
-6.36162,107.98035,10.000,21.29733
-6.37148,107.97721,12.000,20.41716
-6.38136,107.97407,14.000,20.48170
-6.39120,107.97096,13.000,21.25425
-6.40102,107.96783,14.000,22.25911
-6.41087,107.96468,16.000,22.00874
-6.42076,107.96153,17.000,20.72564
-6.43064,107.95838,19.000,18.32188
-6.44047,107.95526,21.000,15.62210
-6.45031,107.95214,21.000,12.84652
-6.46013,107.94900,23.000,11.71821
-6.46992,107.94588,25.000,11.94695
-6.47972,107.94277,28.000,13.46729
-6.48953,107.93964,29.000,15.16843
-6.49932,107.93650,30.000,16.89676
-6.50912,107.93338,30.000,17.86287
-6.51891,107.93027,36.000,18.55392
-6.52869,107.92720,43.000,18.75162
-6.53851,107.92411,47.000,18.82152
-6.54834,107.92100,53.000,18.76354
-6.55814,107.91789,49.000,18.11902
-6.56794,107.91476,57.000,16.93807
-6.57772,107.91163,51.000,14.68689
-6.58750,107.90851,69.000,12.59156
-6.59730,107.90537,110.000,10.82706
-6.60710,107.90225,88.000,10.60928
-6.61692,107.89913,107.000,11.70532
-6.62672,107.89601,106.000,15.09383
-6.63649,107.89290,106.000,18.74833
-6.64623,107.88979,148.000,22.97285
-6.65595,107.88671,132.000,26.53393
-6.66570,107.88362,165.000,30.31357
-6.67545,107.88050,193.000,32.90184
-6.68524,107.87737,259.000,36.06099
-6.69502,107.87427,292.000,39.10566
-6.70475,107.87118,522.000,43.33263
-6.71445,107.86810,576.000,47.30155
-6.72416,107.86500,516.000,51.02742
-6.73390,107.86188,479.000,55.18907
-6.74366,107.85877,564.000,60.13448
-6.75342,107.85567,579.000,65.31477
-6.76317,107.85258,607.000,71.11987
-6.77293,107.84946,586.000,78.34320
-6.78271,107.84635,686.000,86.76932
-6.79252,107.84324,851.000,94.73220
-6.80234,107.84013,926.000,102.05102
-6.81214,107.83701,999.000,107.55518
-6.82193,107.83389,908.000,111.31933
-6.83175,107.83075,922.000,112.67499
-6.84158,107.82762,945.000,114.83677
-6.85143,107.82449,978.000,115.17866
-6.86129,107.82137,1037.000,109.50528
-6.87118,107.81823,946.000,103.53790
-6.88102,107.81507,924.000,100.90528
-6.89084,107.81193,876.000,100.76316
-6.90067,107.80880,864.000,99.24903
-6.91048,107.80567,872.000,98.01027
-6.92027,107.80253,886.000,95.97414
-6.93006,107.79938,956.000,94.12922
-6.93985,107.79625,975.000,93.45783
-6.94966,107.79311,702.000,92.21500
-6.95947,107.78999,675.000,91.72195
-6.96928,107.78685,671.000,91.41713
-6.97909,107.78373,668.000,91.19680
-6.98892,107.78061,666.000,90.35082
-6.99876,107.77748,666.000,89.59989
-7.00862,107.77434,667.000,88.18208
-7.01849,107.77120,668.000,87.65812
-7.02837,107.76806,670.000,87.26699
-7.03824,107.76493,671.000,87.67872
-7.04809,107.76179,676.000,88.86868
-7.05793,107.75864,678.000,90.73881
-7.06776,107.75550,697.000,93.24938
-7.07758,107.75236,727.000,95.92582
-7.08737,107.74923,742.000,99.52523
-7.09717,107.74611,801.000,105.30250
-7.10695,107.74301,859.000,113.46173
-7.11672,107.73990,1007.000,122.28350
-7.12650,107.73681,1129.000,133.27237
-7.13625,107.73371,1359.000,143.40131
-7.14597,107.73060,1788.000,151.59918
-7.15564,107.72750,1403.000,160.16304
-7.16527,107.72442,1544.000,165.24148
-7.17491,107.72134,1646.000,170.42853
-7.18459,107.71826,1613.000,176.81456
-7.19429,107.71518,1575.000,188.67695
-7.20397,107.71209,1720.000,201.29189
-7.21363,107.70900,2073.000,213.41171
-7.22327,107.70590,2210.000,223.93879
-7.23286,107.70283,2280.000,233.17242
-7.24237,107.69979,2295.000,233.45562
-7.25180,107.69679,2100.000,233.48771
-7.26119,107.69379,1901.000,231.39791
-7.27063,107.69079,1820.000,228.54143
-7.28012,107.68777,1762.000,226.22188
-7.28967,107.68474,1720.000,223.39386
-7.29929,107.68168,1726.000,219.17527
-7.30900,107.67859,1671.000,215.41774
-7.31875,107.67548,1535.000,211.28369
-7.32850,107.67237,1489.000,205.54148
-7.33822,107.66927,1352.000,200.94712
-7.34795,107.66615,1277.000,196.01376
-7.35770,107.66302,1231.000,194.82008
-7.36742,107.65991,1260.000,192.97395
-7.37712,107.65681,1254.000,194.34382
-7.38681,107.65373,1016.000,196.93750
-7.39652,107.65063,1042.000,200.31329
-7.40624,107.64753,926.000,199.71885
-7.41587,107.64445,1087.000,197.29634
-7.42542,107.64140,831.000,186.58671
-7.43490,107.63837,826.000,176.12724
-7.44435,107.63534,898.000,164.12906
-7.45389,107.63232,770.000,154.74203
-7.46350,107.62927,610.000,150.32036
-7.47309,107.62620,593.000,147.19484
-7.48265,107.62315,455.000,143.85949
-7.49225,107.62009,365.000,138.06270
-7.50198,107.61701,199.000,131.33272
-7.51175,107.61389,318.000,130.77183
-7.52153,107.61075,143.000,136.04561
-7.53131,107.60760,84.000,141.67881
-7.54107,107.60446,155.000,140.20308
-7.55078,107.60135,129.000,136.50346
-7.56044,107.59825,55.000,134.32455
-7.57005,107.59516,6.000,130.78474
-7.57963,107.59209,-4.674,126.05565
-7.58919,107.58903,-30.421,122.15698
-7.59877,107.58597,-52.499,119.50921
-7.60840,107.58290,-93.009,118.36426
-7.61807,107.57982,-126.410,117.90515
-7.62776,107.57671,-181.793,116.29549
-7.63747,107.57359,-259.360,115.46479
-7.64722,107.57048,-399.399,115.43388
-7.65699,107.56737,-478.063,117.21877
-7.66678,107.56425,-638.826,119.43908
-7.67659,107.56111,-764.278,119.87966
-7.68637,107.55798,-889.787,119.91592
-7.69611,107.55486,-1004.942,117.63691
-7.70582,107.55174,-1089.248,114.66550
-7.71552,107.54863,-1118.934,110.70255
-7.72521,107.54551,-1040.880,109.50923
-7.73492,107.54239,-973.195,107.94615
-7.74466,107.53929,-1048.339,109.57741
-7.75442,107.53619,-1182.423,111.57850
-7.76422,107.53310,-1253.452,113.79727
-7.77402,107.52998,-1253.020,115.90842
-7.78380,107.52686,-1328.256,117.24605
-7.79356,107.52374,-1399.547,114.98740
-7.85223,107.65007,-965.995,108.01618
-7.84203,107.65330,-919.733,110.88391
-7.83183,107.65653,-834.638,114.25055
-7.82165,107.65975,-773.361,118.90374
-7.81150,107.66295,-675.402,124.17269
-7.80135,107.66617,-598.728,130.14184
-7.79120,107.66937,-498.835,134.65824
-7.78102,107.67258,-441.400,138.74656
-7.77084,107.67577,-389.608,141.62932
-7.76068,107.67895,-281.560,143.79747
-7.75056,107.68212,-219.880,145.50501
-7.74045,107.68529,-130.774,146.25202
-7.73035,107.68847,-85.851,146.96194
-7.72023,107.69166,-33.100,147.43723
-7.71009,107.69487,-19.925,147.45346
-7.69989,107.69811,-8.505,147.09875
-7.68967,107.70135,-5.133,145.70896
-7.67945,107.70459,-3.893,144.41345
-7.66921,107.70783,12.000,141.99847
-7.65897,107.71107,9.000,138.91672
-7.64870,107.71430,10.000,135.51488
-7.63843,107.71753,14.000,131.09475
-7.62818,107.72078,131.000,131.99230
-7.61793,107.72402,176.000,135.11419
-7.60769,107.72723,192.000,142.05207
-7.59749,107.73043,176.000,151.73285
-7.58736,107.73362,300.000,168.71143
-7.57727,107.73677,337.000,164.34568
-7.56719,107.73994,424.000,156.81101
-7.55709,107.74315,566.000,184.62312
-7.54697,107.74636,639.000,209.94627
-7.53680,107.74956,650.000,220.52812
-7.52663,107.75275,661.000,222.22532
-7.51654,107.75588,909.000,221.07125
-7.50658,107.75898,958.000,223.59461
-7.49669,107.76209,913.000,228.70932
-7.48681,107.76522,947.000,232.50314
-7.47690,107.76839,1139.000,232.94560
-7.46691,107.77157,1208.000,234.84567
-7.45687,107.77473,1226.000,235.69525
-7.44695,107.77780,1101.000,238.98196
-7.43720,107.78082,1191.000,242.04285
-7.42751,107.78388,1364.000,243.01504
-7.41778,107.78695,1400.000,239.11266
-7.40798,107.79005,1725.000,234.18596
-7.39811,107.79316,1591.000,236.26319
-7.38812,107.79632,1480.000,235.28525
-7.37808,107.79949,1359.000,234.16737
-7.36800,107.80265,1303.000,230.34400
-7.35787,107.80584,1249.000,222.97570
-7.34768,107.80905,1254.000,213.74273
-7.33743,107.81226,1246.000,205.91980
-7.32717,107.81549,1297.000,195.87797
-7.31690,107.81870,1332.000,185.20105
-7.30670,107.82188,1357.000,177.14006
-7.29658,107.82506,1273.000,168.22904
-7.28648,107.82826,1127.000,158.49985
-7.27635,107.83148,1055.000,149.21774
-7.26616,107.83471,951.000,140.45474
-7.25590,107.83793,925.000,132.08971
-7.24559,107.84117,896.000,125.49074
-7.23524,107.84442,892.000,120.38664
-7.22486,107.84766,891.000,118.01361
-7.21444,107.85092,897.000,118.21251
-7.20405,107.85417,875.000,120.04398
-7.19369,107.85742,858.000,124.57233
-7.18332,107.86068,919.000,130.37813
-7.17293,107.86395,930.000,135.33871
-7.16253,107.86725,980.000,139.51966
-7.15210,107.87055,1360.000,140.80181
-7.14164,107.87383,1653.000,139.23386
-7.13118,107.87710,1223.000,140.28169
-7.12074,107.88037,899.000,139.38071
-7.11031,107.88365,817.000,135.14848
-7.09988,107.88695,787.000,129.99708
-7.08944,107.89024,736.000,126.23703
-7.07898,107.89352,711.000,123.19231
-7.06855,107.89678,713.000,121.91451
-7.05818,107.90003,847.000,123.29846
-7.04784,107.90329,804.000,126.69017
-7.03748,107.90655,766.000,131.70642
-7.02713,107.90981,889.000,137.94774
-7.01680,107.91307,936.000,145.29701
-7.00648,107.91632,939.000,151.92339
-6.99620,107.91955,1106.000,156.35719
-6.98595,107.92278,975.000,162.30709
-6.97570,107.92601,1197.000,162.69859
-6.96543,107.92923,1303.000,162.14579
-6.95519,107.93241,1255.000,163.34136
-6.94501,107.93558,1253.000,162.42387
-6.93484,107.93876,1001.000,162.51520
-6.92465,107.94196,715.000,159.99815
-6.91447,107.94517,646.000,151.61621
-6.90431,107.94837,646.000,134.60747
-6.89415,107.95156,733.000,124.56870
-6.88401,107.95475,657.000,119.78888
-6.87389,107.95792,463.000,108.17977
-6.86376,107.96111,428.000,99.26457
-6.85360,107.96432,422.000,90.02646
-6.84342,107.96752,367.000,82.72722
-6.83325,107.97071,480.000,77.95436
-6.82306,107.97392,484.000,77.65015
-6.81286,107.97712,490.000,78.44478
-6.80266,107.98031,599.000,79.83622
-6.79248,107.98349,603.000,81.60287
-6.78228,107.98667,683.000,82.19063
-6.77208,107.98986,627.000,81.48782
-6.76186,107.99306,586.000,79.36934
-6.75165,107.99625,510.000,75.76293
-6.74145,107.99944,400.000,70.12024
-6.73125,108.00265,349.000,62.41849
-6.72102,108.00587,292.000,53.55168
-6.71079,108.00908,175.000,44.29063
-6.70057,108.01229,153.000,34.90759
-6.69037,108.01549,132.000,26.39918
-6.68021,108.01868,110.000,19.25252
-6.67007,108.02188,143.000,14.24104
-6.65994,108.02507,111.000,11.02991
-6.64982,108.02824,81.000,9.45881
-6.63968,108.03145,72.000,10.04047
-6.62949,108.03464,70.000,11.77989
-6.61930,108.03782,69.000,14.33222
-6.60914,108.04100,62.000,16.81748
-6.59897,108.04420,59.000,19.12777
-6.58872,108.04742,56.000,20.63455
-6.57844,108.05062,47.000,21.55752
-6.56817,108.05381,47.000,21.91297
-6.55789,108.05703,37.000,22.27968
-6.54763,108.06026,33.000,22.54402
-6.53743,108.06345,32.000,23.24861
-6.52724,108.06664,30.000,24.22074
-6.51708,108.06980,37.000,25.45080
-6.50698,108.07296,22.000,26.00715
-6.49688,108.07614,20.000,26.41547
-6.48676,108.07933,19.000,26.13010
-6.47664,108.08250,18.000,25.14789
-6.46648,108.08571,15.000,23.62689
-6.45616,108.08897,14.000,22.00879
-6.44581,108.09219,13.000,20.89022
-6.43555,108.09537,11.000,20.20384
-6.42530,108.09857,11.000,20.65218
-6.41508,108.10178,8.000,21.78721
-6.40484,108.10499,6.000,24.23556
-6.39466,108.10817,5.000,26.59226
-6.38450,108.11136,3.000,28.96183
-6.37430,108.11457,2.000,30.95732
-6.36407,108.11779,2.000,32.52236
-6.35383,108.12101,1.000,33.12244
-6.34361,108.12420,1.000,33.23494
-6.33339,108.12739,1.000,33.19331
-6.32313,108.13059,-0.804,32.63924
-6.31287,108.13378,-2.991,32.13515
-6.30261,108.13699,-6.050,31.52737
-6.29236,108.14020,-7.328,31.19786
-6.28211,108.14342,-8.729,31.07189
-6.27185,108.14663,-11.634,31.24152
-6.26163,108.14983,-16.881,31.46581
-6.25144,108.15303,-21.673,31.53965
-6.24127,108.15623,-21.970,31.17618
-6.23110,108.15944,-20.177,30.59021
-6.22091,108.16266,-19.000,29.53880
-6.21068,108.16587,-20.336,28.12559
-6.20046,108.16906,-20.449,26.43407
-6.19025,108.17223,-21.518,25.24462
-6.18005,108.17542,-21.998,24.28401
-6.16989,108.17859,-23.065,23.55252
-6.15971,108.18179,-25.756,24.07913
-6.14947,108.18499,-29.433,25.52839
-6.13924,108.18819,-31.763,27.45343
-6.12900,108.19139,-33.039,28.89709
-6.11875,108.19458,-31.807,30.35216
-6.10852,108.19778,-30.087,28.80909
-6.09827,108.20101,-29.399,27.69298
-6.08798,108.20424,-30.692,32.14988
-6.07768,108.20746,-34.608,33.01118
-6.06738,108.21068,-37.731,31.06001
-6.05708,108.21390,-37.862,28.27525
-6.04680,108.21711,-35.287,25.25452
-6.03650,108.22032,-34.325,22.81413
-6.02620,108.22355,-34.568,22.45043
-6.01592,108.22676,-35.528,23.40581
-6.00565,108.22997,-35.044,28.99796
-5.99537,108.23317,-35.624,35.87989
-5.98508,108.23638,-36.639,41.88845
-5.97482,108.23959,-38.626,36.05704
-5.96456,108.24281,-39.421,26.41057
-6.13448,108.34413,-34.630,27.36664
-6.14437,108.34097,-32.792,33.57087
-6.15426,108.33782,-31.359,33.23607
-6.16419,108.33465,-27.958,24.36891
-6.17414,108.33149,-24.370,23.00624
-6.18407,108.32831,-19.154,24.65773
-6.19395,108.32515,-15.280,25.78502
-6.20383,108.32198,-11.029,26.52256
-6.21370,108.31880,-6.782,26.91846
-6.22357,108.31565,-6.075,26.66392
-6.23345,108.31251,-4.309,26.48112
-6.24332,108.30935,-2.718,26.45905
-6.25322,108.30620,2.000,26.64654
-6.26316,108.30302,-3.000,26.51389
-6.27311,108.29983,-3.000,26.32164
-6.28308,108.29664,1.000,26.17821
-6.29306,108.29344,1.000,26.90344
-6.30305,108.29026,1.000,27.69245
-6.31307,108.28705,0.000,28.79051
-6.32307,108.28386,1.000,29.79247
-6.33308,108.28068,2.000,30.73114
-6.34306,108.27750,3.000,31.57804
-6.35307,108.27430,8.000,31.96319
-6.36312,108.27108,3.000,32.26549
-6.37315,108.26788,0.000,32.17682
-6.38317,108.26467,5.000,31.82473
-6.39316,108.26148,3.000,30.30244
-6.40313,108.25828,4.000,29.06779
-6.41315,108.25506,6.000,27.91538
-6.42318,108.25186,7.000,26.96421
-6.43315,108.24866,4.000,26.18215
-6.44309,108.24548,5.000,24.95003
-6.45300,108.24231,6.000,24.36420
-6.46292,108.23914,7.000,24.56084
-6.47284,108.23597,7.000,26.66254
-6.48276,108.23278,7.000,29.99134
-6.49268,108.22962,9.000,36.97323
-6.50254,108.22647,11.000,43.30639
-6.51231,108.22334,13.000,48.82291
-6.52208,108.22024,22.000,51.85995
-6.53193,108.21709,20.000,52.99756
-6.54194,108.21387,21.000,48.48914
-6.55203,108.21067,28.000,43.22244
-6.56197,108.20750,30.000,37.22810
-6.57178,108.20436,29.000,31.91523
-6.58151,108.20122,29.000,27.16545
-6.59130,108.19809,31.000,23.87629
-6.60108,108.19498,37.000,21.39899
-6.61091,108.19184,44.000,19.87919
-6.62086,108.18865,47.000,18.58231
-6.63077,108.18548,46.000,17.34853
-6.64066,108.18232,42.000,16.98652
-6.65057,108.17914,43.000,16.90777
-6.66052,108.17597,30.000,17.25463
-6.67048,108.17280,35.000,17.13160
-6.68038,108.16964,40.000,16.77092
-6.69028,108.16647,32.000,16.33797
-6.70023,108.16329,33.000,15.79492
-6.71017,108.16011,32.000,15.02246
-6.72012,108.15691,32.000,13.71753
-6.73000,108.15372,31.000,11.24420
-6.73983,108.15055,34.000,7.67283
-6.74964,108.14740,34.000,3.66599
-6.75946,108.14425,37.000,2.14122
-6.76933,108.14110,56.000,2.50568
-6.77923,108.13793,61.000,5.40720
-6.78910,108.13476,79.000,9.02986
-6.79894,108.13159,86.000,12.87955
-6.80875,108.12844,79.000,15.84691
-6.81858,108.12530,149.000,18.95050
-6.82843,108.12215,101.000,21.91493
-6.83826,108.11901,214.000,25.91848
-6.84811,108.11585,338.000,30.60243
-6.85798,108.11270,306.000,33.60359
-6.86782,108.10956,233.000,35.58721
-6.87762,108.10643,220.000,35.96523
-6.88742,108.10330,240.000,36.06753
-6.89719,108.10019,237.000,35.39163
-6.90695,108.09707,239.000,37.36709
-6.91669,108.09395,241.000,40.25438
-6.92645,108.09080,251.000,46.44468
-6.93622,108.08767,247.000,50.25621
-6.94597,108.08456,269.000,49.81516
-6.95572,108.08146,296.000,52.04745
-6.96547,108.07833,358.000,56.65642
-6.97522,108.07520,572.000,63.37250
-6.98493,108.07208,478.000,68.33523
-6.99463,108.06896,558.000,75.23684
-7.00433,108.06585,587.000,81.44132
-7.01407,108.06273,556.000,87.22727
-7.02388,108.05959,573.000,92.86225
-7.03369,108.05644,559.000,97.93868
-7.04348,108.05331,531.000,103.85635
-7.05330,108.05017,575.000,110.22783
-7.06308,108.04705,638.000,116.97749
-7.07278,108.04393,707.000,122.65169
-7.08244,108.04082,826.000,127.96934
-7.09206,108.03772,1128.000,131.18861
-7.10167,108.03463,1322.000,134.20680
-7.11133,108.03154,1399.000,136.86185
-7.12101,108.02845,1448.000,139.73244
-7.13070,108.02536,1122.000,144.62357
-7.14038,108.02226,867.000,148.24526
-7.15007,108.01915,741.000,150.22529
-7.15976,108.01604,759.000,146.58683
-7.16948,108.01292,794.000,142.30646
-7.17926,108.00978,857.000,138.15096
-7.18900,108.00667,882.000,137.46189
-7.19868,108.00358,880.000,139.00507
-7.20837,108.00047,911.000,145.98040
-7.21807,107.99734,972.000,154.27028
-7.22779,107.99421,1120.000,161.44719
-7.23753,107.99108,1335.000,166.41070
-7.24726,107.98797,1495.000,169.76719
-7.25698,107.98483,1400.000,170.69132
-7.26673,107.98171,1669.000,168.35346
-7.27645,107.97857,1471.000,164.00999
-7.28617,107.97545,1299.000,160.28904
-7.29587,107.97233,1122.000,156.74152
-7.30560,107.96921,1014.000,154.84085
-7.31532,107.96611,951.000,154.22866
-7.32507,107.96300,864.000,156.82530
-7.33487,107.95986,794.000,159.72877
-7.34466,107.95672,804.000,162.94323
-7.35442,107.95359,852.000,165.61307
-7.36418,107.95046,947.000,167.93917
-7.37395,107.94733,868.000,170.54040
-7.38375,107.94417,1168.000,171.48175
-7.39353,107.94104,1235.000,171.96258
-7.40330,107.93790,1288.000,172.14783
-7.41303,107.93477,991.000,172.27142
-7.42275,107.93166,866.000,172.19730
-7.43251,107.92853,906.000,171.91451
-7.44224,107.92541,813.000,171.67743
-7.45200,107.92226,753.000,172.47698
-7.46176,107.91911,713.000,176.16864
-7.47153,107.91594,667.000,179.75198
-7.48132,107.91279,598.000,183.06713
-7.49112,107.90964,634.000,187.58047
-7.50091,107.90650,808.000,190.86590
-7.51069,107.90337,1024.000,198.06989
-7.52047,107.90023,945.000,203.61605
-7.53026,107.89709,865.000,201.29733
-7.54006,107.89395,761.000,204.44758
-7.54984,107.89081,583.000,211.57045
-7.55959,107.88769,529.000,215.48968
-7.56937,107.88454,631.000,222.34139
-7.57921,107.88138,702.000,222.67778
-7.58912,107.87821,637.000,172.51661
-7.59904,107.87503,585.000,114.26794
-7.60895,107.87184,446.000,230.84992
-7.61885,107.86867,418.000,350.78615
-7.62872,107.86550,285.000,146.08489
-7.63859,107.86233,235.000,83.55995
-7.64846,107.85916,253.000,97.14114
-7.65836,107.85596,161.000,105.93894
-7.66827,107.85276,165.000,105.98199
-7.67821,107.84958,90.000,138.36096
-7.68819,107.84637,22.000,148.40578
-7.69814,107.84316,15.000,141.71597
-7.70806,107.83999,20.000,148.39185
-7.71798,107.83681,20.000,151.73067
-7.72790,107.83362,16.000,151.49191
-7.73780,107.83042,-4.673,151.48794
-7.74767,107.82722,-8.608,150.88738
-7.75753,107.82402,-21.861,149.24350
-7.76743,107.82083,-70.930,147.99306
-7.77733,107.81763,-93.472,143.08087
-7.78728,107.81443,-132.937,137.73627
-7.79726,107.81123,-227.911,133.37643
-7.09933,108.58838,398.000,16.02492
-7.09638,108.57902,335.000,18.92880
-7.09340,108.56965,362.000,41.33147
-7.09045,108.56027,502.000,55.73241
-7.08751,108.55092,730.000,66.32252
-7.08457,108.54158,518.000,68.61650
-7.08164,108.53227,475.000,68.39956
-7.07869,108.52293,562.000,63.74306
-7.07575,108.51357,558.000,60.00335
-7.07280,108.50419,441.000,55.62789
-7.06981,108.49478,488.000,58.67944
-7.06684,108.48538,395.000,64.69584
-7.06388,108.47598,354.000,78.40607
-7.06090,108.46660,361.000,80.90730
-7.05796,108.45729,385.000,81.67762
-7.05505,108.44806,432.000,79.67412
-7.05215,108.43889,504.000,77.05575
-7.04925,108.42976,754.000,74.86270
-7.04638,108.42063,871.000,74.09270
-7.04349,108.41148,769.000,70.74932
-7.04058,108.40229,753.000,63.80093
-7.03764,108.39307,755.000,54.93990
-7.03474,108.38384,703.000,41.36079
-7.03182,108.37463,591.000,28.51460
-7.02891,108.36542,584.000,41.19877
-7.02599,108.35622,581.000,132.45161
-7.02307,108.34703,580.000,178.34576
-7.02016,108.33785,579.000,89.44249
-7.01726,108.32864,588.000,18.29942
-7.01433,108.31941,582.000,29.57374
-7.01139,108.31015,584.000,45.34075
-7.00844,108.30087,659.000,56.97721
-7.00549,108.29160,640.000,67.98881
-7.00256,108.28232,777.000,76.21740
-6.99962,108.27303,663.000,70.23909
-6.99669,108.26374,579.000,68.11832
-6.99377,108.25446,452.000,68.30718
-6.99084,108.24518,380.000,65.65746
-6.98789,108.23589,372.000,60.38712
-6.98494,108.22661,390.000,66.07782
-6.98199,108.21730,397.000,78.22145
-6.97905,108.20802,482.000,72.49543
-6.97613,108.19880,524.000,63.37191
-6.97323,108.18962,516.000,63.86181
-6.97031,108.18046,505.000,64.30679
-6.96739,108.17129,504.000,67.33686
-6.96447,108.16207,553.000,71.17103
-6.96154,108.15280,560.000,74.32286
-6.95860,108.14351,575.000,75.36742
-6.95567,108.13424,490.000,75.86680
-6.95274,108.12498,340.000,75.86439
-6.94981,108.11573,302.000,75.96526
-6.94687,108.10647,286.000,70.31508
-6.94391,108.09716,264.000,62.68173
-6.94094,108.08777,254.000,51.61072
-6.93794,108.07833,295.000,51.38711
-6.93495,108.06888,338.000,59.46167
-6.93197,108.05946,452.000,65.71091
-6.92899,108.05006,539.000,71.85121
-6.92601,108.04068,604.000,80.89425
-6.92303,108.03128,719.000,90.64434
-6.92004,108.02184,658.000,100.64496
-6.91703,108.01238,765.000,108.56954
-6.91404,108.00291,1056.000,111.16843
-6.91105,107.99343,709.000,112.89017
-6.90805,107.98395,754.000,110.56621
-6.90504,107.97449,1025.000,101.99861
-6.90202,107.96500,957.000,96.30574
-6.89898,107.95550,817.000,116.18534
-6.89596,107.94598,608.000,119.25018
-6.89293,107.93645,556.000,93.81978
-6.88990,107.92689,643.000,83.86243
-6.88686,107.91733,542.000,82.60171
-6.88383,107.90778,682.000,84.00680
-6.88081,107.89825,753.000,87.73546
-6.87779,107.88871,725.000,91.60155
-6.87476,107.87917,659.000,94.53212
-6.87173,107.86961,683.000,97.89237
-6.86868,107.86003,767.000,102.43119
-6.86562,107.85042,805.000,107.40254
-6.86258,107.84080,886.000,107.85473
-6.85953,107.83118,936.000,109.57546
-6.85648,107.82155,1022.000,113.07017
-6.85339,107.81191,1062.000,122.71175
-6.85029,107.80223,1053.000,136.17477
-6.84720,107.79253,1107.000,146.80587
-6.84411,107.78279,1287.000,155.03990
-6.84102,107.77304,1380.000,165.23491
-6.83793,107.76329,1411.000,174.50594
-6.83483,107.75355,1610.000,179.46093
-6.83173,107.74381,1854.000,182.02941
-6.82862,107.73409,1542.000,189.45887
-6.82553,107.72438,1455.000,190.85350
-6.82245,107.71467,1506.000,191.85065
-6.81937,107.70498,1358.000,196.03948
-6.81632,107.69530,1243.000,190.74495
-6.81326,107.68563,1194.000,167.93784
-6.81018,107.67596,1184.000,169.97527
-6.80712,107.66632,1177.000,178.98724
-6.80405,107.65669,1196.000,175.26059
-6.80099,107.64706,1199.000,172.65968
-6.79791,107.63742,1498.000,167.79291
-6.79482,107.62776,1412.000,170.15636
-6.79172,107.61806,1389.000,173.45242
-6.78862,107.60836,1472.000,175.13843
-6.78553,107.59866,1569.000,175.25517
-6.78244,107.58898,1556.000,175.47999
-6.77936,107.57929,1510.000,176.55139
-6.77628,107.56962,1637.000,175.72637
-6.77319,107.55993,1923.000,170.43196
-6.77011,107.55024,1683.000,167.02251
-6.76705,107.54056,1536.000,152.85440
-6.76398,107.53088,1489.000,139.45478
-6.76092,107.52120,1225.000,131.41543
-6.75786,107.51157,962.000,122.89293
-6.75479,107.50194,946.000,112.91966
-6.75171,107.49231,906.000,104.70820
-6.74862,107.48269,852.000,97.46231
-6.74554,107.47305,848.000,88.66786
-6.74245,107.46339,770.000,80.52097
-6.73938,107.45373,713.000,72.86105
-6.73631,107.44406,634.000,65.98762
-6.73322,107.43438,626.000,59.24001
-6.73013,107.42469,621.000,73.11325
-6.72704,107.41500,558.000,79.42758
-6.72394,107.40531,518.000,66.19873
-6.72087,107.39566,450.000,58.68175
-6.71782,107.38604,391.000,58.10821
-6.71478,107.37647,296.000,59.48602
-6.71173,107.36690,348.000,61.69593
-6.70868,107.35734,317.000,64.37579
-6.70562,107.34776,298.000,66.72404
-6.70255,107.33816,216.000,68.00539
-6.69947,107.32855,225.000,69.58418
-6.69640,107.31892,281.000,71.15177
-6.69335,107.30928,281.000,73.43346
-6.69028,107.29964,317.000,76.84935
-6.68720,107.29000,384.000,80.78184
-6.68412,107.28035,510.000,85.03438
-6.68104,107.27069,336.000,87.36614
-6.67795,107.26103,355.000,90.07539
-6.67486,107.25135,367.000,92.70886
-6.67178,107.24166,411.000,95.69844
-6.66869,107.23198,462.000,98.52152
-6.66559,107.22229,603.000,101.21946
-6.66248,107.21259,626.000,102.86845
-6.65937,107.20289,577.000,103.38203
-7.18635,106.52736,466.000,194.52024
-7.18981,106.53819,471.000,244.46936
-7.19326,106.54904,459.000,324.88075
-7.19671,106.55990,421.000,249.82857
-7.20017,106.57075,398.000,184.76786
-7.20363,106.58162,398.000,191.83564
-7.20710,106.59251,395.000,186.54547
-7.21058,106.60342,379.000,180.71228
-7.21406,106.61436,341.000,180.97117
-7.21755,106.62532,387.000,197.24409
-7.22102,106.63628,368.000,226.83150
-7.22451,106.64724,402.000,262.24067
-7.22799,106.65819,381.000,287.86655
-7.23147,106.66912,399.000,301.65103
-7.23494,106.68004,426.000,271.96045
-7.23843,106.69098,459.000,260.75641
-7.24191,106.70193,469.000,255.89148
-7.24538,106.71286,549.000,233.54078
-7.24884,106.72377,487.000,218.63944
-7.25229,106.73466,414.000,210.82050
-7.25574,106.74554,384.000,213.72956
-7.25920,106.75643,256.000,220.22708
-7.26266,106.76733,205.000,228.34657
-7.26615,106.77825,304.000,232.01570
-7.26963,106.78918,297.000,231.45670
-7.27312,106.80012,372.000,229.10647
-7.27659,106.81105,380.000,228.90505
-7.28004,106.82196,322.000,230.69214
-7.28351,106.83285,280.000,234.43357
-7.28698,106.84375,275.000,245.44876
-7.29044,106.85467,293.000,254.66523
-7.29390,106.86559,357.000,261.66932
-7.29737,106.87651,258.000,258.82845
-7.30086,106.88745,322.000,250.38596
-7.30435,106.89840,310.000,237.37755
-7.30781,106.90935,320.000,228.98791
-7.31128,106.92029,221.000,227.09475
-7.31475,106.93121,260.000,235.22504
-7.31820,106.94212,95.000,235.15387
-7.32166,106.95300,107.000,231.65982
-7.32511,106.96389,286.000,234.99259
-7.32858,106.97477,307.000,234.63689
-7.33204,106.98565,259.000,233.84167
-7.33549,106.99653,149.000,234.56319
-7.33894,107.00741,140.000,235.62830
-7.34238,107.01828,166.000,235.13098
-7.34582,107.02915,194.000,220.58425
-7.34928,107.04005,156.000,196.11006
-7.35274,107.05097,177.000,170.14735
-7.35621,107.06191,258.000,172.56860
-7.35966,107.07285,218.000,172.05611
-7.36314,107.08380,146.000,147.72626
-7.36662,107.09480,202.000,126.65869
-7.37011,107.10581,173.000,141.62181
-7.37361,107.11684,178.000,162.29805
-7.37709,107.12787,216.000,175.06479
-7.38058,107.13890,161.000,182.49392
-7.38409,107.14993,77.000,185.79711
-7.38760,107.16096,171.000,187.42973
-7.39111,107.17199,196.000,189.29236
-7.39462,107.18303,63.000,192.56482
-7.39814,107.19409,255.000,189.75856
-7.40164,107.20518,192.000,184.38063
-7.40515,107.21628,106.000,177.62437
-7.40866,107.22740,56.000,173.21124
-7.41218,107.23853,67.000,167.59282
-7.41571,107.24968,67.000,158.58332
-7.41923,107.26084,97.000,147.62132
-7.42275,107.27198,176.000,138.41863
-7.42628,107.28312,195.000,129.82974
-7.42981,107.29427,179.000,119.02176
-7.43334,107.30542,221.000,107.73648
-7.43686,107.31658,217.000,105.24907
-7.44040,107.32774,258.000,136.40155
-7.44394,107.33890,189.000,140.68607
-7.44747,107.35004,119.000,99.43895
-7.45099,107.36116,176.000,79.12272
-7.45451,107.37227,137.000,72.54573
-7.45803,107.38337,171.000,61.08931
-7.46154,107.39447,194.000,61.63839
-7.46504,107.40556,226.000,68.46854
-7.46854,107.41662,199.000,87.02187
-7.47202,107.42764,137.000,114.25316
-7.47549,107.43865,138.000,134.92039
-7.47896,107.44962,155.000,149.98125
-7.48240,107.46055,143.000,157.74583
-7.48583,107.47144,91.000,160.81196
-7.48926,107.48230,212.000,157.69479
-7.49270,107.49316,189.000,151.78143
-7.49613,107.50403,278.000,147.10075
-7.49955,107.51490,194.000,146.64948
-7.50297,107.52577,191.000,153.65923
-7.50640,107.53661,217.000,161.61738
-7.50985,107.54746,304.000,169.97090
-7.51329,107.55831,129.000,177.67615
-7.51674,107.56916,269.000,182.00956
-7.52017,107.58001,210.000,175.22924
-7.52359,107.59085,286.000,159.84222
-7.52702,107.60170,237.000,144.03803
-7.53045,107.61259,137.000,139.27560
-7.53390,107.62350,294.000,144.41506
-7.53733,107.63441,292.000,152.64365
-7.54078,107.64533,210.000,161.81744
-7.54422,107.65626,326.000,168.70428
-7.54768,107.66720,293.000,174.59496
-7.55115,107.67816,353.000,175.62903
-7.55459,107.68911,273.000,175.11663
-7.55803,107.70003,365.000,171.91303
-7.56147,107.71094,247.000,165.04027
-7.56490,107.72184,442.000,159.27893
-7.56832,107.73274,375.000,165.23119
-7.57176,107.74366,438.000,151.11924
-7.57520,107.75457,240.000,131.55972
-7.57864,107.76548,274.000,114.78457
-7.58207,107.77638,195.000,93.05771
-7.58549,107.78727,352.000,99.85356
-7.58892,107.79812,487.000,157.30248
-7.59235,107.80896,286.000,221.48776
-7.59577,107.81979,369.000,299.98422
-7.59918,107.83061,358.000,335.56640
-7.60259,107.84142,184.000,248.21781
-7.60601,107.85226,243.000,221.57328
-7.60943,107.86310,295.000,286.99390
-7.61284,107.87395,515.000,272.26938
-7.61625,107.88477,334.000,182.34039
-7.61965,107.89558,204.000,168.51192
-7.62306,107.90640,498.000,157.81896
-7.62648,107.91722,234.000,162.64504
-7.62990,107.92804,156.000,172.39128
-7.63330,107.93888,384.000,185.57004
-7.63671,107.94973,456.000,200.98101
-7.64013,107.96061,340.000,196.36182
-7.64356,107.97152,442.000,195.30107
-7.64700,107.98247,391.000,193.20473
-7.65046,107.99345,339.000,189.95223
-7.65392,108.00446,344.000,167.59013
-7.65739,108.01547,287.000,165.67073
-7.66085,108.02650,170.000,175.49942
-7.66431,108.03755,208.000,188.07016
-7.66777,108.04859,268.000,181.90536
-7.67123,108.05963,216.000,168.27341
-7.67468,108.07065,201.000,169.56841
-7.67816,108.08165,197.000,174.12167
-7.68161,108.09263,189.000,166.94009
-7.68504,108.10359,187.000,152.48100
-7.68849,108.11457,264.000,150.76414
-7.69194,108.12558,238.000,162.10292
-7.69543,108.13663,222.000,157.23644
-7.69891,108.14770,154.000,133.60187
-7.70241,108.15877,171.000,94.78399
-7.70589,108.16985,190.000,106.98461
-7.70938,108.18093,180.000,146.06818
-7.71286,108.19200,156.000,164.22022
-7.71633,108.20307,185.000,137.49818
-7.71981,108.21415,161.000,75.92032
-7.72328,108.22525,123.000,101.56506
-7.72676,108.23635,86.000,127.79313
-7.73025,108.24749,133.000,130.40605
-7.73376,108.25866,80.000,140.65073
-7.73729,108.26987,104.000,145.95221
-7.74082,108.28108,106.000,145.44657
-7.74432,108.29230,110.000,144.94623
-7.74782,108.30351,112.000,144.66889
-7.75132,108.31471,67.000,122.28484
-7.75482,108.32589,72.000,120.63563
-7.75830,108.33703,122.000,135.25240
-7.76179,108.34815,124.000,148.83837
-7.76528,108.35923,102.000,129.02488
-7.76875,108.37029,117.000,104.21709
-7.77222,108.38133,96.000,110.20450
-7.77568,108.39240,65.000,137.54815
-7.77915,108.40346,70.000,136.60543
-7.78261,108.41450,71.000,130.63021
-7.65841,107.99989,207.000,148.76816
-7.64807,108.00315,336.000,180.40174
-7.63778,108.00642,416.000,160.90338
-7.62754,108.00967,277.000,161.93136
-7.61731,108.01292,397.000,172.81706
-7.60708,108.01616,535.000,164.18093
-7.59680,108.01943,387.000,165.80620
-7.58650,108.02270,431.000,173.64975
-7.57625,108.02595,572.000,176.77996
-7.56604,108.02920,529.000,183.01457
-7.55584,108.03244,495.000,199.16478
-7.54564,108.03569,580.000,195.39836
-7.53544,108.03892,446.000,173.78032
-7.52520,108.04218,445.000,155.06975
-7.51492,108.04547,558.000,131.54878
-7.50454,108.04877,691.000,116.32784
-7.49414,108.05206,749.000,121.29236
-7.48376,108.05536,634.000,124.05947
-7.47333,108.05866,505.000,111.87115
-7.46288,108.06197,396.000,98.23599
-7.45240,108.06529,415.000,102.92380
-7.44189,108.06864,429.000,111.38092
-7.43137,108.07198,466.000,117.51854
-7.42083,108.07532,502.000,115.26275
-7.41029,108.07864,458.000,112.63771
-7.39975,108.08195,465.000,110.30905
-7.38923,108.08528,437.000,107.85888
-7.37872,108.08861,441.000,106.56918
-7.36819,108.09196,429.000,106.48838
-7.35767,108.09531,428.000,107.00427
-7.34714,108.09865,439.000,108.12882
-7.33663,108.10199,463.000,108.46476
-7.32611,108.10533,477.000,108.53247
-7.31558,108.10866,494.000,109.01665
-7.30504,108.11199,510.000,110.14192
-7.29448,108.11535,540.000,111.39960
-7.28389,108.11870,544.000,112.45290
-7.27333,108.12204,565.000,112.52836
-7.26278,108.12536,594.000,111.75423
-7.25224,108.12869,689.000,109.99331
-7.24170,108.13205,684.000,109.08488
-7.23114,108.13540,739.000,108.60087
-7.22054,108.13876,754.000,109.02027
-7.20990,108.14214,742.000,107.83200
-7.19924,108.14553,675.000,105.25817
-7.18857,108.14891,650.000,100.79316
-7.17786,108.15232,595.000,95.89218
-7.16714,108.15570,542.000,91.59659
-7.15644,108.15910,487.000,89.90425
-7.14577,108.16247,479.000,90.70337
-7.13512,108.16585,473.000,93.70252
-7.12449,108.16921,504.000,97.53737
-7.11385,108.17259,527.000,101.97526
-7.10323,108.17597,744.000,106.40162
-7.09262,108.17934,795.000,110.32003
-7.08202,108.18269,889.000,113.70537
-7.07142,108.18605,822.000,117.73227
-7.06079,108.18942,853.000,119.79799
-7.05016,108.19279,894.000,119.20407
-7.03958,108.19614,809.000,116.72016
-7.02903,108.19947,856.000,110.85989
-7.01851,108.20280,820.000,105.27635
-7.00799,108.20612,656.000,101.97876
-6.99748,108.20944,480.000,95.62739
-6.98701,108.21277,450.000,81.53809
-6.97657,108.21606,421.000,80.40858
-6.96611,108.21936,321.000,81.90703
-6.95561,108.22270,305.000,75.76509
-6.94509,108.22602,419.000,74.12529
-6.93460,108.22935,526.000,75.73167
-6.92415,108.23265,291.000,73.72093
-6.91370,108.23596,313.000,71.89253
-6.90322,108.23928,486.000,69.08536
-6.89275,108.24260,468.000,62.05731
-6.88233,108.24589,433.000,53.92368
-6.87192,108.24918,284.000,44.41849
-6.86147,108.25247,247.000,37.00944
-6.85100,108.25577,237.000,30.90260
-6.84052,108.25910,216.000,26.17569
-6.83004,108.26242,168.000,20.73955
-6.81958,108.26573,125.000,14.88356
-6.80915,108.26902,103.000,10.00098
-6.79873,108.27230,95.000,6.05326
-6.78833,108.27559,88.000,4.74394
-6.77794,108.27887,71.000,5.18721
-6.76755,108.28215,64.000,7.80159
-6.75713,108.28543,64.000,11.18626
-6.74668,108.28875,61.000,14.29131
-6.73621,108.29207,52.000,16.24423
-6.72574,108.29539,49.000,17.31475
-6.71526,108.29871,43.000,17.87419
-6.70478,108.30202,39.000,18.90041
-6.69431,108.30533,33.000,20.45264
-6.68387,108.30863,30.000,21.87518
-6.67344,108.31195,27.000,22.66623
-6.66303,108.31525,25.000,21.90371
-6.65264,108.31853,23.000,19.15673
-6.64229,108.32181,25.000,18.07531
-6.27879,108.74130,-28.168,18.74152
-6.27582,108.73196,-29.131,-1.05264
-6.27286,108.72261,-30.695,8.57390
-6.26990,108.71327,-33.176,21.97277
-6.26694,108.70397,-33.722,27.84703
-6.26399,108.69467,-31.407,29.12757
-6.26103,108.68536,-29.735,29.24543
-6.25807,108.67603,-30.155,27.80465
-6.25509,108.66669,-31.453,25.79097
-6.25213,108.65736,-36.509,26.62695
-6.24917,108.64804,-38.527,26.81620
-6.24623,108.63872,-38.654,26.58861
-6.24327,108.62940,-40.341,26.44946
-6.24032,108.62009,-41.346,26.40660
-6.23735,108.61078,-41.141,24.00216
-6.23441,108.60146,-36.695,19.72319
-6.23147,108.59215,-31.979,20.86078
-6.22851,108.58285,-30.382,23.45597
-6.22556,108.57355,-29.015,25.63145
-6.22261,108.56426,-30.979,27.28697
-6.21965,108.55496,-31.974,28.36627
-6.21668,108.54565,-30.934,28.85233
-6.21372,108.53631,-30.847,29.18417
-6.21074,108.52694,-29.746,29.45881
-6.20777,108.51754,-28.689,29.74712
-6.20477,108.50812,-29.807,30.14634
-6.20177,108.49870,-31.142,30.69891
-6.19876,108.48927,-31.216,31.76188
-6.19575,108.47984,-30.624,32.96726
-6.19277,108.47042,-32.528,34.17126
-6.18979,108.46101,-33.262,35.28023
-6.18681,108.45162,-33.721,36.37272
-6.18381,108.44222,-34.136,36.71942
-6.18083,108.43284,-34.217,36.66443
-6.17786,108.42347,-33.260,35.80825
-6.17490,108.41412,-31.818,35.02760
-6.17195,108.40480,-31.310,34.26478
-6.16898,108.39551,-31.674,34.56528
-6.16604,108.38622,-31.144,36.24896
-6.16309,108.37694,-30.574,38.13715
-6.16012,108.36764,-33.024,40.19657
-6.15715,108.35832,-36.173,39.26126
-6.15416,108.34898,-34.516,38.46055
-6.15118,108.33962,-31.989,35.87696
-6.14821,108.33024,-30.271,32.75678
-6.14523,108.32086,-29.802,29.96777
-6.14226,108.31149,-29.508,29.00350
-6.13928,108.30215,-29.207,29.05975
-6.13632,108.29281,-27.130,30.22033
-6.13336,108.28346,-25.391,31.69033
-6.13038,108.27410,-26.325,33.18246
-6.12739,108.26471,-27.354,34.29877
-6.12438,108.25530,-27.798,33.84148
-6.12137,108.24587,-28.962,32.67552
-6.11835,108.23642,-30.477,30.53437
-6.11534,108.22698,-30.716,27.97555
-6.11233,108.21755,-29.879,25.70350
-6.10933,108.20814,-29.190,28.27753
-6.10634,108.19873,-29.628,28.52468
-6.10334,108.18931,-29.780,20.98623
-6.10046,108.17985,-30.979,16.12369
-6.09742,108.17042,-30.151,19.52174
-6.09436,108.16098,-29.516,23.74429
-6.09131,108.15152,-30.913,28.26122
-6.08829,108.14205,-33.545,31.81592
-6.08529,108.13259,-30.462,34.90853
-6.08229,108.12315,-29.184,34.19200
-6.07928,108.11373,-28.170,32.78486
-6.07626,108.10430,-28.368,30.73313
-6.07324,108.09484,-31.731,29.65339
-6.07024,108.08534,-32.285,29.02132
-6.06721,108.07583,-32.410,29.21336
-6.06418,108.06630,-31.404,30.93508
-6.06115,108.05681,-31.164,32.20648
-6.05812,108.04732,-31.835,32.82098
-6.05509,108.03781,-32.208,33.13124
-6.05207,108.02830,-34.801,32.97303
-6.04903,108.01878,-35.173,32.38826
-6.04599,108.00923,-35.553,31.77431
-6.04296,107.99969,-36.754,31.29170
-6.03993,107.99018,-36.481,30.59875
-6.03690,107.98066,-35.464,29.73374
-6.03385,107.97114,-35.011,28.84374
-6.03081,107.96162,-37.014,29.65481
-6.02778,107.95208,-36.999,31.84015
-6.02474,107.94253,-35.406,37.48430
-6.02169,107.93297,-33.542,42.21376
-6.01863,107.92341,-33.623,37.85481
-6.01558,107.91384,-33.572,34.47900
-6.01251,107.90427,-33.321,34.70032
-6.00945,107.89468,-33.657,34.02093
-6.00639,107.88508,-22.163,32.93121
-6.00332,107.87548,-13.913,32.66048
-6.00026,107.86591,-27.613,32.62764
-5.99720,107.85633,-37.496,34.01554
-5.99415,107.84674,-36.760,35.28161
-5.99109,107.83716,-34.269,36.33755
-5.98803,107.82759,-33.763,36.70396
-5.98498,107.81802,-34.003,36.69670
-5.98193,107.80846,-35.537,36.28983
-5.97888,107.79891,-37.152,35.87275
-5.97582,107.78935,-37.584,35.86753
-5.97278,107.77980,-36.458,36.03468
-5.96973,107.77024,-35.866,36.36803
-5.96668,107.76069,-34.938,36.78088
-5.96364,107.75113,-34.922,37.00781
-5.96059,107.74160,-34.314,36.74770
-5.95753,107.73208,-35.461,36.37325
-5.95449,107.72257,-35.549,35.84830
-5.95146,107.71307,-28.061,35.35713
-5.94842,107.70359,-12.609,34.79933
-5.94538,107.69413,-3.309,34.15427
-5.94234,107.68467,-6.079,33.38053
-5.93934,107.67522,-15.373,31.97325
-5.93634,107.66578,-26.982,31.63362
-5.93334,107.65633,-32.053,34.51401
-5.93031,107.64689,-33.838,35.97562
-5.92730,107.63747,-36.825,36.06219
-5.92431,107.62808,-38.102,36.47560
-5.92132,107.61873,-38.950,37.00645
-6.77497,107.26202,226.000,67.61055
-6.78441,107.25901,253.000,68.48354
-6.79386,107.25603,252.000,68.02142
-6.80329,107.25306,247.000,67.64367
-6.81274,107.25007,264.000,67.09687
-6.82218,107.24708,268.000,67.12906
-6.83163,107.24410,276.000,68.17532
-6.84106,107.24111,281.000,71.08940
-6.85052,107.23812,298.000,75.09828
-6.85998,107.23513,312.000,81.13721
-6.86948,107.23213,329.000,87.95703
-6.87899,107.22911,339.000,95.20628
-6.88855,107.22608,373.000,101.79131
-6.89812,107.22304,363.000,107.48077
-6.90772,107.22002,402.000,111.56204
-6.91732,107.21700,561.000,115.26182
-6.92690,107.21395,478.000,118.01926
-6.93648,107.21093,457.000,121.69822
-6.94612,107.20791,750.000,127.10462
-6.95575,107.20486,506.000,133.03847
-6.96538,107.20182,489.000,140.48002
-6.97501,107.19877,732.000,149.38866
-6.98464,107.19571,670.000,157.59151
-6.99427,107.19267,625.000,164.06812
-7.00391,107.18963,705.000,169.03393
-7.01352,107.18659,754.000,171.60113
-7.02318,107.18353,938.000,171.98745
-7.03286,107.18047,1035.000,170.79678
-7.04253,107.17740,860.000,171.55210
-7.05219,107.17435,952.000,172.46404
-7.06186,107.17130,978.000,175.65871
-7.07150,107.16823,1066.000,179.27655
-7.08118,107.16516,1056.000,184.24246
-7.09089,107.16209,1073.000,189.06054
-7.10061,107.15902,1190.000,192.43619
-7.11033,107.15593,1135.000,194.85601
-7.12004,107.15283,1074.000,195.73176
-7.12977,107.14974,878.000,194.86519
-7.13952,107.14665,745.000,191.66084
-7.14930,107.14354,739.000,187.22436
-7.15907,107.14045,571.000,183.27584
-7.16887,107.13735,579.000,180.00888
-7.17870,107.13425,581.000,179.33561
-7.18854,107.13114,527.000,180.77589
-7.19839,107.12802,496.000,184.16658
-7.20823,107.12490,420.000,187.36203
-7.21808,107.12178,345.000,191.25947
-7.22791,107.11867,406.000,193.79183
-7.23775,107.11554,444.000,194.99116
-7.24764,107.11238,495.000,194.20718
-7.25758,107.10923,277.000,192.96300
-7.26752,107.10609,265.000,192.13033
-7.27746,107.10296,346.000,193.36416
-7.28742,107.09980,494.000,194.57856
-7.29739,107.09663,547.000,196.53036
-7.30735,107.09348,512.000,202.94931
-7.31732,107.09032,466.000,211.30434
-7.32730,107.08716,434.000,217.98883
-7.33730,107.08399,395.000,222.30477
-7.34735,107.08080,261.000,210.66731
-7.35742,107.07762,149.000,176.76104
-7.36746,107.07445,102.000,158.88110
-7.37747,107.07128,111.000,186.94162
-7.38745,107.06811,124.000,199.62825
-7.39745,107.06494,59.000,190.72766
-7.40745,107.06177,54.000,184.38832
-7.41745,107.05861,73.000,180.18661
-7.42746,107.05544,44.000,179.53142
-7.43747,107.05228,43.000,178.31709
-7.44747,107.04911,9.000,176.25508
-7.45748,107.04594,-12.630,172.94082
-7.46751,107.04277,-51.423,169.24588
-7.47756,107.03960,-76.730,166.12696
-7.48760,107.03642,-132.768,163.76064
-7.49766,107.03322,-179.836,162.53533
-7.50774,107.03000,-260.602,162.58657
-7.51783,107.02679,-389.992,162.56053
-7.52792,107.02360,-485.210,160.93239
-7.53805,107.02039,-654.862,158.00332
-7.54819,107.01715,-786.788,153.12944
-7.55832,107.01395,-917.775,144.65358
-7.56846,107.01074,-1141.790,135.63638
-7.57860,107.00753,-1304.438,125.25635
-7.58872,107.00430,-1567.206,115.37031
-7.59885,107.00107,-1749.062,104.59467
-7.60897,106.99785,-2005.490,97.85274
-7.61910,106.99464,-2131.962,91.36590
-7.62921,106.99145,-2089.087,86.28940
-7.63930,106.98826,-2078.418,81.40007
-7.64938,106.98506,-2104.956,76.78754
-7.69292,107.11630,-1810.110,60.38862
-7.68288,107.11950,-1691.413,68.03594
-7.67287,107.12269,-1609.905,75.89191
-7.66291,107.12586,-1526.405,81.96863
-7.65297,107.12902,-1412.895,86.21100
-7.64300,107.13219,-1329.255,91.19845
-7.63299,107.13535,-1202.857,97.14740
-7.62297,107.13853,-1108.339,105.93276
-7.61297,107.14172,-1007.607,115.12955
-7.60295,107.14490,-869.130,125.25099
-7.59292,107.14808,-759.185,135.19358
-7.58290,107.15126,-614.350,144.92571
-7.57291,107.15444,-525.127,151.68068
-7.56290,107.15761,-455.865,157.58465
-7.55287,107.16080,-358.822,161.56116
-7.54282,107.16398,-298.771,163.84623
-7.53279,107.16717,-214.943,164.66132
-7.52278,107.17036,-167.467,164.08990
-7.51278,107.17353,-118.432,163.20928
-7.50280,107.17669,-59.817,162.06311
-7.49281,107.17986,-31.035,161.14145
-7.48282,107.18304,1.974,159.72916
-7.47283,107.18623,11.000,160.77022
-7.46283,107.18941,18.000,161.34404
-7.45283,107.19257,50.000,161.04699
-7.44282,107.19575,91.000,160.59196
-7.43279,107.19893,117.000,159.70851
-7.42276,107.20211,154.000,160.48527
-7.41273,107.20529,188.000,168.61211
-7.40270,107.20847,187.000,181.79193
-7.39269,107.21167,269.000,176.36768
-7.38268,107.21486,333.000,164.77807
-7.37267,107.21804,393.000,167.56298
-7.36267,107.22121,438.000,171.50262
-7.35267,107.22439,454.000,174.67932
-7.34267,107.22757,501.000,177.32509
-7.33265,107.23076,551.000,179.28105
-7.32263,107.23395,530.000,181.80537
-7.31262,107.23712,649.000,184.93902
-7.30264,107.24028,701.000,189.03751
-7.29266,107.24344,619.000,194.20149
-7.28267,107.24661,877.000,197.49312
-7.27265,107.24977,949.000,202.55688
-7.26266,107.25294,783.000,208.78444
-7.25265,107.25610,787.000,213.81080
-7.24265,107.25927,964.000,217.02711
-7.23265,107.26245,1053.000,220.51610
-7.22264,107.26563,1125.000,222.65096
-7.21263,107.26881,1208.000,224.49551
-7.20265,107.27197,1016.000,227.95437
-7.19269,107.27513,1049.000,230.68438
-7.18274,107.27829,1224.000,232.18265
-7.17276,107.28145,1304.000,235.66009
-7.16274,107.28463,1380.000,239.68850
-7.15269,107.28782,1359.000,245.81694
-7.14260,107.29101,1501.000,249.76365
-7.13251,107.29420,1710.000,251.76390
-7.12242,107.29738,1648.000,255.90368
-7.11235,107.30058,1525.000,258.50215
-7.10228,107.30380,1564.000,255.40272
-7.09222,107.30700,1711.000,247.41709
-7.08217,107.31021,1728.000,239.11580
-7.07210,107.31340,1621.000,229.02958
-7.06199,107.31660,1462.000,217.87110
-7.05188,107.31980,1324.000,205.31271
-7.04173,107.32301,1099.000,194.28443
-7.03154,107.32623,1135.000,181.94088
-7.02133,107.32947,1063.000,172.30434
-7.01113,107.33272,982.000,164.21161
-7.00093,107.33595,926.000,158.45758
-6.99071,107.33919,815.000,154.04969
-6.98045,107.34243,799.000,149.95948
-6.97019,107.34568,920.000,146.46004
-6.95996,107.34893,781.000,142.13168
-6.94972,107.35218,721.000,137.46076
-6.93947,107.35544,728.000,132.06036
-6.92917,107.35869,656.000,126.79054
-6.91885,107.36194,719.000,122.17680
-6.90851,107.36521,635.000,117.36389
-6.89816,107.36847,777.000,113.40273
-6.88781,107.37176,748.000,108.35102
-6.87743,107.37505,732.000,103.29693
-6.86704,107.37834,578.000,97.85243
-6.85664,107.38163,473.000,91.99375
-6.84623,107.38492,449.000,86.63531
-6.83581,107.38822,443.000,81.71042
-6.82537,107.39152,414.000,78.05554
-6.81491,107.39485,394.000,75.30993
-6.80442,107.39818,428.000,74.37957
-6.79392,107.40151,475.000,74.91338
-6.78340,107.40482,516.000,76.45119
-6.77284,107.40814,484.000,79.33064
-6.76226,107.41147,499.000,82.72761
-6.75166,107.41484,538.000,87.70970
-6.74104,107.41819,602.000,85.34430
-6.73042,107.42156,621.000,77.11214
-6.71978,107.42496,588.000,75.56207
-6.70911,107.42836,600.000,78.37367
-6.69844,107.43173,540.000,80.66754
-6.68776,107.43508,586.000,77.36931
-6.67707,107.43847,537.000,73.62438
-6.66638,107.44187,449.000,70.18043
-6.65568,107.44526,394.000,68.24775
-6.64501,107.44863,275.000,65.76105
-6.63433,107.45201,202.000,62.82531
-6.62362,107.45538,173.000,60.11194
-6.61290,107.45877,132.000,57.35586
-6.60217,107.46215,140.000,54.74553
-6.59143,107.46553,173.000,52.45913
-6.58069,107.46892,158.000,50.21048
-6.56994,107.47234,142.000,48.08129
-6.55920,107.47575,97.000,46.00268
-6.54846,107.47916,100.000,44.23530
-6.53772,107.48255,107.000,42.61308
-6.52696,107.48593,84.000,41.08568
-6.51619,107.48934,71.000,39.87607
-6.50539,107.49275,68.000,39.09445
-6.49457,107.49619,73.000,38.57027
-6.48375,107.49961,90.000,38.28210
-6.47292,107.50303,86.000,37.16862
-6.46210,107.50648,77.000,35.68845
-6.45131,107.50991,74.000,33.77056
-6.44051,107.51333,65.000,31.22732
-6.42972,107.51674,51.000,28.52190
-6.41897,107.52012,41.000,25.86123
-6.40824,107.52350,37.000,24.14083
-6.39751,107.52687,35.000,23.02812
-6.38677,107.53026,33.000,23.11193
-6.37603,107.53367,30.000,24.15256
-6.36528,107.53708,28.000,25.83819
-6.35450,107.54050,26.000,27.66223
-6.34371,107.54390,24.000,29.19256
-6.33296,107.54729,18.000,30.55865
-6.32224,107.55070,16.000,30.92636
-6.31153,107.55410,15.000,30.79073
-6.30085,107.55745,13.000,30.44489
-6.29018,107.56083,10.000,30.14817
-6.27951,107.56420,9.000,29.96806
-6.26886,107.56756,10.000,30.01824
-6.25819,107.57093,7.000,30.40541
-6.24753,107.57431,5.000,30.89682
-6.23688,107.57766,5.000,31.57093
-6.22625,107.58100,0.000,32.39634
-6.21564,107.58434,-1.000,33.41114
-6.20505,107.58768,1.000,34.70366
-6.19444,107.59103,-1.000,36.24456
-6.18382,107.59439,-1.008,38.08899
-6.17321,107.59773,-2.415,40.01388
-6.16262,107.60106,-4.806,41.69990
-6.15205,107.60441,-8.000,42.62736
-6.14154,107.60775,-10.738,42.62492
-6.13107,107.61106,-10.808,42.09151
-6.12061,107.61437,-7.728,40.43125
-6.11011,107.61768,-7.189,38.04145
-6.09963,107.62097,-10.312,35.12113
-6.08916,107.62428,-14.650,32.47456
-6.07869,107.62760,-21.549,30.09475
-6.06819,107.63091,-24.109,28.14444
-6.05767,107.63424,-24.996,27.62725
-6.04715,107.63757,-25.487,27.95164
-6.03660,107.64090,-25.567,29.12504
-6.02603,107.64421,-25.689,30.42673
-6.01546,107.64753,-25.916,31.95989
-6.00491,107.65085,-27.598,33.00364
-5.99436,107.65419,-30.086,32.99835
-5.98383,107.65753,-29.810,32.44907
-5.97332,107.66086,-32.220,31.10263
-5.96280,107.66417,-33.201,29.69417
-5.95226,107.66749,-27.584,28.37579
-5.94173,107.67080,-24.408,30.82253
-5.93121,107.67410,-20.980,32.73951
-5.92071,107.67742,-24.650,33.19987
-5.91021,107.68072,-27.863,35.47510
-5.89971,107.68403,-31.412,39.20105
-5.88921,107.68733,-33.238,42.35831
-5.87872,107.69064,-34.505,44.16598
-5.86823,107.69396,-36.460,44.53602
-5.85771,107.69728,-41.679,42.34250
-5.84719,107.70060,-44.294,39.59439
-5.83668,107.70392,-44.150,37.84899
-5.82616,107.70724,-45.091,41.29822
-5.81565,107.71057,-45.610,47.56503
-5.80515,107.71389,-46.013,54.58665
-6.03665,107.78700,-31.812,31.61850
-6.04682,107.78381,-32.830,31.74737
-6.05700,107.78061,-31.662,33.81058
-6.06718,107.77741,-27.896,36.19879
-6.07734,107.77419,-24.327,37.86889
-6.08749,107.77097,-20.766,38.44341
-6.09762,107.76777,-14.933,37.67164
-6.10773,107.76457,-12.022,35.79074
-6.11784,107.76139,-10.321,33.85840
-6.12796,107.75819,-11.644,33.01064
-6.13809,107.75499,-14.701,32.93341
-6.14820,107.75179,-14.298,33.84199
-6.15830,107.74860,-12.705,34.55654
-6.16841,107.74540,-11.806,35.17746
-6.17853,107.74219,-8.866,35.31866
-6.18867,107.73900,-6.606,35.87822
-6.19880,107.73581,-6.394,36.69224
-6.20891,107.73262,-4.578,37.57653
-6.21901,107.72943,-3.477,37.83749
-6.22911,107.72625,-3.215,36.78043
-6.23921,107.72306,-1.251,35.04729
-6.24930,107.71990,2.000,32.32998
-6.25938,107.71672,1.000,33.06857
-6.26946,107.71353,2.000,36.99832
-6.27955,107.71034,5.000,45.10341
-6.28967,107.70715,6.000,51.95687
-6.29975,107.70396,7.000,58.46795
-6.30975,107.70080,7.000,55.09479
-6.31962,107.69768,9.000,47.12846
-6.32944,107.69460,7.000,33.93316
-6.33929,107.69149,8.000,24.04847
-6.34918,107.68835,9.000,16.33353
-6.35911,107.68521,11.000,15.64509
-6.36906,107.68206,12.000,17.30167
-6.37900,107.67890,15.000,21.46992
-6.38895,107.67574,18.000,24.48621
-6.39890,107.67261,20.000,26.62471
-6.40886,107.66947,18.000,27.48621
-6.41880,107.66633,24.000,27.86272
-6.42871,107.66321,32.000,28.22206
-6.43858,107.66010,42.000,28.40656
-6.44845,107.65698,51.000,28.40566
-6.45835,107.65384,58.000,28.32342
-6.46826,107.65070,69.000,28.24637
-6.47819,107.64756,77.000,28.38959
-6.48811,107.64443,87.000,28.25121
-6.49802,107.64130,105.000,27.94781
-6.50790,107.63819,103.000,26.54459
-6.51776,107.63505,113.000,25.02457
-6.52763,107.63195,97.000,23.23948
-6.53748,107.62883,104.000,23.04511
-6.54733,107.62573,145.000,24.53445
-6.55718,107.62261,159.000,27.59089
-6.56703,107.61949,181.000,31.41662
-6.57686,107.61635,162.000,34.22287
-6.58666,107.61326,145.000,35.64524
-6.59641,107.61021,131.000,35.55728
-6.60614,107.60714,179.000,36.00197
-6.61586,107.60407,298.000,37.20791
-6.62559,107.60099,327.000,40.41907
-6.63528,107.59789,456.000,45.37930
-6.64502,107.59481,518.000,51.61382
-6.65480,107.59173,589.000,58.66401
-6.66454,107.58861,648.000,66.31876
-6.67432,107.58554,733.000,75.30397
-6.68408,107.58245,724.000,85.58753
-6.69381,107.57938,832.000,99.27711
-6.70352,107.57630,1012.000,113.27164
-6.71321,107.57324,1291.000,127.66240
-6.72293,107.57017,1418.000,143.65797
-6.73266,107.56708,1606.000,158.99851
-6.74238,107.56400,1702.000,170.85748
-6.75211,107.56092,1829.000,176.71628
-6.76186,107.55782,1493.000,176.76062
-6.77165,107.55471,1934.000,167.51128
-6.78147,107.55160,1594.000,170.38560
-6.79132,107.54848,1334.000,163.19256
-6.80120,107.54536,1133.000,151.49467
-6.81110,107.54223,1150.000,140.35108
-6.82101,107.53909,1091.000,131.28144
-6.83092,107.53597,1003.000,124.29705
-6.84085,107.53285,888.000,119.58627
-6.85075,107.52973,777.000,115.92522
-6.86064,107.52659,748.000,112.57320
-6.87054,107.52344,733.000,110.92196
-6.88047,107.52030,759.000,111.03569
-6.89042,107.51715,734.000,111.84087
-6.90039,107.51399,796.000,113.62843
-6.91037,107.51083,688.000,114.69728
-6.92038,107.50766,672.000,117.13772
-6.93041,107.50449,659.000,119.86532
-6.94043,107.50132,668.000,123.35608
-6.95047,107.49815,677.000,127.12980
-6.96052,107.49498,746.000,131.75874
-6.97057,107.49180,842.000,135.73212
-6.98061,107.48861,1071.000,139.13385
-6.99066,107.48541,994.000,142.90045
-7.00074,107.48222,912.000,146.74010
-7.01085,107.47904,994.000,151.97008
-7.02095,107.47586,977.000,157.88339
-7.03103,107.47267,1119.000,165.52840
-7.04113,107.46945,1153.000,172.35038
-7.05128,107.46622,1299.000,179.79839
-7.06146,107.46298,1120.000,181.49351
-7.07167,107.45974,1095.000,183.27495
-7.08186,107.45650,1139.000,184.49632
-7.09209,107.45326,1167.000,184.12280
-7.10234,107.44999,1217.000,183.17138
-7.11260,107.44673,1227.000,181.76637
-7.12285,107.44349,1297.000,181.18696
-7.13311,107.44024,1384.000,179.69782
-7.14339,107.43699,1560.000,182.77272
-7.15367,107.43387,1658.000,188.88302
-7.16393,107.43066,1777.000,204.12189
-7.17416,107.42734,1900.000,221.56782
-7.18438,107.42406,1972.000,237.95160
-7.19461,107.42079,1930.000,250.38341
-7.20488,107.41752,1732.000,259.25595
-7.21516,107.41425,1652.000,258.49571
-7.22544,107.41099,1534.000,253.70282
-7.23572,107.40773,1525.000,246.24510
-7.24600,107.40447,1533.000,239.21889
-7.25629,107.40121,1553.000,233.40541
-7.26658,107.39793,1576.000,229.26330
-7.27687,107.39467,1458.000,227.38821
-7.28714,107.39140,1276.000,225.36852
-7.29746,107.38813,1239.000,221.29064
-7.30779,107.38486,1200.000,216.58809
-7.31813,107.38158,958.000,213.39354
-7.32848,107.37828,752.000,210.22941
-7.33883,107.37501,989.000,203.69969
-7.34919,107.37172,876.000,199.45126
-7.35955,107.36843,683.000,196.74173
-7.36991,107.36515,435.000,193.96836
-7.38029,107.36185,355.000,188.07154
-7.39066,107.35857,552.000,184.71855
-7.40102,107.35528,375.000,187.48644
-7.41141,107.35199,269.000,193.17326
-7.42182,107.34869,267.000,189.98262
-7.43225,107.34539,176.000,172.05704
-7.44269,107.34207,201.000,138.08511
-7.45316,107.33872,182.000,139.29038
-7.46364,107.33540,114.000,178.99438
-7.47412,107.33208,86.000,179.81565
-7.48461,107.32876,33.000,163.24277
-7.49508,107.32544,5.000,154.88568
-7.50552,107.32212,-9.524,150.22816
-7.51598,107.31879,-9.741,147.70955
-7.52646,107.31544,-15.700,144.65517
-7.53698,107.31211,-35.172,139.96772
-7.54751,107.30879,-107.280,134.28191
-7.55801,107.30547,-178.659,129.67842
-7.56851,107.30214,-315.866,125.51131
-7.57899,107.29880,-419.938,123.44675
-7.58947,107.29545,-582.339,121.55359
-7.59995,107.29210,-689.439,119.81657
-7.61042,107.28877,-850.731,116.40855
-7.62085,107.28546,-1010.555,112.30697
-7.63127,107.28217,-1111.779,106.76276
-7.64170,107.27886,-1259.704,99.28930
-7.65213,107.27555,-1358.812,92.22904
-7.66255,107.27222,-1480.313,85.44040
-7.67300,107.26890,-1560.708,80.26442
-7.68348,107.26558,-1694.700,76.37767
-7.69395,107.26225,-1779.989,76.27090
-7.70440,107.25893,-1809.192,76.32315
-7.60003,106.27082,-2090.462,85.87444
-7.58951,106.27414,-1752.187,100.93604
-7.57897,106.27747,-1388.445,114.39867
-7.56844,106.28081,-1148.920,128.56943
-7.55790,106.28414,-882.497,140.48410
-7.54734,106.28748,-777.173,152.46462
-7.53674,106.29084,-675.500,162.55966
-7.52611,106.29422,-636.105,171.85477
-7.51546,106.29759,-542.916,179.30261
-7.50480,106.30097,-460.531,185.19982
-7.49414,106.30435,-357.541,189.47088
-7.48351,106.30772,-316.647,193.75371
-7.47293,106.31108,-257.153,197.19971
-7.46239,106.31443,-237.323,200.97520
-7.45188,106.31777,-250.454,205.04601
-7.44137,106.32109,-232.936,209.57422
-7.43085,106.32443,-206.044,214.14236
-7.42033,106.32776,-183.663,219.12328
-7.40980,106.33108,-167.464,224.07895
-7.39926,106.33440,-143.915,228.59821
-7.38873,106.33773,-129.865,232.24448
-7.37820,106.34106,-112.474,234.93786
-7.36766,106.34438,-104.892,236.95214
-7.35711,106.34773,-101.358,238.24969
-7.34656,106.35106,-104.059,239.05568
-7.33598,106.35441,-104.089,239.15225
-7.32538,106.35776,-91.710,239.15092
-7.31476,106.36114,-66.256,239.23837
-7.30412,106.36450,-43.338,239.62276
-7.29349,106.36786,-16.555,239.60385
-7.28288,106.37122,20.000,238.84702
-7.27226,106.37458,5.210,238.35156
-7.26165,106.37793,25.809,237.65849
-7.25103,106.38129,21.000,237.09843
-7.24039,106.38465,61.000,235.44961
-7.22971,106.38802,35.000,233.38809
-7.21898,106.39143,38.000,230.59675
-7.20822,106.39483,29.017,226.84427
-7.19745,106.39824,76.000,221.76359
-7.18669,106.40166,42.935,215.51978
-7.17595,106.40507,16.888,207.61436
-7.16521,106.40846,-19.413,198.69779
-7.15447,106.41185,-37.127,188.09987
-7.14372,106.41524,-83.446,176.91182
-7.13297,106.41862,-162.018,165.04119
-7.12222,106.42201,-207.706,153.19252
-7.11148,106.42541,-271.208,142.35942
-7.10076,106.42880,-327.461,132.36746
-7.09004,106.43218,-342.223,124.35988
-7.07931,106.43556,-322.146,118.60951
-7.06856,106.43895,-311.144,114.91954
-7.05781,106.44236,-299.060,112.55311
-7.04706,106.44576,-314.205,110.62997
-7.03633,106.44916,-278.071,109.70722
-7.02562,106.45255,-234.862,109.77974
-7.01491,106.45595,-176.853,110.38515
-7.00422,106.45936,-131.940,111.29827
-6.99353,106.46275,-86.055,112.85291
-6.98285,106.46613,-53.165,115.08545
-6.97217,106.46948,-32.833,119.27375
-6.96147,106.47286,13.000,124.71669
-6.95076,106.47623,70.000,131.28364
-6.94004,106.47961,74.000,138.66525
-6.92929,106.48300,134.000,146.92530
-6.91854,106.48640,219.000,155.76595
-6.90783,106.48980,238.000,164.65228
-6.89713,106.49319,331.000,173.66930
-6.88644,106.49655,578.000,182.10398
-6.87572,106.49993,563.000,190.84246
-6.86496,106.50332,682.000,198.67347
-6.85418,106.50673,728.000,206.01773
-6.84336,106.51015,909.000,211.45878
-6.83253,106.51359,1058.000,215.90090
-6.82168,106.51702,1273.000,217.53159
-6.81086,106.52043,1295.000,218.66948
-6.80008,106.52385,1245.000,218.79174
-6.78931,106.52725,1231.000,217.07159
-6.77858,106.53063,1383.000,212.94319
-6.76790,106.53398,1435.000,209.40216
-6.75723,106.53735,1268.000,207.93876
-6.74655,106.54071,1082.000,204.33558
-6.73587,106.54408,973.000,196.68453
-6.72519,106.54745,953.000,182.33197
-6.71450,106.55081,970.000,162.86586
-6.70381,106.55418,889.000,136.03234
-6.69313,106.55754,714.000,114.65461
-6.68247,106.56090,628.000,98.40714
-6.67184,106.56426,746.000,117.47706
-6.66123,106.56761,526.000,159.84337
-6.65060,106.57096,604.000,218.13054
-6.79593,106.67200,761.000,157.32744
-6.80534,106.66904,672.000,161.77265
-6.81479,106.66610,656.000,170.79430
-6.82423,106.66315,625.000,171.57659
-6.83367,106.66022,610.000,171.41941
-6.84311,106.65729,610.000,165.14792
-6.85256,106.65435,593.000,160.10618
-6.86201,106.65143,563.000,155.94902
-6.87145,106.64849,512.000,155.55502
-6.88090,106.64553,528.000,158.61890
-6.89036,106.64258,550.000,163.27466
-6.89983,106.63964,536.000,167.95437
-6.90930,106.63670,501.000,172.81624
-6.91876,106.63376,435.000,176.86344
-6.92822,106.63080,380.000,177.28751
-6.93768,106.62785,381.000,172.83427
-6.94714,106.62490,299.000,163.61175
-6.95660,106.62198,273.000,151.68488
-6.96606,106.61903,218.000,138.37890
-6.97552,106.61609,92.000,133.99901
-6.98500,106.61313,83.000,135.32987
-6.99447,106.61015,58.000,145.17829
-7.00391,106.60720,57.000,155.42617
-7.01334,106.60426,25.000,165.79728
-7.02274,106.60132,72.000,174.41942
-7.03214,106.59840,276.000,182.20411
-7.04152,106.59549,109.000,192.17494
-7.05089,106.59257,233.000,204.21623
-7.06026,106.58965,298.000,220.72264
-7.06965,106.58671,377.000,237.17721
-7.07906,106.58377,472.000,252.67842
-7.08850,106.58083,689.000,261.09807
-7.09795,106.57789,702.000,267.16956
-7.10739,106.57496,686.000,273.69744
-7.11682,106.57202,674.000,279.94365
-7.12627,106.56909,672.000,291.33485
-7.13572,106.56614,614.000,305.78077
-7.14519,106.56318,609.000,325.13162
-7.15467,106.56022,584.000,338.86753
-7.16413,106.55726,581.000,350.67521
-7.17357,106.55431,534.000,352.28340
-7.18300,106.55139,496.000,359.42974
-7.19240,106.54846,459.000,323.29949
-7.20176,106.54554,408.000,287.98172
-7.21108,106.54263,385.000,287.33670
-7.22039,106.53972,341.000,291.56522
-7.22970,106.53682,312.000,288.03401
-7.23902,106.53391,276.000,282.54621
-7.24834,106.53100,277.000,269.04562
-7.25768,106.52809,272.000,253.00683
-7.26703,106.52518,277.000,237.27596
-7.27640,106.52226,252.000,224.23427
-7.28580,106.51935,222.000,213.28875
-7.29524,106.51638,190.000,209.15522
-7.30472,106.51342,151.000,208.21673
-7.31420,106.51044,107.000,207.60416
-7.32370,106.50747,94.000,205.24730
-7.33323,106.50451,82.000,201.38113
-7.34277,106.50154,56.000,201.92785
-7.35232,106.49856,33.000,204.65913
-7.36188,106.49559,31.000,212.50515
-7.37141,106.49263,22.000,218.70312
-7.38091,106.48967,-29.292,224.06108
-7.39041,106.48672,-108.091,226.99533
-7.39991,106.48376,-159.580,228.70730
-7.40940,106.48079,-236.624,228.14578
-7.41889,106.47782,-281.537,226.18909
-7.42837,106.47485,-310.206,221.28535
-7.43785,106.47189,-271.623,213.96466
-7.44734,106.46893,-240.905,204.28755
-7.45683,106.46597,-208.217,195.32545
-7.46631,106.46299,-177.896,187.69353
-7.47579,106.46001,-164.125,185.97366
-7.48528,106.45705,-172.464,185.26965
-7.49475,106.45411,-177.734,187.18751
-7.50420,106.45115,-164.436,188.05936
-7.51365,106.44818,-151.005,186.70682
-7.52308,106.44522,-156.891,181.30956
-7.53252,106.44228,-201.182,174.60479
-7.54198,106.43932,-302.356,166.30772
-7.55146,106.43636,-380.315,157.54812
-7.56094,106.43340,-453.539,148.18881
-7.57043,106.43043,-533.192,139.07564
-7.57993,106.42748,-640.795,130.42931
-7.58945,106.42451,-690.500,123.20506
-7.59898,106.42154,-760.648,116.69318
-7.60850,106.41855,-901.633,115.40280
-7.61804,106.41555,-1019.586,115.08258
-7.62760,106.41255,-1115.996,116.81121
-7.63720,106.40955,-1235.267,115.84447
-7.64683,106.40654,-1365.982,111.79276
-7.65646,106.40353,-1416.929,102.19607
-7.66610,106.40052,-1463.327,89.80090
-7.57931,106.57082,-544.822,138.60872
-7.56863,106.57421,-316.978,145.91777
-7.55797,106.57760,-144.600,153.03718
-7.54732,106.58098,-79.128,160.99777
-7.53664,106.58434,-23.162,171.17631
-7.52592,106.58772,-4.501,182.52862
-7.51515,106.59114,2.088,193.00411
-7.50434,106.59457,2.458,200.93729
-7.49351,106.59801,-5.171,207.52769
-7.48267,106.60145,-20.312,213.47150
-7.47181,106.60488,-31.431,223.15006
-7.46095,106.60833,-38.751,232.97565
-7.45011,106.61177,-40.936,243.39985
-7.43931,106.61520,-42.055,245.55707
-7.42851,106.61864,-24.138,240.46724
-7.41776,106.62206,5.000,228.68137
-7.40702,106.62546,60.000,219.94902
-7.39624,106.62887,55.000,216.45847
-7.38540,106.63228,79.000,221.06556
-7.37457,106.63570,98.000,234.42820
-7.36375,106.63913,91.000,248.47230
-7.35292,106.64257,97.000,259.73736
-7.34207,106.64600,147.000,264.22346
-7.33123,106.64944,166.000,264.76402
-7.32041,106.65288,183.000,254.42165
-7.30962,106.65630,155.000,245.03572
-7.29883,106.65971,207.000,236.46490
-7.28809,106.66311,189.000,230.44760
-7.27732,106.66651,268.000,228.29447
-7.26653,106.66992,309.000,231.43908
-7.25577,106.67333,326.000,242.14841
-7.24503,106.67674,382.000,257.30986
-7.23427,106.68014,426.000,272.94554
-7.22351,106.68353,525.000,263.64242
-7.21276,106.68692,578.000,266.62239
-7.20203,106.69031,636.000,277.70040
-7.19131,106.69370,660.000,284.00062
-7.18059,106.69709,681.000,287.15377
-7.16985,106.70048,676.000,282.56870
-7.15911,106.70388,685.000,267.71922
-7.14835,106.70728,651.000,250.18121
-7.13759,106.71069,589.000,232.43810
-7.12681,106.71410,550.000,216.74093
-7.11603,106.71751,565.000,202.96079
-7.10525,106.72092,522.000,202.96428
-7.09447,106.72434,584.000,204.84011
-7.08366,106.72777,648.000,210.18584
-7.07283,106.73120,738.000,218.09459
-7.06201,106.73464,750.000,222.96117
-7.05121,106.73807,596.000,221.53525
-7.04041,106.74149,502.000,208.46287
-7.02960,106.74490,368.000,191.45775
-7.01878,106.74831,191.000,167.91368
-7.00793,106.75173,231.000,145.24453
-6.99709,106.75516,217.000,128.26673
-6.98625,106.75859,232.000,121.28692
-6.97539,106.76202,295.000,124.78256
-6.96451,106.76544,316.000,133.45402
-6.95364,106.76888,333.000,146.15379
-6.94276,106.77233,339.000,153.06849
-6.93189,106.77577,339.000,155.67391
-6.92102,106.77920,404.000,150.74235
-6.91015,106.78263,346.000,144.95851
-6.89928,106.78608,411.000,139.60800
-6.88838,106.78953,406.000,142.05466
-6.87750,106.79298,445.000,146.51249
-6.83988,106.95068,1244.000,190.71563
-6.84949,106.94765,1123.000,177.27165
-6.85909,106.94461,971.000,168.43716
-6.86871,106.94157,897.000,159.09125
-6.87830,106.93854,849.000,152.98205
-6.88789,106.93552,765.000,149.16524
-6.89748,106.93250,716.000,148.59974
-6.90707,106.92948,671.000,146.55093
-6.91666,106.92645,621.000,145.30247
-6.92627,106.92342,567.000,141.50264
-6.93588,106.92041,530.000,140.22670
-6.94547,106.91742,506.000,141.47668
-6.95506,106.91442,468.000,146.96708
-6.96464,106.91141,456.000,155.98864
-6.97421,106.90840,460.000,166.94830
-6.98377,106.90538,578.000,178.80257
-6.99331,106.90238,571.000,188.48723
-7.00283,106.89939,455.000,196.47155
-7.01234,106.89639,483.000,198.44877
-7.02186,106.89339,759.000,197.00154
-7.03138,106.89040,808.000,194.00474
-7.04089,106.88741,863.000,190.15975
-7.05040,106.88442,650.000,186.57417
-7.05991,106.88141,644.000,185.19976
-7.06942,106.87841,641.000,184.76634
-7.07893,106.87541,602.000,186.62274
-7.08844,106.87241,552.000,188.41292
-7.09793,106.86942,543.000,190.28381
-7.10740,106.86643,549.000,190.47847
-7.11688,106.86344,531.000,189.90109
-7.12638,106.86045,507.000,189.39050
-7.13591,106.85746,482.000,189.58683
-7.14544,106.85448,469.000,190.47686
-7.15497,106.85148,432.000,189.76263
-7.16452,106.84847,430.000,186.36692
-7.17408,106.84546,412.000,178.88257
-7.18367,106.84245,378.000,170.98161
-7.19327,106.83942,366.000,166.87654
-7.20287,106.83639,364.000,165.17190
-7.21247,106.83335,369.000,169.13549
-7.22208,106.83031,436.000,177.28193
-7.23168,106.82727,400.000,186.49230
-7.24129,106.82425,431.000,195.86733
-7.25091,106.82120,347.000,205.59429
-7.26054,106.81820,437.000,216.54510
-7.27012,106.81519,432.000,225.46765
-7.27967,106.81219,398.000,229.82934
-7.28918,106.80918,350.000,230.11284
-7.29868,106.80618,338.000,226.40368
-7.30818,106.80319,270.000,214.46862
-7.31767,106.80020,253.000,199.59623
-7.32718,106.79722,222.000,186.84032
-7.33668,106.79423,183.000,176.32337
-7.34617,106.79123,173.000,168.96429
-7.35567,106.78823,92.000,165.06141
-7.36515,106.78523,60.000,163.25071
-7.37464,106.78222,48.000,163.94158
-7.38412,106.77921,69.000,165.29973
-7.39360,106.77622,64.000,164.59804
-7.40306,106.77325,47.000,163.23664
-7.41253,106.77027,11.000,160.74230
-7.42199,106.76729,33.000,157.74914
-7.43145,106.76431,3.000,155.47173
-7.44091,106.76132,-3.603,154.23042
-7.45037,106.75834,-10.448,153.15393
-7.45983,106.75537,-10.697,157.03650
-7.46929,106.75238,-7.853,162.50361
-7.47876,106.74938,-6.428,173.19761
-7.48822,106.74639,-8.979,181.77495
-7.49767,106.74341,-9.244,187.37608
-7.50711,106.74044,-10.082,184.27920
-7.51656,106.73747,-14.261,177.46999
-7.52600,106.73448,-41.979,164.42728
-7.53545,106.73149,-73.068,151.80498
-7.54491,106.72849,-126.645,143.89923
-7.55440,106.72548,-274.933,139.44492
-7.56393,106.72246,-386.254,137.91949
-7.57348,106.71946,-500.608,136.47316
-7.58303,106.71645,-647.185,135.07303
-7.59254,106.71344,-956.369,123.64105
-7.60203,106.71045,-1221.510,109.28349
-7.61148,106.70747,-1481.694,89.34876
-7.62094,106.70449,-1839.723,70.22039
-7.63043,106.70149,-2007.882,52.53559
-7.63994,106.69849,-2109.000,41.02377
-7.64948,106.69548,-2201.000,32.98111
-7.65901,106.69248,-2251.235,26.33531
-7.66853,106.68948,-2259.696,20.37736
-7.67806,106.68646,-2303.680,12.86956
-7.68761,106.68344,-2406.226,5.97608
-7.69718,106.68041,-2468.843,0.49247
-7.70678,106.67737,-2531.637,-1.53639
-7.71635,106.67435,-2584.341,-1.80990
-7.72591,106.67132,-2626.459,-2.09575
-7.62741,106.84667,-1730.224,36.86438
-7.61664,106.85008,-1513.179,54.66633
-7.60586,106.85349,-1333.231,81.45050
-7.59510,106.85690,-1230.280,104.13318
-7.58433,106.86030,-933.501,122.29981
-7.57355,106.86370,-248.464,132.13764
-7.56279,106.86709,-55.444,141.16015
-7.55199,106.87051,-4.311,149.89191
-7.54116,106.87394,-37.773,160.34782
-7.53033,106.87737,-54.805,170.19279
-7.51953,106.88079,-53.628,178.21280
-7.50873,106.88421,-47.694,182.24097
-7.49795,106.88762,-25.257,183.64880
-7.48718,106.89101,-3.640,184.09555
-7.47642,106.89441,-5.311,186.35390
-7.46562,106.89782,-6.070,189.63451
-7.45477,106.90125,-5.871,195.40584
-7.44389,106.90469,-0.813,201.13196
-7.43300,106.90813,4.000,206.52766
-7.42213,106.91156,9.000,210.71326
-7.41128,106.91498,20.000,212.44907
-7.40044,106.91840,22.000,210.85766
-7.38965,106.92182,36.000,209.07184
-7.37888,106.92524,88.000,208.56698
-7.36812,106.92864,87.000,209.10919
-7.35737,106.93203,162.000,212.87371
-7.34663,106.93543,157.000,217.37166
-7.33590,106.93881,238.000,220.65218
-7.32518,106.94219,228.000,229.87843
-7.31447,106.94558,129.000,224.67155
-7.30374,106.94896,162.000,172.58873
-7.29302,106.95233,159.000,151.75610
-7.28231,106.95571,209.000,148.55704
-7.27161,106.95909,169.000,156.40533
-7.26090,106.96248,130.000,166.52671
-7.25020,106.96586,132.000,179.81006
-7.23949,106.96924,166.000,182.79092
-7.22877,106.97261,227.000,182.06472
-7.21805,106.97598,252.000,177.63604
-7.20734,106.97935,333.000,172.18305
-7.19661,106.98275,428.000,168.32863
-7.18587,106.98615,498.000,167.79358
-7.17512,106.98955,581.000,170.17193
-7.16434,106.99296,613.000,174.09282
-7.15356,106.99637,677.000,179.53831
-7.14278,106.99978,724.000,186.40689
-7.13200,107.00318,802.000,194.37641
-7.12125,107.00658,846.000,202.95066
-7.11051,107.00996,949.000,209.49901
-7.09978,107.01334,1042.000,214.35612
-7.08902,107.01673,1006.000,215.47609
-7.07827,107.02010,1001.000,213.23959
-7.06753,107.02348,1014.000,208.46964
-7.05679,107.02687,1051.000,201.41176
-7.04604,107.03027,1107.000,192.78174
-7.03529,107.03366,1150.000,183.45191
-7.02455,107.03706,1192.000,179.60975
-7.01381,107.04044,1110.000,178.12105
-7.00305,107.04382,911.000,180.33405
-6.99229,107.04719,967.000,180.93552
-6.98154,107.05057,802.000,182.77086
-6.97080,107.05396,709.000,182.22942
-6.96006,107.05735,639.000,180.43654
-6.94932,107.06073,685.000,178.27635
-6.93856,107.06412,770.000,176.10051
-6.92781,107.06751,848.000,175.55065
-6.91706,107.07091,691.000,176.43336
-6.90634,107.07429,733.000,183.33483
-6.89564,107.07767,589.000,191.66704
-6.88493,107.08105,576.000,202.88131
-6.87421,107.08443,570.000,202.81901
-6.86352,107.08780,574.000,192.90284
-6.85289,107.09115,582.000,172.72206
-6.84229,107.09449,577.000,150.76046
-6.83169,107.09783,576.000,129.45837
-6.82106,107.10118,579.000,118.22770
-6.27768,104.94451,-1278.000,NaN
-6.28781,104.94129,-1367.000,NaN
-6.29794,104.93805,-1370.630,NaN
-6.30809,104.93481,-1334.578,NaN
-6.31824,104.93158,-1299.659,NaN
-6.32841,104.92833,-1331.101,NaN
-6.33857,104.92511,-1323.721,NaN
-6.34872,104.92190,-1360.775,NaN
-6.35888,104.91868,-1417.069,NaN
-6.36905,104.91542,-1481.189,NaN
-6.37928,104.91215,-1556.615,NaN
-6.38952,104.90889,-1574.248,NaN
-6.39975,104.90562,-1606.224,NaN
-6.41001,104.90234,-1636.294,NaN
-6.42029,104.89905,-1647.064,NaN
-6.43058,104.89578,-1650.550,NaN
-6.44086,104.89250,-1652.199,NaN
-6.45112,104.88923,-1737.620,NaN
-6.46138,104.88596,-1783.275,NaN
-6.47167,104.88268,-1828.779,NaN
-6.48197,104.87939,-1848.055,NaN
-6.49226,104.87611,-1880.939,NaN
-6.50255,104.87284,-1883.352,NaN
-6.51284,104.86958,-1880.732,NaN
-6.52315,104.86631,-1882.161,NaN
-6.53348,104.86299,-1887.206,NaN
-6.54384,104.85967,-1890.384,NaN
-6.55420,104.85638,-1885.079,NaN
-6.56454,104.85310,-1837.691,NaN
-6.57487,104.84979,-1770.514,NaN
-6.58523,104.84649,-1716.927,NaN
-6.59560,104.84316,-1681.780,NaN
-6.60597,104.83983,-1648.055,NaN
-6.61634,104.83652,-1625.868,NaN
-6.62669,104.83323,-1601.125,NaN
-6.63702,104.82995,-1593.250,NaN
-6.64732,104.82669,-1585.182,NaN
-6.65760,104.82341,-1581.071,NaN
-6.66786,104.82015,-1576.436,NaN
-6.67810,104.81688,-1585.776,NaN
-6.68836,104.81361,-1584.320,NaN
-6.69863,104.81036,-1569.939,NaN
-6.70886,104.80711,-1562.643,NaN
-6.71906,104.80385,-1569.176,NaN
-6.72925,104.80059,-1610.695,NaN
-6.73945,104.79733,-1644.430,NaN
-6.74965,104.79407,-1675.865,NaN
-6.75984,104.79082,-1704.738,NaN
-6.77003,104.78758,-1702.758,NaN
-6.78021,104.78432,-1718.494,NaN
-6.79039,104.78107,-1747.891,NaN
-6.80059,104.77781,-1784.500,NaN
-6.81083,104.77452,-1807.581,NaN
-6.82110,104.77123,-1819.825,NaN
-6.83141,104.76792,-1852.295,NaN
-6.84174,104.76462,-1891.389,NaN
-6.85209,104.76132,-1909.898,NaN
-6.86243,104.75800,-1910.706,NaN
-6.87276,104.75467,-1879.259,NaN
-6.88308,104.75136,-1857.942,NaN
-6.73860,104.94326,-1488.361,NaN
-6.72856,104.94642,-1516.077,NaN
-6.71853,104.94958,-1579.964,NaN
-6.70852,104.95270,-1680.262,NaN
-6.69855,104.95585,-1734.542,NaN
-6.68858,104.95898,-1756.123,NaN
-6.67860,104.96215,-1712.895,NaN
-6.66858,104.96531,-1616.789,NaN
-6.65851,104.96848,-1574.000,NaN
-6.64842,104.97166,-1603.968,NaN
-6.63836,104.97483,-1593.000,NaN
-6.62828,104.97799,-1592.377,NaN
-6.61817,104.98117,-1599.000,NaN
-6.60805,104.98435,-1590.273,NaN
-6.59792,104.98754,-1552.377,NaN
-6.58778,104.99072,-1530.258,NaN
-6.57763,104.99392,-1409.000,NaN
-6.56747,104.99712,-1351.401,NaN
-6.55727,105.00033,-1278.985,NaN
-6.54708,105.00355,-1226.815,NaN
-6.53688,105.00675,-1039.485,NaN
-6.52665,105.00996,-865.418,NaN
-6.51641,105.01319,-662.330,NaN
-6.50617,105.01643,-594.674,NaN
-6.49593,105.01965,-489.128,NaN
-6.48569,105.02288,-383.106,NaN
-6.47546,105.02611,-360.258,NaN
-6.46522,105.02934,-354.261,NaN
-6.45499,105.03257,-358.272,NaN
-6.44477,105.03579,-356.111,NaN
-6.43454,105.03900,-286.332,NaN
-6.42428,105.04223,-201.292,NaN
-6.41400,105.04546,-242.170,NaN
-6.40373,105.04868,-299.061,NaN
-6.39349,105.05190,-315.784,NaN
-6.38327,105.05514,-334.692,NaN
-6.37307,105.05836,-350.899,NaN
-6.36291,105.06155,-375.852,NaN
-6.35275,105.06474,-377.640,NaN
-6.34258,105.06794,-412.302,NaN
-6.33241,105.07113,-530.930,NaN
-6.32226,105.07431,-591.151,NaN
-6.31212,105.07750,-694.974,NaN
-6.30203,105.08067,-816.208,NaN
-6.29193,105.08384,-910.000,NaN
-6.28180,105.08705,-1006.000,NaN
-6.27164,105.09025,-1024.000,NaN
-6.26151,105.09345,-1010.000,NaN
-6.25141,105.09664,-1010.042,NaN
-6.24133,105.09981,-1017.083,NaN
-6.23129,105.10297,-970.000,-67.64315
-6.22127,105.10611,-932.837,-49.85617
-6.21126,105.10927,-924.019,-35.82977
-6.20124,105.11243,-953.353,-24.82830
-6.19118,105.11559,-981.083,-19.08962
-6.18109,105.11876,-968.356,-21.91283
-6.17095,105.12195,-936.315,-30.26943
-6.16075,105.12514,-890.403,-36.42606
-6.15053,105.12835,-904.536,-41.47212
-6.14029,105.13156,-910.343,-37.45079
-6.13005,105.13478,-905.976,-28.23340
-6.11984,105.13801,-886.176,-12.45485
-6.10967,105.14121,-872.355,0.54901
-6.09952,105.14440,-856.571,11.94326
-6.08939,105.14759,-856.638,12.70738
-6.07923,105.15078,-866.525,7.64577
-6.06909,105.15397,-893.240,-7.37222
-6.05896,105.15717,-909.243,-18.18785
-6.04886,105.16035,-919.673,-26.13937
-6.03877,105.16353,-911.981,-19.67966
-6.02865,105.16673,-885.963,-9.71183
-6.01855,105.16990,-880.675,0.08383
-6.00847,105.17308,-865.352,18.00437
-5.99827,105.17627,-843.583,42.83507
-5.98806,105.17946,-741.100,55.25725
-5.97783,105.18267,-652.664,59.79175
-5.96751,105.18592,-611.504,48.42038
-5.95715,105.18915,-566.088,27.06605
-5.94680,105.19241,-532.879,7.68320
-5.93642,105.19567,-538.804,-9.50709
-6.14207,105.58251,-59.414,16.49416
-6.13923,105.57351,-62.251,6.85260
-6.13640,105.56453,-66.678,6.76392
-6.13358,105.55555,-70.491,22.32389
-6.13073,105.54658,-67.619,33.02459
-6.12788,105.53765,-64.105,40.86447
-6.12507,105.52876,-51.344,45.53592
-6.12225,105.51985,-38.978,46.61925
-6.11942,105.51092,-27.050,43.76393
-6.11658,105.50197,-21.396,38.41231
-6.11375,105.49303,-18.560,30.67195
-6.11092,105.48412,-8.623,22.15717
-6.10810,105.47523,0.923,14.63088
-6.10527,105.46633,10.480,5.65931
-6.10244,105.45742,10.984,0.21063
-6.09959,105.44849,-8.953,-1.22945
-6.09674,105.43954,-20.407,29.48112
-6.09389,105.43061,2.621,42.56913
-6.09106,105.42167,-10.360,29.53017
-6.08822,105.41272,-13.865,21.83733
-6.08540,105.40378,19.601,24.44439
-6.08257,105.39483,103.000,29.04587
-6.07970,105.38586,60.000,35.95259
-6.07684,105.37685,30.546,40.53451
-6.07398,105.36784,6.749,44.34255
-6.07113,105.35882,-2.743,46.00076
-6.06828,105.34981,-6.013,47.76434
-6.06545,105.34083,-17.178,48.93686
-6.06259,105.33188,-40.784,51.11532
-6.05976,105.32293,-60.677,56.71255
-6.05692,105.31398,-72.964,61.99104
-6.05407,105.30504,-81.797,66.49940
-6.05122,105.29609,-90.893,69.15094
-6.04837,105.28713,-96.622,67.77734
-6.04555,105.27817,-100.767,60.29905
-6.04271,105.26924,-120.267,49.31494
-6.03987,105.26034,-143.486,40.55969
-6.03702,105.25145,-202.934,32.40931
-6.03418,105.24256,-307.191,23.84716
-6.03136,105.23367,-344.000,15.11468
-6.02854,105.22478,-448.104,7.86965
-6.02573,105.21590,-544.796,0.18671
-6.02292,105.20700,-619.127,-9.91841
-6.02006,105.19804,-699.128,-17.20978
-6.01718,105.18905,-783.548,-13.60918
-6.01433,105.18003,-820.637,-0.43442
-6.01147,105.17101,-865.352,11.80210
-6.00860,105.16198,-916.705,12.92721
-6.00574,105.15299,-934.589,6.28250
-6.00290,105.14401,-931.328,-2.89629
-6.00001,105.13499,-926.749,-13.25242
-5.99715,105.12594,-921.123,-22.60659
-5.99427,105.11687,-911.967,-31.96469
-5.99137,105.10780,-912.715,-70.44575
-5.98850,105.09877,-932.568,NaN
-5.98563,105.08979,-944.406,NaN
-5.98280,105.08086,-945.124,NaN
-5.97995,105.07195,-941.156,NaN
-5.97710,105.06299,-929.145,NaN
-6.11003,105.29078,-123.124,16.18237
-6.12020,105.28754,-121.348,-2.76479
-6.13042,105.28425,-96.358,-23.26785
-6.14066,105.28100,-104.332,-25.71972
-6.15089,105.27773,-136.211,-19.73762
-6.16113,105.27446,-171.359,-1.65380
-6.17136,105.27122,-189.005,16.93064
-6.18162,105.26796,-218.174,37.42617
-6.19189,105.26469,-254.965,49.79839
-6.20217,105.26142,-255.576,56.49762
-6.21246,105.25814,-211.079,52.44141
-6.22273,105.25484,-217.642,42.22430
-6.23300,105.25156,-261.184,26.88622
-6.24331,105.24827,-276.027,11.82091
-6.25364,105.24498,-260.316,1.55435
-6.26400,105.24168,-227.057,-1.37334
-6.27436,105.23839,-269.083,-0.29252
-6.28471,105.23507,-317.682,1.74148
-6.29508,105.23176,-343.000,1.64265
-6.30545,105.22845,-350.000,1.43695
-6.31587,105.22513,-348.485,0.40091
-6.32632,105.22180,-395.264,3.20827
-6.33677,105.21846,-358.329,7.47385
-6.34721,105.21513,-243.539,13.52118
-6.35768,105.21179,-214.710,16.38364
-6.36818,105.20843,-274.246,17.26249
-6.37870,105.20510,-328.418,13.81517
-6.38920,105.20178,-397.295,8.18461
-6.39970,105.19844,-427.294,2.45539
-6.41020,105.19509,-414.561,1.23028
-6.42068,105.19174,-380.189,3.14071
-6.43116,105.18839,-380.855,9.43990
-6.44162,105.18505,-382.576,20.12459
-6.45205,105.18173,-359.867,29.59265
-6.46247,105.17839,-330.431,34.02881
-6.47291,105.17506,-277.706,35.35159
-6.48335,105.17173,-265.516,34.79983
-6.49376,105.16839,-246.886,32.13142
-6.50418,105.16507,-104.609,33.04112
-6.51458,105.16176,11.042,38.19427
-6.52496,105.15846,32.868,46.23209
-6.53534,105.15515,-0.176,55.44901
-6.54575,105.15183,-6.786,68.84318
-6.55615,105.14850,7.208,81.57290
-6.56655,105.14519,13.519,91.75497
-6.57694,105.14187,57.000,95.76078
-6.58733,105.13854,53.000,96.37426
-6.59773,105.13521,31.000,91.85157
-6.60813,105.13190,-22.481,85.58270
-6.61854,105.12858,18.000,78.78421
-6.62895,105.12527,-95.787,76.25346
-6.63934,105.12196,-7.492,71.27985
-6.64971,105.11865,-3.000,66.63308
-6.66008,105.11534,-80.047,49.73267
-6.67045,105.11203,-210.191,22.44941
-6.68082,105.10871,-246.124,-10.37593
-6.69119,105.10538,-378.458,-51.29246
-6.70157,105.10207,-570.255,-98.08457
-6.71196,105.09876,-722.605,NaN
-6.72235,105.09544,-840.666,NaN
-6.73272,105.09213,-855.242,NaN
-6.74307,105.08882,-941.092,NaN
-6.75341,105.08551,-1011.657,NaN
-6.76376,105.08220,-1079.458,NaN
-6.77412,105.07888,-1131.153,NaN
-6.78453,105.07555,-1156.883,NaN
-6.79497,105.07223,-1195.106,NaN
-6.80543,105.06890,-1231.846,NaN
-6.81586,105.06556,-1267.000,NaN
-6.82628,105.06222,-1337.000,NaN
-6.83670,105.05886,-1307.000,NaN
-6.84712,105.05554,-1236.000,NaN
-6.85758,105.05221,-1164.000,NaN
-6.86805,105.04889,-1157.230,NaN
-6.87851,105.04557,-1158.553,NaN
-6.88895,105.04224,-1176.765,NaN
-6.89939,105.03890,-1245.682,NaN
-6.90982,105.03557,-1366.077,NaN
-6.92026,105.03224,-1442.812,NaN
-6.93070,105.02890,-1521.208,NaN
-6.94115,105.02555,-1560.381,NaN
-6.95161,105.02220,-1615.000,NaN
-6.96207,105.01886,-1646.000,NaN
-5.47108,106.20535,-32.925,NaN
-5.46827,106.19651,-31.432,NaN
-5.46546,106.18767,-30.192,NaN
-5.46263,106.17880,-31.739,NaN
-5.45978,106.16989,-31.360,NaN
-5.45693,106.16097,-31.274,NaN
-5.45410,106.15206,-31.960,NaN
-5.45128,106.14317,-32.448,NaN
-5.44845,106.13427,-28.646,NaN
-5.44560,106.12538,-25.228,NaN
-5.44280,106.11655,-25.859,NaN
-5.44002,106.10788,-24.631,NaN
-5.43728,106.09927,-21.913,NaN
-5.43455,106.09069,-21.162,NaN
-5.43179,106.08210,-20.734,NaN
-5.42903,106.07341,-20.504,NaN
-5.42623,106.06469,-20.295,NaN
-5.42347,106.05600,-19.351,NaN
-5.42077,106.04739,-18.263,NaN
-5.41802,106.03886,-17.314,NaN
-5.41528,106.03034,-16.959,NaN
-5.41256,106.02182,-17.002,NaN
-5.40989,106.01334,-16.889,NaN
-5.40722,106.00498,-18.393,NaN
-5.40457,105.99670,-21.202,NaN
-5.40193,105.98845,-22.980,NaN
-5.39929,105.98022,-21.431,NaN
-5.39668,105.97201,-19.136,NaN
-5.39415,105.96380,-19.168,NaN
-5.39164,105.95554,-19.083,NaN
-5.38917,105.94724,-16.695,NaN
-5.38661,105.93890,-14.863,NaN
-5.38401,105.93051,-13.528,NaN
-5.75717,106.12695,-47.208,47.71462
-5.76629,106.12407,-48.229,47.64477
-5.77543,106.12119,-48.764,47.70636
-5.78457,106.11829,-50.793,48.03395
-5.79372,106.11539,-53.800,48.36413
-5.80291,106.11247,-58.000,48.73900
-5.81214,106.10955,-67.832,49.31917
-5.82142,106.10664,-100.031,50.42543
-5.83072,106.10370,-125.000,52.16020
-5.84001,106.10076,-95.290,54.61101
-5.84930,106.09783,-55.074,57.41800
-5.85860,106.09490,-16.292,60.66530
-5.86793,106.09196,-9.265,64.09778
-5.87729,106.08900,-11.765,67.68235
-5.88667,106.08604,-11.171,71.32874
-5.89607,106.08307,11.000,75.18977
-5.90549,106.08010,52.000,80.04782
-5.91491,106.07713,198.000,84.56979
-5.92430,106.07418,329.000,89.53798
-5.93367,106.07122,247.000,94.97013
-5.94304,106.06825,109.000,99.55281
-5.95243,106.06528,107.000,102.05334
-5.96185,106.06232,197.000,100.95964
-5.97131,106.05934,29.000,98.56483
-5.98081,106.05633,19.000,94.18730
-5.99033,106.05332,20.000,88.67640
-5.99986,106.05030,16.000,82.98821
-6.00939,106.04730,16.000,78.38792
-6.01889,106.04431,20.000,75.40738
-6.02837,106.04132,29.000,75.18052
-6.03784,106.03833,42.000,76.70239
-6.04728,106.03535,57.000,79.96620
-6.05672,106.03234,58.000,84.48482
-6.06618,106.02935,72.000,89.32835
-6.07564,106.02636,99.000,93.21237
-6.08509,106.02338,115.000,96.43263
-6.09455,106.02039,140.000,98.18000
-6.10402,106.01740,157.000,98.83189
-6.11349,106.01441,276.000,97.34790
-6.12296,106.01142,293.000,95.05823
-6.13245,106.00842,333.000,92.22413
-6.14196,106.00542,97.000,89.10443
-6.15146,106.00244,92.000,85.60694
-6.16096,105.99946,95.000,82.42582
-6.17046,105.99648,97.000,80.47484
-6.17995,105.99348,93.000,79.80988
-6.18943,105.99047,94.000,80.93260
-6.19894,105.98746,100.000,83.45190
-6.20847,105.98444,185.000,88.11717
-6.21801,105.98143,272.000,94.01285
-6.22754,105.97842,402.000,101.47364
-6.23706,105.97540,563.000,108.94471
-6.24658,105.97239,567.000,117.37514
-6.25609,105.96938,459.000,126.59503
-6.26559,105.96638,383.000,135.36797
-6.27509,105.96337,502.000,140.88855
-6.28458,105.96037,641.000,144.58975
-6.29406,105.95738,680.000,146.82738
-6.30356,105.95437,620.000,147.96793
-6.31311,105.95136,471.000,147.37923
-6.32267,105.94834,333.000,143.40416
-6.33225,105.94530,285.000,136.52802
-6.34185,105.94226,274.000,127.93230
-6.35149,105.93921,223.000,119.30263
-6.36113,105.93614,180.000,110.60734
-6.37080,105.93307,150.000,102.42645
-6.38052,105.93000,110.000,94.70326
-6.39026,105.92692,93.000,88.00169
-6.40002,105.92383,56.000,82.55097
-6.40977,105.92075,71.000,77.58057
-6.41950,105.91768,52.000,73.43471
-6.42923,105.91459,53.000,69.58923
-6.43894,105.91150,9.000,66.46165
-6.44866,105.90843,7.000,63.76346
-6.45835,105.90537,7.000,62.02378
-6.46806,105.90231,12.000,60.36657
-6.47780,105.89922,10.000,60.58313
-6.48756,105.89614,18.000,62.66264
-6.49733,105.89303,18.000,65.53372
-6.50710,105.88994,20.000,69.10459
-6.51685,105.88686,19.000,72.68991
-6.52662,105.88378,19.000,77.15630
-6.53641,105.88070,9.000,81.73479
-6.54620,105.87761,16.000,86.02088
-6.55600,105.87449,10.000,89.72337
-6.56584,105.87137,17.000,93.36128
-6.57569,105.86824,34.000,95.92365
-6.58553,105.86513,48.000,98.01188
-6.59535,105.86203,43.000,98.82192
-6.60513,105.85893,22.000,99.45473
-6.61488,105.85583,29.000,99.69010
-6.62461,105.85274,31.000,99.94874
-6.63434,105.84965,92.000,99.93871
-6.64409,105.84656,107.000,101.81870
-6.65387,105.84346,115.000,104.17674
-6.66365,105.84037,78.000,107.47120
-6.67343,105.83729,59.000,111.21815
-6.68319,105.83420,39.000,115.22771
-6.69292,105.83111,58.000,118.22670
-6.70261,105.82804,41.000,120.21409
-6.71225,105.82500,29.000,120.29085
-6.72184,105.82198,22.000,119.11090
-6.73137,105.81896,33.000,116.86136
-6.74087,105.81594,33.000,113.89479
-6.75034,105.81293,25.000,111.14359
-6.75975,105.80993,25.000,110.87260
-6.76912,105.80695,35.000,111.73990
-6.77849,105.80397,41.000,115.30513
-6.78790,105.80100,37.000,120.44934
-6.79734,105.79802,36.000,127.52719
-6.80682,105.79500,44.000,134.56609
-6.81637,105.79196,57.000,141.34559
-6.82603,105.78891,42.000,146.20698
-6.83576,105.78583,23.000,150.17882
-6.84552,105.78273,23.000,151.40298
-6.85531,105.77963,0.875,149.91984
-6.86514,105.77652,-3.293,147.23843
-6.87498,105.77341,-1.971,143.74553
-6.88479,105.77030,-3.450,140.25406
-6.89455,105.76723,-5.235,136.97142
-6.90424,105.76418,-7.486,134.19421
-6.91387,105.76113,-8.253,132.25185
-6.92345,105.75807,-8.535,131.23986
-6.93301,105.75505,-8.016,130.78211
-6.94255,105.75203,-5.191,130.62280
-6.95206,105.74901,-4.788,130.12642
-6.96158,105.74597,-4.535,127.97897
-6.97113,105.74293,-12.098,124.82556
-6.98073,105.73988,-27.567,120.49814
-6.99039,105.73683,-65.027,114.61618
-7.00010,105.73377,-156.859,107.89450
-7.00982,105.73072,-243.059,98.61350
-7.01953,105.72767,-334.258,88.69048
-7.02920,105.72462,-484.701,78.38228
-7.03884,105.72156,-600.948,67.98204
-7.04844,105.71849,-702.116,57.44603
-7.05800,105.71545,-801.147,48.12227
-7.06754,105.71243,-953.003,38.92653
-7.07706,105.70940,-1054.522,30.33533
-7.08659,105.70638,-1124.160,21.52162
-7.09616,105.70332,-1229.358,12.54828
-7.10578,105.70025,-1297.854,2.92760
-7.11545,105.69719,-1347.046,-7.75048
-7.12516,105.69411,-1428.475,-19.31136
-7.13489,105.69103,-1478.258,-30.44529
-7.14464,105.68794,-1552.252,-41.23774
-7.15439,105.68484,-1649.335,-51.20732
-7.16416,105.68172,-1709.150,-59.89821
-7.17396,105.67860,-1770.672,-67.28589
-7.18378,105.67548,-1909.621,-74.55232
-7.19358,105.67236,-1975.121,-81.09455
-7.20343,105.66922,-2024.020,-87.48610
-7.21328,105.66612,-2061.207,-94.01439
-7.22311,105.66303,-2099.000,-101.27873
-7.23290,105.65994,-2124.000,-108.31163
-7.24266,105.65684,-2128.500,-114.98802
-7.25238,105.65375,-2154.000,-121.16183
-7.26208,105.65067,-2186.435,-126.59595
-7.27178,105.64758,-2234.000,-131.48427
-7.28147,105.64451,-2261.171,-135.61145
-7.29115,105.64144,-2251.304,-139.30372
-7.30080,105.63838,-2270.000,-142.92365
-7.31045,105.63531,-2270.000,-146.83247
-7.32011,105.63223,-2263.000,-150.70068
-7.32980,105.62915,-2270.500,-154.72588
-7.33950,105.62608,-2268.000,-157.75382
-7.34920,105.62298,-2250.000,-160.09592
-7.20885,105.81221,-2273.800,-145.85257
-7.19823,105.81560,-2259.623,-140.75131
-7.18762,105.81897,-2248.190,-133.92265
-7.17701,105.82234,-2231.423,-126.07827
-7.16638,105.82570,-2207.880,-117.42918
-7.15575,105.82908,-2186.165,-107.75193
-7.14514,105.83245,-2138.164,-97.16114
-7.13453,105.83581,-2062.528,-85.31367
-7.12393,105.83916,-1890.962,-72.35160
-7.11334,105.84252,-1822.448,-59.93089
-7.10274,105.84588,-1795.790,-47.61848
-7.09215,105.84923,-1736.261,-35.19118
-7.08157,105.85259,-1611.407,-22.46055
-7.07100,105.85596,-1516.169,-9.76500
-7.06044,105.85929,-1367.020,2.64618
-7.04990,105.86263,-1213.044,14.63485
-7.03937,105.86597,-1103.284,26.46849
-7.02884,105.86931,-938.754,38.07472
-7.01834,105.87264,-832.766,49.29957
-7.00782,105.87596,-675.004,59.40526
-6.99724,105.87930,-591.909,68.88087
-6.98658,105.88267,-444.196,76.84460
-6.97585,105.88606,-387.489,83.79935
-6.96510,105.88946,-312.650,89.77594
-6.95435,105.89290,-283.257,94.83430
-6.94360,105.89631,-232.869,98.94653
-6.93288,105.89972,-158.673,101.87362
-6.92221,105.90310,-141.330,105.44646
-6.91159,105.90648,-105.358,108.33168
-6.90098,105.90984,-92.456,110.61468
-6.89034,105.91322,-70.011,112.60654
-6.87967,105.91660,-54.780,114.04100
-6.86898,105.91995,-38.800,116.34398
-6.85830,105.92330,-13.345,118.45803
-6.84763,105.92666,2.303,120.07748
-6.83698,105.93004,8.591,121.53847
-6.82632,105.93344,7.807,122.49033
-6.81566,105.93683,8.000,122.99900
-6.80497,105.94021,16.000,122.64375
-6.79427,105.94359,8.000,121.99762
-6.78355,105.94697,7.000,121.18509
-6.77281,105.95038,9.000,120.06780
-6.76207,105.95380,14.000,118.83807
-6.75134,105.95720,34.000,117.77873
-6.74061,105.96057,55.000,116.96323
-6.72990,105.96396,52.000,116.27706
-6.71923,105.96734,83.000,115.65451
-6.70858,105.97071,82.000,115.20414
-6.69795,105.97406,97.000,114.77986
-6.68730,105.97745,96.000,114.55335
-6.67661,105.98084,69.000,114.45083
-6.66592,105.98421,99.000,114.47663
-6.65525,105.98759,88.000,114.13354
-6.64461,105.99095,46.000,113.56610
-6.63396,105.99432,62.000,113.21549
-6.62329,105.99769,83.000,112.38201
-6.61259,106.00107,92.000,111.30651
-6.60189,106.00446,73.000,109.49243
-6.59120,106.00785,87.000,107.93408
-6.58048,106.01123,86.000,107.08375
-6.56980,106.01462,66.000,107.31744
-6.55911,106.01799,59.000,109.49938
-6.54846,106.02136,101.000,112.68284
-6.53785,106.02473,80.000,116.38307
-6.52728,106.02807,58.000,117.21681
-6.51673,106.03141,64.000,115.55612
-6.77724,106.09466,258.000,160.94713
-6.78717,106.09152,225.000,158.35439
-6.79711,106.08836,209.000,154.74754
-6.80706,106.08520,195.000,152.33799
-6.81701,106.08204,149.000,150.73687
-6.82696,106.07890,72.000,151.50600
-6.83691,106.07576,62.000,151.59854
-6.84686,106.07262,19.000,152.08306
-6.85682,106.06947,-41.736,152.34691
-6.86679,106.06633,-18.653,152.14257
-6.87679,106.06314,-2.526,151.15686
-6.88682,106.05994,0.541,149.96382
-6.89689,106.05674,1.283,148.50033
-6.90696,106.05355,-1.126,146.95530
-6.91704,106.05036,-14.750,145.46654
-6.92712,106.04718,-41.481,143.15529
-6.93722,106.04398,-81.225,140.39123
-6.94732,106.04077,-162.637,137.13817
-6.95741,106.03758,-226.456,132.53197
-6.96749,106.03440,-334.373,127.19615
-6.97753,106.03122,-415.036,118.48406
-6.98755,106.02804,-546.560,108.55578
-6.99756,106.02488,-642.241,97.37162
-7.00755,106.02172,-733.005,85.77597
-7.01753,106.01854,-883.173,73.79002
-7.02749,106.01538,-988.874,62.51279
-7.03741,106.01223,-1095.326,51.68721
-7.04732,106.00909,-1236.360,41.48724
-7.05724,106.00595,-1346.015,31.85201
-7.06715,106.00281,-1503.331,22.43569
-7.07707,105.99967,-1612.832,12.99597
-7.08702,105.99651,-1703.174,2.98854
-7.09700,105.99334,-1849.672,-7.64740
-7.10703,105.99016,-1943.849,-18.29292
-7.11707,105.98700,-2058.221,-28.92454
-7.12707,105.98383,-2111.965,-39.45168
-7.13707,105.98065,-2169.213,-49.70912
-7.14707,105.97747,-2230.710,-59.36584
-7.15709,105.97428,-2260.226,-67.96690
-7.16711,105.97111,-2278.305,-76.12639
-7.17715,105.96793,-2307.653,-83.40350
-7.18718,105.96476,-2336.300,-90.42624
-7.19721,105.96160,-2362.992,-97.07881
-7.20724,105.95842,-2376.942,-103.60165
-7.21726,105.95523,-2386.087,-109.76961
-7.22729,105.95205,-2398.176,-116.16298
-7.23731,105.94888,-2415.601,-122.61727
-7.24732,105.94571,-2440.596,-129.53005
-7.25733,105.94254,-2452.242,-136.00121
-7.26731,105.93937,-2471.357,-141.74954
-7.27730,105.93622,-2482.366,-146.76323
-7.28727,105.93306,-2491.822,-150.73131
-7.29723,105.92990,-2503.725,-153.94343
-7.30716,105.92675,-2510.298,-156.17853
-7.31707,105.92359,-2510.945,-157.53853
-7.32699,105.92045,-2506.138,-157.98558
-7.33691,105.91730,-2503.772,-157.64531
-7.29083,106.07714,-2225.635,-80.34309
-7.28013,106.08054,-2236.059,-80.47206
-7.26942,106.08393,-2252.772,-79.42133
-7.25870,106.08733,-2266.082,-78.50266
-7.24795,106.09073,-2272.586,-76.46506
-7.23719,106.09415,-2273.295,-73.81314
-7.22644,106.09757,-2266.645,-70.25871
-7.21572,106.10098,-2258.150,-66.18005
-7.20499,106.10437,-2248.630,-62.59205
-7.19427,106.10776,-2250.461,-58.12052
-7.18356,106.11114,-2241.267,-52.98372
-7.17288,106.11452,-2225.581,-46.38671
-7.16222,106.11791,-2198.451,-38.31569
-7.15155,106.12127,-2171.437,-28.15400
-7.14088,106.12464,-2105.954,-16.00198
-7.13022,106.12803,-2019.691,-2.84989
-7.11956,106.13143,-1852.665,11.64759
-7.10891,106.13482,-1735.189,25.93208
-7.09823,106.13820,-1561.303,40.29179
-7.08755,106.14158,-1447.894,53.72075
-7.07684,106.14497,-1262.961,66.59071
-7.06608,106.14837,-1071.381,78.64043
-7.05528,106.15179,-937.047,90.43078
-7.04447,106.15521,-738.005,101.93472
-7.03365,106.15864,-602.646,113.10548
-7.02283,106.16206,-433.168,123.65108
-7.01203,106.16548,-260.767,132.80542
-7.00126,106.16890,-155.789,141.68457
-6.99051,106.17233,-62.292,148.79316
-6.97978,106.17573,-34.442,154.55096
-6.96905,106.17912,-24.022,158.46940
-6.95836,106.18251,-16.034,160.89768
-6.94766,106.18591,-12.202,162.95990
-6.93694,106.18931,-36.415,165.25870
-6.92620,106.19271,-52.151,168.02008
-6.91546,106.19611,1.000,171.03909
-6.90474,106.19950,13.000,175.71655
-6.89400,106.20289,18.000,181.21377
-6.88328,106.20627,105.000,186.84164
-6.87257,106.20965,209.000,191.49696
-6.86188,106.21304,249.000,195.87461
-6.85119,106.21643,164.000,199.96258
-6.84051,106.21980,325.000,199.80753
-6.82983,106.22320,296.000,200.27106
-6.81914,106.22659,365.000,199.19610
-6.80840,106.22999,419.000,198.18423
-6.79766,106.23338,336.000,198.01017
-6.78691,106.23677,488.000,195.88798
-6.77619,106.24015,548.000,193.94296
-6.76549,106.24354,689.000,190.04130
-6.75479,106.24694,749.000,185.37706
-6.74408,106.25032,769.000,181.58567
-6.73336,106.25371,772.000,180.68059
-6.72263,106.25711,703.000,189.67860
-6.71190,106.26052,770.000,202.84554
-6.70116,106.26392,773.000,224.87046
-6.86242,106.35886,795.000,205.29572
-6.87266,106.35562,659.000,207.41225
-6.88290,106.35239,604.000,208.84779
-6.89313,106.34915,368.000,209.69990
-6.90336,106.34591,278.000,208.27534
-6.91359,106.34266,317.000,205.05734
-6.92383,106.33941,308.000,201.89405
-6.93406,106.33619,235.000,198.66675
-6.94423,106.33299,185.000,195.04406
-6.95438,106.32979,105.000,190.36394
-6.96451,106.32660,93.000,185.03694
-6.97462,106.32340,28.000,179.43860
-6.98472,106.32019,34.000,173.98840
-6.99483,106.31701,11.392,168.34931
-7.00493,106.31380,-2.803,161.33574
-7.01504,106.31060,-12.915,154.31989
-7.02516,106.30739,-73.329,146.72893
-7.03529,106.30419,-142.497,139.66933
-7.04541,106.30098,-237.138,131.98215
-7.05553,106.29778,-395.466,122.87105
-7.06562,106.29458,-510.444,113.91509
-7.07568,106.29139,-695.994,104.65830
-7.08571,106.28820,-820.127,96.46292
-7.09573,106.28502,-955.906,88.38811
-7.10575,106.28185,-1156.599,79.51869
-7.11579,106.27867,-1294.617,70.72251
-7.12584,106.27549,-1446.958,61.64544
-7.13590,106.27230,-1556.287,52.76221
-7.14599,106.26911,-1655.364,43.74958
-7.15608,106.26590,-1680.566,35.82394
-7.16619,106.26271,-1605.138,29.86488
-7.17632,106.25950,-1476.333,26.72062
-7.18644,106.25629,-1403.892,24.40350
-7.19653,106.25309,-1274.702,24.86145
-7.20662,106.24988,-1225.966,26.68222
-7.21670,106.24667,-1042.786,32.03278
-7.22680,106.24349,-1015.514,37.70840
-7.23691,106.24030,-999.837,44.47789
-7.24703,106.23709,-957.138,52.58509
-7.25713,106.23388,-874.787,61.66482
-7.26722,106.23069,-838.201,71.47669
-7.27730,106.22752,-832.313,82.26947
-7.28736,106.22432,-813.269,93.64679
-7.29740,106.22113,-643.082,104.97694
-7.30745,106.21795,-604.539,116.52964
-7.31749,106.21476,-515.207,127.33761
-7.32750,106.21159,-491.650,137.95289
-7.33748,106.20842,-413.019,147.14055
-7.34748,106.20525,-416.709,156.37611
-7.35750,106.20207,-476.663,165.40972
-7.36755,106.19890,-570.450,173.26336
-7.37762,106.19570,-674.614,175.01951
-7.38770,106.19251,-837.765,173.01902
-6.79836,105.27710,150.000,52.01818
-6.79507,105.26647,273.000,49.54958
-6.79176,105.25583,334.000,90.02743
-6.78844,105.24517,123.000,115.15862
-6.78515,105.23451,50.000,117.20086
-6.78184,105.22387,20.736,119.98607
-6.77854,105.21324,9.824,128.18976
-6.77524,105.20261,-109.611,141.88293
-6.77191,105.19194,-214.285,168.87419
-6.76857,105.18126,-362.963,195.85865
-6.76524,105.17057,-351.811,194.24068
-6.76194,105.15990,-259.897,174.50030
-6.75863,105.14926,-224.446,147.57193
-6.75530,105.13862,-248.314,99.00126
-6.75196,105.12796,-395.562,66.97114
-6.74864,105.11727,-519.789,49.36964
-6.74535,105.10656,-710.762,-16.47250
-6.74204,105.09588,-834.211,NaN
-6.73873,105.08525,-979.387,NaN
-6.73542,105.07464,-1111.177,NaN
-6.73211,105.06403,-1188.819,NaN
-6.72879,105.05341,-1290.603,NaN
-6.72549,105.04278,-1355.190,NaN
-6.72219,105.03219,-1434.223,NaN
-6.71891,105.02163,-1460.253,NaN
-6.71561,105.01107,-1512.000,NaN
-6.71230,105.00048,-1599.000,NaN
-6.70900,104.98985,-1733.000,NaN
-6.70568,104.97920,-1699.000,NaN
-6.70236,104.96856,-1673.628,NaN
-6.69907,104.95791,-1734.542,NaN
-6.69576,104.94727,-1743.555,NaN
-6.69244,104.93664,-1709.217,NaN
-6.68914,104.92602,-1623.770,NaN
-6.68583,104.91542,-1647.221,NaN
-6.68253,104.90484,-1701.133,NaN
-6.67924,104.89426,-1668.477,NaN
-6.67594,104.88367,-1654.656,NaN
-6.77205,105.22735,26.000,143.77995
-6.76225,105.23038,58.000,151.36564
-6.75245,105.23343,32.506,137.70789
-6.74264,105.23647,-4.503,109.32304
-6.73285,105.23952,10.685,80.03810
-6.72306,105.24255,11.041,67.91261
-6.71328,105.24559,-39.939,63.32576
-6.70352,105.24863,-63.027,71.20796
-6.69379,105.25166,-63.219,78.97528
-6.68407,105.25468,-79.778,85.47253
-6.67435,105.25769,-101.015,81.86861
-6.66465,105.26071,-81.685,77.08189
-6.65493,105.26373,-70.089,70.05979
-6.64520,105.26676,-73.795,65.72678
-6.63550,105.26977,-87.947,66.21116
-6.62581,105.27277,-98.423,68.29861
-6.61610,105.27578,-103.463,70.19530
-6.60639,105.27880,-110.517,70.16022
-6.59666,105.28182,-86.964,70.14028
-6.58691,105.28484,-4.802,71.57848
-6.57716,105.28786,24.642,76.13110
-6.56742,105.29088,21.773,81.83142
-6.55770,105.29391,-3.786,86.26940
-6.54798,105.29693,-31.217,89.47195
-6.53824,105.29995,-47.282,89.14709
-6.52851,105.30296,-75.065,86.95030
-6.51881,105.30595,-92.374,83.65678
-6.50915,105.30894,-104.106,79.33241
-6.49951,105.31194,-107.586,75.34792
-6.48990,105.31494,-103.183,70.63088
-6.48027,105.31795,-100.302,65.92830
-6.47064,105.32094,-101.984,60.41551
-6.46104,105.32393,-106.260,52.58995
-6.45145,105.32690,-107.597,42.76396
-6.44182,105.32989,-107.896,26.61827
-6.43212,105.33291,-112.917,8.42708
-6.42237,105.33594,-110.311,0.53375
-6.41258,105.33897,-107.868,3.49005
-6.40278,105.34200,-112.020,19.35202
-6.39297,105.34505,-117.105,44.54711
-6.38314,105.34809,-118.509,74.00929
-6.37328,105.35114,-116.985,91.57882
-6.36340,105.35419,-116.135,97.35909
-6.35351,105.35727,-117.575,88.35768
-6.34363,105.36033,-116.429,73.38041
-6.33374,105.36339,-114.650,54.73472
-6.32385,105.36646,-113.833,41.05151
-6.31395,105.36954,-114.468,33.98055
-6.30405,105.37261,-115.000,36.25947
-6.29414,105.37569,-115.000,41.29400
-6.28424,105.37875,-110.723,48.41097
-6.27432,105.38181,-100.129,53.38475
-6.26440,105.38488,-98.162,56.16621
-6.25447,105.38798,-103.000,53.58587
-6.24452,105.39107,-96.408,48.67776
-6.23457,105.39416,-95.957,41.62559
-6.22463,105.39723,-102.414,34.51056
-6.21468,105.40030,-112.200,28.90461
-6.20473,105.40339,-111.855,33.49882
-6.19479,105.40647,-105.330,43.23999
-6.18485,105.40956,-93.686,57.72139
-6.17488,105.41266,-56.120,72.87640
-6.16488,105.41576,-24.409,87.31687
-6.15484,105.41889,42.000,90.94168
-6.14479,105.42199,38.705,87.92771
-6.13480,105.42508,-1.000,80.72625
-6.12483,105.42816,-39.179,73.18300
-6.11487,105.43125,-68.730,65.95014
-6.10490,105.43437,-45.871,48.74887
-6.09491,105.43748,-8.041,36.54490
-6.08491,105.44058,-16.775,44.60522
-6.07493,105.44367,-12.431,46.21570
-6.06499,105.44674,-14.592,45.31242
-6.05506,105.44980,-15.869,36.08969
-6.04513,105.45290,-9.451,25.19646
-6.03517,105.45599,-6.367,15.49810
-6.02519,105.45910,-2.918,14.53073
-6.01521,105.46220,-3.304,16.07666
-6.00520,105.46530,-8.804,22.16088
-5.99518,105.46839,-16.456,29.72771
-5.98516,105.47148,-18.601,37.48278
-5.97512,105.47458,15.998,38.07096
-5.96510,105.47766,102.000,35.87733
-5.95514,105.48075,611.000,26.79581
-5.94521,105.48383,566.000,20.60210
-5.93531,105.48691,261.000,21.00380
-5.92542,105.48996,68.000,35.61497
-5.91552,105.49302,-26.172,54.23393
-5.90557,105.49611,-31.171,80.25381
-5.89557,105.49919,-16.000,101.90207
-5.88553,105.50229,86.000,113.10053
-5.87549,105.50541,71.000,105.89020
-5.86549,105.50849,176.000,93.65702
-5.85552,105.51159,9.187,74.15862
-5.84557,105.51466,-41.250,56.12408
-5.83566,105.51773,-46.426,40.31639
-5.82575,105.52079,-48.619,32.91715
-5.81580,105.52387,-58.500,28.28068
-5.80579,105.52699,-58.020,28.96052
-5.79574,105.53012,-44.817,32.52497
-5.78568,105.53323,-33.404,40.39829
-5.77565,105.53630,-30.420,52.71933
-5.76568,105.53937,-24.544,65.53830
-5.75577,105.54244,-13.252,79.56212
-5.74590,105.54551,-7.475,90.20900
-5.73601,105.54859,-10.637,96.00410
-6.06471,105.59439,-39.607,-8.91435
-6.07597,105.59082,-43.316,-11.19210
-6.08724,105.58723,-45.406,-12.18096
-6.09854,105.58364,-46.700,-13.31091
-6.10985,105.58005,-44.217,-13.67078
-6.12116,105.57645,-50.466,-8.07074
-6.13250,105.57286,-58.282,4.41734
-6.14385,105.56928,-65.657,3.10995
-6.15517,105.56570,-69.902,3.86539
-6.16644,105.56215,-75.263,17.81869
-6.17769,105.55860,-78.434,33.66862
-6.18893,105.55504,-80.474,44.91933
-6.20018,105.55147,-82.694,52.44256
-6.21147,105.54788,-82.620,48.09929
-6.22277,105.54430,-81.635,41.42796
-6.23406,105.54071,-85.833,33.57557
-6.24533,105.53712,-90.120,30.24028
-6.25661,105.53356,-97.235,32.44634
-6.26793,105.52997,-99.000,42.47946
-6.27929,105.52638,-99.475,56.46909
-6.29065,105.52277,-96.740,68.92540
-6.30198,105.51918,-95.961,79.74499
-6.31329,105.51559,-96.154,86.12542
-6.32458,105.51201,-94.102,86.20266
-6.33584,105.50846,-91.547,83.12602
-6.34709,105.50492,-91.635,76.87922
-6.35830,105.50135,-90.259,71.09415
-6.36949,105.49778,-91.024,67.12721
-6.38068,105.49422,-92.568,66.71721
-6.39187,105.49068,-89.194,66.09351
-6.40308,105.48713,-86.587,64.09046
-6.41430,105.48359,-84.738,57.73412
-6.42554,105.48003,-84.227,46.92835
-6.43680,105.47647,-84.010,37.79830
-6.44808,105.47289,-82.932,32.88587
-6.45937,105.46932,-81.040,37.41208
-6.47063,105.46575,-80.930,47.70647
-6.48187,105.46218,-80.388,64.19239
-6.49312,105.45859,-80.320,77.50854
-6.50439,105.45499,-79.050,88.44224
-6.51565,105.45141,-77.142,96.78069
-6.52686,105.44787,-75.861,98.69238
-6.53805,105.44433,-75.463,96.23129
-6.54925,105.44078,-74.559,90.11877
-6.56045,105.43724,-74.613,78.49540
-6.57165,105.43369,-74.108,66.07987
-6.58286,105.43013,-74.635,53.93703
-6.59405,105.42658,-74.552,46.22224
-6.60521,105.42303,-67.799,40.34339
-6.61636,105.41948,-60.357,36.09981
-6.62747,105.41595,-48.695,33.13577
-6.63858,105.41243,-32.104,33.11886
-6.64968,105.40891,-25.464,35.36899
-6.66078,105.40540,-17.351,43.85421
-6.67187,105.40188,-21.632,55.20298
-6.68299,105.39835,-13.533,70.15447
-6.69411,105.39481,7.884,83.90819
-6.70522,105.39127,20.000,94.35887
-6.71632,105.38774,22.000,101.30950
-6.72743,105.38421,17.000,100.08561
-6.73856,105.38068,19.000,94.99762
-6.74971,105.37714,33.000,87.78858
-6.76087,105.37359,45.000,86.16854
-6.77206,105.37003,50.000,88.92751
-6.78325,105.36648,33.000,97.19394
-6.79448,105.36290,24.000,118.43569
-6.80574,105.35934,16.000,140.12284
-6.81701,105.35575,35.995,163.12841
-6.82830,105.35217,67.368,182.59377
-6.83961,105.34860,70.794,193.18348
-6.85091,105.34501,-99.309,193.44620
-6.86221,105.34140,-202.019,178.75844
-6.87352,105.33781,-295.646,156.27854
-6.88484,105.33421,-218.674,124.65780
-6.89615,105.33061,-87.060,79.93601
-6.90746,105.32700,-10.134,39.71386
-6.91876,105.32339,-20.799,5.57263
-6.93009,105.31980,-78.960,-10.26895
-6.94142,105.31618,-106.826,-6.77574
-6.95275,105.31261,-166.733,5.62197
-6.96408,105.30903,-214.368,9.37927
-6.97540,105.30544,-254.055,-16.21755
-6.98673,105.30183,-280.486,-59.61017
-6.99804,105.29823,-326.748,-116.19360
-7.00934,105.29463,-370.714,-137.84227
-7.02063,105.29098,-512.267,-133.07442
-7.03194,105.28737,-816.711,-92.28180
-7.25319,105.36318,-1801.000,-127.83681
-7.24344,105.36626,-1787.000,-128.91676
-7.23371,105.36935,-1755.500,-133.96962
-7.22398,105.37244,-1690.000,-143.66787
-7.21425,105.37552,-1656.000,-152.66118
-7.20453,105.37858,-1739.000,-161.96177
-7.19483,105.38165,-1673.274,-163.64393
-7.18514,105.38471,-1626.000,-157.39635
-7.17548,105.38780,-1572.315,-137.27428
-7.16584,105.39086,-1503.461,-114.01954
-7.15622,105.39392,-1453.643,-89.03342
-7.14662,105.39696,-1377.356,-64.85770
-7.13704,105.40000,-1198.724,-42.91797
-7.12751,105.40302,-1055.740,-26.66324
-7.11801,105.40605,-878.122,-12.64261
-7.10850,105.40908,-724.328,-5.43054
-7.09896,105.41212,-522.136,-0.89005
-7.08939,105.41517,-427.873,-3.81963
-7.07981,105.41820,-340.983,-5.83530
-7.07023,105.42124,-181.630,-4.58622
-7.06067,105.42428,-109.500,6.65500
-7.05112,105.42730,-50.415,22.74809
-7.04157,105.43031,-24.091,46.66065
-7.03200,105.43335,-22.400,70.86248
-7.02242,105.43640,-13.710,86.47021
-7.01280,105.43945,-5.851,96.15829
-7.00314,105.44251,-12.356,99.04523
-6.99344,105.44557,-21.314,99.58869
-6.98373,105.44863,-47.030,98.74590
-6.97399,105.45170,-90.262,99.96615
-6.96424,105.45477,-149.163,101.40773
-6.95447,105.45786,-193.222,104.00145
-6.94471,105.46095,-334.467,106.85592
-6.93496,105.46403,-448.170,109.55235
-6.92521,105.46711,-535.126,110.50294
-6.91543,105.47023,-585.213,111.10075
-6.90560,105.47337,-564.097,111.47490
-6.89574,105.47651,-427.789,113.73948
-6.88583,105.47964,-339.874,118.99928
-6.87591,105.48278,-258.510,129.14885
-6.86600,105.48592,20.000,140.09312
-6.85613,105.48903,29.000,149.78719
-6.84626,105.49216,35.000,155.98881
-6.83636,105.49527,33.000,157.28948
-6.82653,105.49838,34.000,155.91130
-6.81671,105.50149,31.000,153.18487
-6.80689,105.50463,11.000,154.69718
-6.79702,105.50777,11.000,157.06302
-6.78708,105.51092,26.000,162.32609
-6.77712,105.51407,50.000,167.99288
-6.76715,105.51722,67.000,174.00301
-6.75715,105.52037,38.000,171.93071
-6.74718,105.52354,88.000,167.24582
-6.73721,105.52669,36.000,158.56492
-6.72723,105.52987,34.000,149.77366
-6.71726,105.53303,9.000,141.14192
-6.70729,105.53618,-5.517,138.15092
-6.69733,105.53933,-65.050,136.17858
-6.68738,105.54247,-78.758,135.10712
-6.67745,105.54562,-52.328,131.91778
-6.66753,105.54878,-23.735,127.33593
-6.65761,105.55194,-16.498,119.29771
-6.64762,105.55508,-26.031,111.59695
-6.63760,105.55823,-33.052,105.75852
-6.62762,105.56139,-35.647,100.93124
-6.61765,105.56453,-37.601,96.75311
-6.60764,105.56769,-38.006,90.09181
-6.59757,105.57088,-36.050,82.92077
-6.58749,105.57407,-33.551,75.30657
-6.57740,105.57728,-34.545,70.68963
-6.56728,105.58047,-34.391,67.82586
-6.55712,105.58369,-36.705,74.83688
-6.54693,105.58692,-42.389,86.90996
-6.53674,105.59016,-42.828,103.42401
-6.52661,105.59337,-35.991,118.21554
-6.51654,105.59658,-38.317,132.65546
-6.50646,105.59977,-42.945,136.92047
-6.49639,105.60294,-45.224,132.79998
-6.48635,105.60612,-45.609,121.13233
-6.47631,105.60930,-49.622,106.60317
-6.46629,105.61246,-59.874,91.02626
-6.45625,105.61564,-59.175,77.78384
-6.44619,105.61882,-57.939,69.60035
-6.43616,105.62198,-60.627,68.46273
-6.42617,105.62513,-61.977,71.89042
-6.41621,105.62826,-65.077,77.22223
-6.40627,105.63140,-62.089,79.94594
-6.39627,105.63458,-58.402,80.23740
-6.38620,105.63778,-55.053,76.51302
-6.37608,105.64099,-53.519,74.93850
-6.36590,105.64420,-47.182,74.77660
-6.35569,105.64743,-44.155,82.92350
-6.34549,105.65063,-43.324,93.37406
-6.33533,105.65383,-39.601,105.57939
-6.32515,105.65703,-36.654,111.85910
-6.31498,105.66023,-38.659,115.32815
-6.30490,105.66342,-36.620,113.04601
-6.29482,105.66662,-31.249,110.63623
-6.28475,105.66980,-29.694,108.05281
-6.27469,105.67299,-30.871,110.11609
-6.26459,105.67620,-34.000,113.24068
-6.25450,105.67941,-33.859,116.27418
-6.24438,105.68262,-31.912,113.77853
-6.23421,105.68582,-35.782,102.79809
-6.22401,105.68905,-39.092,81.31626
-6.21380,105.69225,-40.717,59.98366
-6.20369,105.69544,-42.646,39.59259
-6.19362,105.69862,-42.494,27.01503
-6.18355,105.70181,-42.827,21.65834
-6.17347,105.70499,-45.794,32.68678
-6.16341,105.70817,-49.891,45.64263
-6.15332,105.71134,-52.000,63.43507
-6.14323,105.71452,-50.001,79.31061
-6.13319,105.71772,-55.686,93.33442
-6.12313,105.72091,-57.896,91.14332
-6.11307,105.72410,-55.529,86.06731
-6.10299,105.72728,-55.395,75.43790
-6.09292,105.73043,-55.226,65.65372
-6.08288,105.73358,-49.673,56.70233
-6.07285,105.73674,-45.679,53.49740
-6.06286,105.73991,-43.060,50.25614
-6.05284,105.74309,-43.026,46.60976
-6.04274,105.74629,-45.723,40.31313
-6.03260,105.74949,-49.465,32.67217
-6.02247,105.75270,-52.690,25.62663
-6.01235,105.75587,-59.892,22.15825
-6.00222,105.75907,-65.022,22.73139
-5.99213,105.76230,-70.433,29.30624
-5.98204,105.76548,-69.500,38.34445
-5.97196,105.76865,-70.476,49.86967
-5.96188,105.77182,-89.883,59.12728
-5.95179,105.77501,-111.503,66.38491
-5.94166,105.77822,-123.946,69.92342
-5.93151,105.78143,-112.817,72.29548
-5.92136,105.78465,-104.063,72.14252
-5.91120,105.78786,-94.992,72.82377
-5.90103,105.79107,-99.527,74.44204
-5.89082,105.79430,-104.776,78.99874
-5.88061,105.79750,-72.861,84.10245
-5.87038,105.80072,-22.760,90.28314
-5.86014,105.80393,-10.660,93.68886
-5.84988,105.80715,-19.992,95.30682
-5.83960,105.81038,-33.858,91.55952
-5.82931,105.81365,-41.747,85.59576
-5.81900,105.81691,-49.125,76.10278
-5.80873,105.82016,-47.800,69.30600
-5.79847,105.82342,-34.875,64.65536
-5.78825,105.82663,-28.238,66.91103
-5.77811,105.82984,-26.423,75.04746
-5.76803,105.83301,-26.365,89.85120
-5.75801,105.83616,-27.116,108.62654
-5.74803,105.83929,-21.260,125.32579
-5.73806,105.84245,-16.000,134.73266
-5.72809,105.84559,-14.820,131.87454
-5.71813,105.84871,-12.074,116.75544
-5.70819,105.85184,-10.927,90.39873
-5.69823,105.85499,-13.305,65.56772
-5.68823,105.85815,-13.163,50.33374
-5.67818,105.86132,-16.081,42.49985
-5.66809,105.86451,-17.657,41.18631
-5.69779,105.99973,-38.607,98.65851
-5.70854,105.99632,-42.444,103.23395
-5.71935,105.99291,-44.594,97.81971
-5.73021,105.98947,-48.119,78.65877
-5.74107,105.98604,-47.481,59.08869
-5.75192,105.98263,-46.781,41.22436
-5.76279,105.97919,-51.205,33.57355
-5.77365,105.97576,-54.542,28.71665
-5.78452,105.97232,-58.968,25.43025
-5.79541,105.96889,-53.479,26.12533
-5.80630,105.96546,-53.019,30.10628
-5.81718,105.96205,-59.681,37.95529
-5.82803,105.95863,-64.672,52.43803
-5.83886,105.95522,-71.494,68.96312
-5.84971,105.95178,-72.065,88.24336
-5.86053,105.94836,-66.708,102.54098
-5.87133,105.94498,-53.609,108.81534
-5.88206,105.94161,-45.006,107.60875
-5.89276,105.93824,-42.933,99.01500
-5.90346,105.93486,-45.676,87.81369
-5.91417,105.93146,-51.175,72.85293
-5.92491,105.92807,-56.172,57.19256
-5.93564,105.92468,-60.873,42.04184
-5.94639,105.92128,-57.000,28.72944
-5.95715,105.91788,-54.469,21.10497
-5.96788,105.91448,-56.390,20.01674
-5.97856,105.91108,-64.519,27.52244
-5.98921,105.90772,-60.882,36.17228
-5.99987,105.90438,-45.779,46.20208
-6.01052,105.90099,-40.419,53.07077
-6.02117,105.89762,-36.631,57.90957
-6.03187,105.89424,-31.063,60.56292
-6.04257,105.89089,-19.946,62.41007
-6.05324,105.88753,-13.208,63.64681
-6.06387,105.88418,-15.838,63.64152
-6.07449,105.88083,7.000,60.31175
-6.08513,105.87749,-21.349,55.95391
-6.09575,105.87414,-21.616,52.86514
-6.10637,105.87079,-14.543,56.13921
-6.11702,105.86741,8.000,64.83981
-6.12772,105.86405,8.000,88.41708
-6.13840,105.86064,6.000,107.46511
-6.14903,105.85728,9.000,122.48376
-6.15965,105.85390,8.000,114.96537
-6.17031,105.85055,18.000,96.14717
-6.18104,105.84716,29.000,55.40659
-6.19172,105.84378,27.000,17.97898
-6.20236,105.84040,35.000,-11.94592
-6.21295,105.83705,30.000,-21.34722
-6.22363,105.83368,23.000,-10.00847
-6.23435,105.83031,6.000,18.04210
-6.24503,105.82691,7.000,44.94026
-6.25572,105.82354,-1.316,58.46759
-6.26640,105.82019,-2.641,61.23034
-6.27707,105.81682,3.065,45.19171
-6.28776,105.81345,-9.239,27.26684
-6.29850,105.81007,-16.737,10.96199
-6.30920,105.80666,-21.658,2.29295
-6.31983,105.80329,-22.464,-2.88520
-6.33050,105.79992,-22.595,-1.44911
-6.34114,105.79659,-20.637,14.33083
-6.35173,105.79323,-19.282,33.89538
-6.36230,105.78989,-17.058,58.99351
-6.37288,105.78655,-9.842,83.06513
-6.38346,105.78321,-4.855,106.88213
-6.39401,105.77987,-3.566,116.97171
-6.40447,105.77657,-2.982,122.82234
-6.41491,105.77327,-2.977,123.51077
-6.42526,105.76997,-2.394,123.69768
-6.43554,105.76669,-2.183,125.15344
-6.44582,105.76344,-2.505,130.76243
-6.45615,105.76018,-4.703,134.17548
-6.46649,105.75690,-6.510,136.20903
-6.47680,105.75364,-8.754,127.53199
-6.48706,105.75040,-10.624,116.85974
-6.49730,105.74717,-11.907,103.53890
-6.50756,105.74395,-9.996,98.12768
-6.51786,105.74069,-2.154,96.41716
-6.52821,105.73742,2.000,99.97217
-6.53864,105.73413,4.000,100.57194
-6.54911,105.73082,15.000,96.57647
-6.55958,105.72749,30.000,85.22114
-6.57008,105.72418,50.000,75.25171
-6.58056,105.72086,33.000,69.74174
-6.59102,105.71753,37.000,78.85304
-6.60146,105.71423,27.000,98.61765
-6.61189,105.71093,71.000,126.23252
-6.62237,105.70760,158.000,146.40345
-6.63295,105.70425,181.000,161.84429
-6.64359,105.70089,209.000,162.62378
-6.65421,105.69753,238.000,158.19621
-6.66481,105.69417,248.000,150.89074
-6.67542,105.69082,229.000,144.00177
-6.68605,105.68745,155.000,136.89976
-6.69671,105.68407,174.000,126.59222
-6.70742,105.68068,192.000,116.96184
-6.71816,105.67728,202.000,109.34931
-6.72894,105.67388,187.000,109.52202
-6.73972,105.67046,177.000,115.72035
-6.75049,105.66706,118.000,126.87406
-6.76128,105.66366,134.000,141.20018
-6.77208,105.66026,153.000,150.57890
-6.78290,105.65684,157.000,155.78279
-6.79373,105.65339,144.000,154.27060
-6.80452,105.64996,113.000,151.34601
-6.81527,105.64654,85.000,147.56860
-6.82601,105.64312,36.000,146.02718
-6.83673,105.63971,20.000,144.90385
-6.84743,105.63630,-210.381,145.48479
-6.85813,105.63294,-158.958,145.95233
-6.86881,105.62957,-43.932,147.34613
-6.87950,105.62619,10.233,149.88364
-6.89017,105.62280,1.337,151.72129
-6.90080,105.61942,-5.002,152.80298
-6.91143,105.61605,-9.953,149.65471
-6.92205,105.61269,-20.678,145.12311
-6.93265,105.60933,-32.582,140.12657
-6.94323,105.60598,-53.911,137.53337
-6.95381,105.60263,-73.618,135.35171
-6.96439,105.59928,-104.179,133.79264
-6.97504,105.59590,-123.773,128.27751
-6.98576,105.59251,-151.767,120.30818
-6.99649,105.58910,-177.852,108.55834
-7.00723,105.58570,-191.383,96.00523
-7.01798,105.58229,-156.735,83.15606
-7.02872,105.57888,-111.931,75.19324
-7.03946,105.57546,-15.124,68.31425
-7.05022,105.57204,-17.824,63.04470
-7.06099,105.56862,-42.303,57.14155
-7.07177,105.56521,-80.146,49.65571
-7.08258,105.56178,-97.686,40.27801
-7.09338,105.55837,-199.737,30.68702
-7.10417,105.55495,-372.851,21.43059
-7.11495,105.55154,-473.248,12.24042
-7.12572,105.54811,-629.921,5.51728
-7.13651,105.54469,-733.907,-0.21821
-7.14730,105.54126,-908.974,-4.45865
-7.15805,105.53784,-1026.942,-8.87380
-7.16877,105.53444,-1185.255,-14.06850
-9.08300,114.26065,-2714.461,-41.10907
-9.09394,114.25753,-2767.139,-61.23627
-9.10488,114.25440,-2849.486,-62.37001
-9.11586,114.25124,-2925.417,-35.37697
-9.12688,114.24813,-3052.923,-7.24426
-9.13791,114.24497,-3184.202,8.40264
-9.14895,114.24177,-3246.655,10.13413
-9.15992,114.23859,-3344.447,-0.83589
-9.17089,114.23542,-3430.112,-12.84319
-9.18183,114.23227,-3487.164,-25.36883
-9.19272,114.22911,-3560.188,-33.40073
-9.20360,114.22592,-3601.458,-40.31493
-9.21449,114.22275,-3669.929,-46.61851
-9.22537,114.21957,-3728.174,-53.21054
-9.23623,114.21639,-3764.880,-59.20783
-9.24706,114.21321,-3802.149,-60.26255
-9.25788,114.21002,-3839.886,-50.79556
-9.26872,114.20680,-3888.980,-37.49078
-9.27959,114.20356,-3930.961,-26.89479
-6.58887,114.75471,-64.871,137.55186
-6.59908,114.75164,-65.602,144.85278
-6.60926,114.74855,-67.573,103.16192
-6.61936,114.74549,-68.555,53.84462
-6.62943,114.74234,-71.601,5.86355
-6.63952,114.73917,-72.860,-14.62936
-6.64967,114.73600,-74.017,-17.52737
-6.65996,114.73279,-75.953,13.13660
-6.67030,114.72957,-77.075,44.84778
-6.68062,114.72635,-78.497,70.01179
-6.69096,114.72313,-79.389,82.73476
-6.70132,114.71991,-79.061,90.48150
-6.71168,114.71667,-79.313,87.56950
-6.72205,114.71344,-80.966,74.21451
-6.73232,114.71023,-80.882,56.06919
-6.74246,114.70707,-80.187,34.23472
-6.75254,114.70392,-81.916,14.70928
-6.76261,114.70079,-82.958,4.27023
-6.77269,114.69766,-82.952,15.76461
-6.78281,114.69452,-83.852,39.96137
-6.79296,114.69136,-87.629,75.09979
-6.80319,114.68818,-90.118,108.55708
-6.81355,114.68495,-91.629,137.24977
-6.82398,114.68171,-91.757,144.92171
-6.83444,114.67846,-93.879,138.84400
-6.84485,114.67520,-93.004,115.77815
-6.85525,114.67194,-81.706,89.43969
-6.86563,114.66868,-76.506,58.15269
-6.87593,114.66545,-74.808,31.01724
-6.88618,114.66226,-75.906,11.14976
-6.89642,114.65908,-75.074,3.48631
-6.90667,114.65588,-72.695,5.85762
-6.91695,114.65269,-69.789,13.93631
-6.92725,114.64946,-68.530,28.96763
-6.93758,114.64625,-63.569,41.97224
-6.94794,114.64301,-51.456,51.67845
-6.95833,114.63978,-34.410,56.27412
-6.96874,114.63656,-35.594,59.19810
-6.97915,114.63332,-25.256,59.01735
-6.98954,114.63009,-9.524,58.18485
-6.99990,114.62686,-15.722,58.00542
-7.01028,114.62361,-50.742,59.68554
-7.02070,114.62037,-51.487,62.53314
-7.03111,114.61713,-50.205,66.79400
-7.04151,114.61390,-53.587,70.05630
-7.05193,114.61063,-61.998,72.36574
-7.06239,114.60737,-62.420,71.56188
-7.07289,114.60408,-39.038,67.90715
-7.08338,114.60080,-15.099,61.82666
-7.09385,114.59754,-6.782,53.60817
-7.10431,114.59428,-10.419,47.21825
-7.11480,114.59101,-17.453,42.94077
-7.12528,114.58775,-11.355,41.63422
-7.13579,114.58447,11.724,40.70510
-7.14627,114.58120,32.000,40.75664
-7.15670,114.57794,24.000,41.62491
-7.16714,114.57467,6.000,42.66028
-7.17756,114.57141,-27.092,47.58741
-7.18798,114.56817,6.014,53.24849
-7.19840,114.56492,-17.331,59.99755
-7.20877,114.56169,-72.198,60.14760
-7.21911,114.55847,-92.370,56.68327
-7.22948,114.55523,-105.733,46.16661
-7.23988,114.55197,-106.258,34.20187
-7.25031,114.54873,-102.711,22.22438
-7.26079,114.54547,-98.945,21.84842
-7.27128,114.54220,-96.938,25.62281
-7.28174,114.53893,-97.514,34.43716
-7.29218,114.53566,-97.377,42.88850
-7.30256,114.53243,-94.840,49.99573
-7.31291,114.52918,-94.694,51.14566
-7.32337,114.52590,-96.610,51.58978
-7.33394,114.52261,-102.536,52.29708
-7.34460,114.51929,-102.144,53.91318
-7.35533,114.51594,-99.782,54.50607
-7.36608,114.51257,-98.598,51.77860
-7.37683,114.50921,-97.649,43.02668
-7.38762,114.50585,-97.067,31.80634
-7.39842,114.50249,-99.164,16.72490
-7.40922,114.49912,-102.187,-1.00915
-7.41999,114.49574,-103.530,-17.46384
-7.43074,114.49240,-106.914,-30.76131
-7.44153,114.48903,-107.057,-37.03640
-7.45231,114.48568,-106.138,-38.64055
-7.46311,114.48227,-105.848,-28.97245
-7.47394,114.47888,-106.487,-12.56108
-7.48479,114.47548,-109.392,5.37240
-7.49561,114.47210,-110.085,22.15544
-7.50642,114.46872,-112.654,36.52660
-7.51722,114.46534,-117.064,48.32634
-7.52803,114.46196,-116.713,54.65155
-7.53890,114.45855,-115.085,58.97003
-7.54975,114.45514,-114.971,61.40293
-7.56060,114.45174,-116.336,57.48944
-7.57145,114.44834,-120.123,51.22372
-7.58231,114.44494,-122.886,43.49675
-7.59320,114.44155,-122.029,41.40701
-7.60409,114.43815,-115.662,42.88892
-7.61498,114.43478,-100.845,49.21830
-7.62586,114.43138,-100.111,56.11789
-7.63672,114.42799,-100.309,60.64882
-7.64753,114.42460,-70.369,61.08766
-7.65832,114.42123,-39.926,58.28173
-7.66911,114.41787,-4.001,54.22729
-7.67991,114.41447,-37.018,50.88917
-7.69074,114.41107,-58.605,49.83688
-7.70155,114.40770,-104.335,49.97152
-7.71237,114.40431,-111.215,52.42395
-7.72319,114.40093,-110.917,56.43076
-7.73402,114.39755,-92.549,61.92866
-7.74487,114.39415,-68.936,67.88399
-7.75573,114.39075,-41.021,73.03001
-7.76658,114.38736,11.000,77.81110
-7.77739,114.38399,74.000,79.12004
-7.78817,114.38064,118.000,79.42176
-7.79895,114.37728,147.000,79.53824
-7.80972,114.37392,354.000,80.47879
-7.82046,114.37055,719.000,80.90924
-7.83120,114.36717,787.000,82.88754
-7.84204,114.36379,968.000,83.27873
-7.85297,114.36036,934.000,83.86308
-7.86390,114.35694,541.000,85.49132
-7.87482,114.35352,392.000,84.71908
-7.88567,114.35011,268.000,82.48760
-7.89652,114.34669,199.000,77.08171
-7.90740,114.34328,133.000,70.80254
-7.91826,114.33987,133.000,65.12344
-7.92909,114.33649,165.000,61.88304
-7.93991,114.33310,189.000,62.05755
-7.95070,114.32969,232.000,65.83122
-7.96151,114.32630,277.000,72.18275
-7.97230,114.32291,326.000,81.08339
-7.98304,114.31954,381.000,92.32331
-7.99381,114.31616,453.000,104.81303
-8.00465,114.31279,494.000,120.75704
-8.01552,114.30937,569.000,138.53667
-8.02641,114.30597,696.000,153.06111
-8.03726,114.30258,814.000,164.92820
-8.04811,114.29920,1027.000,173.74262
-8.05902,114.29578,1238.000,165.44943
-8.06997,114.29238,1266.000,153.70174
-8.08100,114.28893,1287.000,143.66327
-8.09210,114.28545,1145.000,131.21793
-8.10323,114.28198,1060.000,115.22771
-8.11436,114.27847,925.000,99.51344
-8.12550,114.27496,841.000,85.10466
-8.13659,114.27150,771.000,72.05568
-8.14767,114.26801,687.000,64.12345
-8.15876,114.26455,611.000,63.80380
-8.16985,114.26105,580.000,66.81975
-8.18089,114.25759,502.000,72.43986
-8.19192,114.25411,452.000,78.80171
-8.20301,114.25063,424.000,86.14264
-8.21407,114.24715,359.000,92.13633
-8.22511,114.24369,339.000,96.10531
-8.23614,114.24022,303.000,99.55591
-8.24714,114.23676,281.000,101.29139
-8.25818,114.23332,265.000,102.25509
-8.26920,114.22985,240.000,102.34238
-8.28029,114.22638,224.000,101.49099
-8.29139,114.22291,209.000,97.87240
-8.30245,114.21945,193.000,91.60611
-8.31350,114.21598,180.000,81.17845
-8.32460,114.21249,173.000,73.41068
-8.33568,114.20900,160.000,68.46453
-8.34675,114.20554,152.000,71.22385
-8.35780,114.20206,147.000,82.68905
-8.36881,114.19860,141.000,101.30486
-8.37973,114.19516,127.000,127.19097
-8.39065,114.19174,124.000,151.97526
-8.40157,114.18830,114.000,176.22437
-8.41253,114.18485,112.000,194.48117
-8.42356,114.18143,107.000,200.25093
-8.43453,114.17797,98.000,196.69841
-8.44553,114.17452,95.000,183.18848
-8.45656,114.17105,89.000,170.14001
-8.46758,114.16759,82.000,157.43890
-8.47857,114.16413,77.000,153.02479
-8.48954,114.16067,68.000,151.63880
-8.50045,114.15724,65.000,151.69660
-8.51134,114.15382,66.000,154.36754
-8.52222,114.15039,60.000,159.74502
-8.53316,114.14697,45.000,168.68327
-8.54413,114.14353,47.000,179.60116
-8.55508,114.14009,41.000,187.39968
-8.56602,114.13666,36.000,192.02369
-8.57696,114.13322,23.000,185.67361
-8.58792,114.12976,23.000,174.09101
-8.59890,114.12630,17.000,161.48404
-8.60990,114.12285,11.000,154.18017
-8.62084,114.11941,-20.371,149.87552
-8.63176,114.11600,-39.339,149.03879
-8.64269,114.11255,-80.033,143.37992
-8.65360,114.10914,-100.451,134.12415
-8.66450,114.10570,-156.091,119.56645
-8.67538,114.10229,-245.051,105.57364
-8.68625,114.09887,-318.464,95.53512
-8.69717,114.09542,-443.364,97.56951
-8.70816,114.09197,-531.952,104.31653
-8.71919,114.08852,-635.722,111.34800
-8.73027,114.08504,-725.843,114.96355
-8.74135,114.08155,-778.382,108.21019
-8.75241,114.07806,-865.543,95.53131
-8.76347,114.07458,-961.553,78.80640
-8.77456,114.07109,-1035.911,63.23990
-8.78566,114.06758,-1131.616,49.06990
-8.79680,114.06407,-1184.618,40.65153
-8.80795,114.06056,-1095.981,35.42112
-8.81910,114.05705,-1339.186,30.16753
-8.83024,114.05357,-1506.010,26.35797
-8.84135,114.05005,-1544.387,25.87339
-8.85247,114.04654,-1459.036,29.12696
-8.86362,114.04302,-1554.801,33.08734
-8.87476,114.03951,-1720.864,24.20054
-8.88587,114.03598,-1922.127,6.33849
-8.89696,114.03247,-2058.927,-20.42566
-9.24353,114.06710,-3588.113,-375.03506
-9.23335,114.07020,-3575.232,-254.19076
-9.22318,114.07331,-3613.233,-109.22215
-9.21300,114.07643,-3663.551,4.96183
-9.20284,114.07953,-3726.579,75.81933
-9.19268,114.08265,-3753.082,102.16104
-9.18248,114.08578,-3777.373,98.09785
-9.17227,114.08890,-3766.043,73.13667
-9.16206,114.09205,-3662.905,49.16421
-9.15186,114.09518,-3552.577,23.71698
-9.14170,114.09829,-3420.159,4.10590
-9.13156,114.10142,-3260.230,-11.17801
-9.12151,114.10450,-3153.671,-14.82152
-9.11149,114.10757,-3116.577,-10.83417
-9.10149,114.11063,-3073.808,0.53665
-9.09148,114.11370,-2930.423,19.06533
-9.08139,114.11679,-2839.968,38.83307
-9.07127,114.12002,-2798.130,48.63041
-9.06116,114.12333,-2731.776,49.74847
-9.05105,114.12661,-2694.367,44.58280
-9.04097,114.12983,-2647.808,33.48658
-9.03092,114.13302,-2616.846,21.65237
-9.02087,114.13621,-2582.586,9.19114
-9.01077,114.13941,-2522.477,-0.54765
-9.00064,114.14262,-2478.830,-8.76682
-8.99052,114.14578,-2387.107,-13.75729
-8.98041,114.14897,-2329.832,-16.78887
-8.97026,114.15218,-2232.564,-13.16564
-8.96007,114.15538,-2173.055,-4.20533
-8.94989,114.15858,-2074.201,7.46586
-8.93974,114.16177,-1995.332,24.19867
-8.92963,114.16494,-1928.829,42.34753
-8.91956,114.16810,-1807.038,62.29284
-8.90946,114.17128,-1714.359,79.30200
-8.89938,114.17445,-1550.015,95.02424
-8.88929,114.17763,-1427.306,102.91731
-8.87916,114.18085,-1239.027,107.36845
-8.86898,114.18409,-1147.820,105.64840
-8.85878,114.18730,-992.310,98.26105
-8.84859,114.19051,-1040.523,90.88142
-8.83842,114.19371,-1010.098,83.02135
-8.82826,114.19690,-934.948,76.59537
-8.81814,114.20010,-872.324,71.68165
-8.80806,114.20327,-709.850,76.68432
-8.79797,114.20644,-528.343,83.89365
-8.78788,114.20962,-319.889,95.47450
-8.77776,114.21279,-93.102,106.69858
-8.76762,114.21597,-77.783,118.53258
-8.75750,114.21913,-177.755,125.47443
-8.74739,114.22232,-238.935,130.90138
-8.73726,114.22552,-240.360,134.07805
-8.72716,114.22871,-226.482,137.58355
-8.71712,114.23187,-201.390,141.08695
-8.70704,114.23504,-246.941,148.26371
-8.69695,114.23820,-360.002,155.97161
-8.68688,114.24136,-136.999,161.72887
-8.67679,114.24452,-91.559,165.19772
-8.66667,114.24769,-52.681,166.50750
-8.65651,114.25089,-23.101,162.37126
-8.64635,114.25407,-21.653,156.84791
-8.63624,114.25722,-21.526,150.57064
-8.62614,114.26043,-18.631,144.76314
-8.61595,114.26364,-12.312,138.82273
-8.60574,114.26686,15.000,134.48759
-8.59551,114.27007,7.000,131.21955
-8.58524,114.27326,21.000,128.37947
-8.57507,114.27646,17.000,123.78014
-8.56496,114.27963,10.000,118.17575
-8.55479,114.28282,16.000,109.59086
-8.54464,114.28603,23.000,103.78525
-8.53454,114.28920,28.000,100.51686
-8.52448,114.29235,28.000,105.16684
-8.51442,114.29552,35.000,111.87689
-8.50435,114.29869,36.000,121.94715
-8.49424,114.30187,35.000,128.39274
-8.48409,114.30504,24.000,131.41907
-8.47389,114.30826,24.000,129.07000
-8.46371,114.31145,18.000,125.84357
-8.45359,114.31464,15.000,121.54895
-8.44352,114.31781,14.000,117.74483
-8.43343,114.32098,13.000,114.27887
-8.42336,114.32415,16.000,110.22564
-8.41328,114.32731,16.000,105.51717
-8.40320,114.33048,18.000,99.33965
-8.39316,114.33361,17.000,92.51057
-8.38315,114.33674,19.000,86.45521
-8.37317,114.33987,15.000,86.22008
-8.36317,114.34303,14.000,89.92511
-8.35320,114.34617,9.000,100.70559
-8.34331,114.34925,15.000,113.96417
-8.33339,114.35238,14.000,126.41462
-8.32347,114.35551,6.000,122.01221
-8.31348,114.35866,9.000,112.68635
-8.30338,114.36184,5.000,92.76738
-8.29329,114.36498,2.249,71.79990
-8.28317,114.36815,0.271,51.02122
-8.27299,114.37132,-1.473,46.41256
-8.26284,114.37449,-0.201,47.76877
-8.25274,114.37764,1.438,59.15875
-8.24261,114.38082,3.194,78.61154
-8.23250,114.38401,2.000,101.29428
-8.22241,114.38719,2.000,108.43265
-8.21231,114.39036,-7.964,103.92767
-8.20220,114.39355,-6.498,85.53285
-8.19210,114.39671,-17.000,56.77268
-8.18204,114.39986,-14.351,25.44616
-8.17199,114.40302,-14.196,3.81242
-8.16188,114.40619,-17.497,-9.04884
-8.15174,114.40936,-17.135,-13.79963
-8.14162,114.41252,-12.720,-10.87582
-8.13149,114.41570,-16.001,-5.87207
-8.12132,114.41889,-8.588,3.09335
-8.11115,114.42207,-5.887,11.33944
-8.10098,114.42524,-9.342,18.58400
-8.09086,114.42841,-24.257,23.93539
-8.08071,114.43161,-23.253,27.89068
-8.07055,114.43480,-7.784,29.84868
-8.06037,114.43799,-0.054,28.54729
-8.05016,114.44119,1.933,25.18912
-8.03991,114.44438,-19.901,19.97575
-8.02966,114.44759,-38.583,16.72831
-8.01940,114.45081,-3.000,18.22585
-8.00913,114.45402,-8.237,22.74507
-7.99885,114.45726,-44.543,26.34608
-7.98856,114.46049,-45.789,22.58950
-7.97824,114.46373,-75.962,14.04754
-7.96790,114.46696,-52.926,0.43251
-7.95757,114.47020,7.000,-14.79237
-7.94722,114.47343,15.307,-29.89719
-7.93692,114.47666,-67.617,-45.19711
-7.92664,114.47989,-130.584,-59.60405
-7.91637,114.48312,-147.206,-73.84145
-7.90610,114.48631,-176.987,-72.59106
-7.89587,114.48951,-197.526,-66.23415
-7.88559,114.49274,-196.370,-53.10218
-7.87527,114.49597,-199.523,-37.83969
-7.86497,114.49919,-168.616,-21.71321
-7.85464,114.50244,-180.999,-5.47021
-7.84425,114.50568,-208.607,11.66172
-7.83384,114.50894,-236.534,29.81479
-7.82339,114.51220,-252.200,44.13097
-7.81294,114.51547,-288.900,53.81814
-7.80249,114.51873,-348.590,51.69960
-7.79197,114.52203,-381.171,40.35968
-7.78149,114.52531,-353.502,27.37987
-7.77104,114.52858,-339.129,16.02511
-7.76057,114.53187,-338.430,10.69182
-7.75014,114.53514,-338.711,11.98814
-7.73981,114.53837,-340.086,24.07444
-7.72951,114.54160,-345.907,35.95806
-7.71918,114.54484,-369.710,48.86958
-7.70885,114.54807,-369.112,59.75233
-7.69851,114.55130,-365.724,68.54733
-7.68808,114.55458,-366.569,70.65556
-7.67758,114.55785,-346.337,68.74776
-7.66706,114.56114,-329.151,63.60308
-7.65657,114.56441,-300.964,51.28163
-7.64613,114.56767,-285.344,37.63307
-7.63572,114.57090,-263.521,24.17089
-7.62533,114.57414,-246.804,17.99182
-7.61496,114.57739,-236.135,15.11307
-7.60460,114.58065,-231.079,19.54101
-7.59419,114.58391,-213.132,23.94908
-7.58372,114.58719,-194.262,27.34611
-7.57321,114.59048,-173.423,23.15591
-7.56268,114.59377,-163.686,16.94756
-7.55212,114.59706,-153.376,7.83227
-7.54155,114.60036,-142.636,0.12748
-7.53102,114.60365,-133.812,-4.45125
-7.52054,114.60692,-127.193,-4.33906
-7.51007,114.61019,-125.804,-2.72311
-7.49958,114.61348,-123.220,-0.17303
-7.48904,114.61679,-121.144,-0.39252
-7.47841,114.62013,-117.022,-2.09639
-7.46770,114.62348,-114.553,-4.78312
-7.45700,114.62680,-110.247,-5.27388
-7.44637,114.63012,-106.736,-4.83239
-7.43573,114.63343,-102.353,-2.89458
-7.42508,114.63676,-99.844,-5.82233
-7.41446,114.64005,-97.630,-11.99922
-7.40389,114.64337,-95.112,-24.73185
-7.39332,114.64670,-92.844,-41.99965
-7.38271,114.65002,-90.686,-63.01953
-7.37208,114.65336,-89.734,-77.32234
-7.36141,114.65669,-91.545,-81.61177
-7.35068,114.66003,-96.302,-76.28340
-7.33996,114.66336,-104.764,-49.98466
-7.32939,114.66663,-108.623,-18.68622
-7.31882,114.66996,-118.087,16.15039
-7.30819,114.67328,-121.848,35.00446
-7.29758,114.67660,-119.099,46.50492
-7.28701,114.67991,-111.267,44.88846
-7.27640,114.68323,-108.023,39.18107
-7.26577,114.68655,-101.616,31.31879
-7.25515,114.68986,-96.508,28.82103
-7.24453,114.69317,-86.978,29.62408
-7.23390,114.69647,-77.724,33.23929
-7.22323,114.69981,-57.634,39.15863
-7.21253,114.70318,-45.480,42.37825
-7.20180,114.70650,-29.848,41.32222
-7.19115,114.70981,-23.269,33.20985
-7.18048,114.71314,-29.462,22.45600
-7.16982,114.71647,-45.825,9.79171
-7.15918,114.71978,-43.134,9.49916
-7.14848,114.72312,-28.308,15.29491
-7.13776,114.72646,-17.133,33.40014
-7.12704,114.72980,-6.371,52.23410
-7.11633,114.73314,-0.869,71.97691
-7.10563,114.73647,0.368,68.34755
-7.09492,114.73979,-0.233,55.81337
-7.08423,114.74313,-3.705,34.23820
-7.07355,114.74647,-14.763,15.57900
-7.06286,114.74983,-19.267,4.72322
-7.05218,114.75318,-36.000,15.46093
-7.04149,114.75652,-10.839,38.71970
-7.03079,114.75986,5.313,63.11733
-7.02010,114.76317,-5.715,83.01346
-7.00941,114.76651,-33.273,88.54955
-6.99870,114.76986,-61.823,79.89596
-6.98797,114.77319,-72.767,60.50253
-6.97725,114.77653,-83.267,44.49917
-6.96655,114.77985,-88.011,30.76288
-6.95585,114.78319,-87.880,26.19575
-6.94515,114.78653,-87.804,24.35982
-6.93443,114.78987,-91.195,23.51500
-6.92371,114.79320,-97.217,20.30640
-6.91303,114.79654,-97.776,15.79765
-6.90234,114.79988,-96.940,9.15052
-6.89163,114.80323,-96.216,3.10338
-6.88088,114.80660,-95.846,-1.93923
-6.87013,114.80994,-93.504,-4.17277
-6.85942,114.81326,-91.852,-2.96884
-6.84873,114.81656,-89.715,0.34482
-6.83809,114.81988,-88.086,8.56750
-6.82749,114.82319,-86.350,14.82054
-6.81691,114.82648,-85.282,19.59869
-6.80627,114.82981,-82.031,19.77461
-6.79558,114.83317,-79.999,18.32121
-6.78491,114.83656,-81.175,16.14441
-6.77421,114.83998,-83.174,18.78511
-6.76342,114.84346,-83.529,25.39586
-6.75257,114.84693,-83.304,40.15420
-6.74167,114.85052,-84.088,60.01815
-6.73078,114.85420,-82.624,76.70633
-6.71988,114.85786,-80.400,82.23841
-6.70881,114.86112,-80.083,77.93043
-6.61868,114.17518,-71.002,-7.28222
-6.62997,114.17163,-70.120,23.28594
-6.64143,114.16805,-69.936,66.69101
-6.65293,114.16452,-70.671,100.50951
-6.66436,114.16095,-71.161,99.59162
-6.67578,114.15741,-70.441,84.09694
-6.68724,114.15383,-71.485,65.26247
-6.69867,114.15028,-74.996,45.31712
-6.71014,114.14670,-78.146,30.78924
-6.72164,114.14313,-74.135,17.87589
-6.73319,114.13954,-71.690,5.54587
-6.74466,114.13592,-67.680,-9.04392
-6.75613,114.13235,-60.825,-23.24283
-6.76761,114.12882,-56.794,-34.13643
-6.77912,114.12521,-54.891,-36.04192
-6.79058,114.12165,-46.233,-31.53341
-6.80203,114.11810,-40.202,-22.28815
-6.81350,114.11450,-34.155,-8.96547
-6.82505,114.11089,-27.215,0.64315
-6.83664,114.10730,-21.685,7.43738
-6.84823,114.10371,-18.131,11.18327
-6.85979,114.10009,-15.344,17.08959
-6.87133,114.09650,-13.048,26.88961
-6.88286,114.09290,-12.596,40.10997
-6.89442,114.08929,-12.191,53.09598
-6.90590,114.08570,-7.676,61.34431
-6.91730,114.08216,-1.000,62.37884
-6.92866,114.07860,4.000,45.47192
-6.94001,114.07509,8.000,26.73371
-6.95122,114.07154,8.000,7.35388
-6.96248,114.06805,20.000,-3.94568
-6.97381,114.06455,30.000,0.08709
-6.98512,114.06102,21.000,14.74568
-6.99648,114.05744,15.000,37.63507
-7.00786,114.05390,11.000,57.23109
-7.01920,114.05036,-3.000,72.11826
-7.03045,114.04685,-13.413,69.70236
-7.04160,114.04338,-14.822,57.06794
-7.05270,114.03991,-19.591,40.98593
-7.06377,114.03646,-4.044,24.23907
-7.07485,114.03297,14.916,16.00669
-7.08600,114.02952,44.000,16.36060
-7.09714,114.02604,63.000,23.74120
-7.10826,114.02256,22.000,31.48813
-7.11945,114.01911,-3.000,38.83207
-7.13069,114.01562,-16.499,43.41474
-7.14194,114.01211,-17.128,43.38891
-7.15317,114.00858,-16.537,42.46206
-7.16439,114.00507,-19.239,40.48466
-7.17560,114.00156,-21.657,38.38457
-7.18677,113.99806,-17.721,36.38374
-7.19793,113.99458,-4.629,34.70966
-7.20911,113.99108,-2.051,33.21103
-7.22028,113.98760,-19.935,31.38667
-7.23142,113.98414,-32.867,27.97701
-7.24248,113.98070,-33.507,21.88217
-7.25349,113.97726,-24.990,16.02586
-7.26448,113.97384,-16.994,11.64491
-7.27555,113.97039,-26.568,11.07515
-7.28665,113.96694,-36.293,11.76558
-7.29775,113.96347,-45.370,13.57700
-7.30878,113.96002,-48.683,12.92302
-7.31974,113.95657,-51.485,11.14975
-7.33071,113.95313,-55.203,8.88584
-7.34172,113.94969,-59.343,9.53345
-7.35277,113.94628,-62.092,12.37694
-7.36387,113.94279,-66.524,17.91192
-7.37502,113.93931,-69.341,23.12979
-7.38617,113.93582,-70.426,27.75598
-7.39731,113.93234,-71.599,28.43474
-7.40842,113.92886,-71.749,21.73414
-7.41947,113.92540,-72.473,13.42936
-7.43048,113.92197,-72.959,3.24995
-7.44146,113.91855,-73.916,-5.17663
-7.45242,113.91511,-76.728,-11.19935
-7.46339,113.91170,-78.827,-10.92972
-7.47436,113.90829,-79.147,-7.45112
-7.48534,113.90485,-81.021,-2.33551
-7.49640,113.90140,-83.769,4.99167
-7.50749,113.89792,-85.144,8.23317
-7.51857,113.89443,-87.769,8.95140
-7.52968,113.89095,-88.886,12.55139
-7.54083,113.88745,-89.171,18.36578
-7.55202,113.88397,-88.048,29.72368
-7.56319,113.88048,-86.581,43.33348
-7.57440,113.87698,-84.622,1.14704
-7.58567,113.87346,-78.603,-28.63337
-7.59698,113.86995,-69.069,16.95185
-7.60832,113.86641,-61.654,51.77716
-7.61966,113.86285,-52.122,46.32715
-7.63102,113.85926,-52.587,16.82669
-7.64237,113.85570,-49.776,10.57193
-7.65369,113.85217,-45.800,-43.25887
-7.66497,113.84864,-65.435,-187.19689
-7.67615,113.84513,-39.874,64.17267
-7.68725,113.84164,12.000,188.35465
-7.69836,113.83816,231.000,90.97418
-8.97448,113.57970,-2004.575,100.67226
-8.96458,113.58274,-2004.122,96.57970
-8.95473,113.58580,-2009.812,89.32037
-8.94495,113.58891,-2011.039,83.12001
-8.93515,113.59205,-2011.340,77.72531
-8.92530,113.59518,-2000.321,70.67301
-8.91541,113.59831,-1991.201,62.54910
-8.90550,113.60143,-1991.342,53.10126
-8.89556,113.60451,-1992.519,46.03619
-8.88567,113.60761,-1987.985,41.61902
-8.87577,113.61071,-1978.701,41.20163
-8.86590,113.61382,-1859.580,42.31331
-8.85604,113.61693,-1743.032,45.22482
-8.84620,113.62004,-1635.235,47.55649
-8.83635,113.62315,-1548.000,48.73504
-8.82646,113.62626,-1512.413,48.37092
-8.81658,113.62937,-1504.474,47.60268
-8.80671,113.63246,-1481.984,44.53476
-8.79691,113.63553,-1460.083,41.54124
-8.78722,113.63858,-1395.815,39.33016
-8.77756,113.64164,-1341.819,36.65056
-8.76791,113.64469,-1278.913,32.00487
-8.75829,113.64773,-1173.836,22.31206
-8.74865,113.65076,-1098.099,10.53122
-8.73898,113.65381,-1031.986,6.24153
-8.72931,113.65685,-962.027,26.95529
-8.71968,113.65990,-893.240,75.57246
-8.71005,113.66292,-867.907,57.09335
-8.70046,113.66592,-845.900,-13.96107
-8.69091,113.66891,-819.686,2.01361
-8.68135,113.67191,-787.374,23.96551
-8.67176,113.67494,-739.855,46.41208
-8.66215,113.67796,-642.476,64.43029
-8.65252,113.68100,-566.675,81.51958
-8.64282,113.68407,-489.853,88.05089
-8.63301,113.68715,-396.928,91.45541
-8.62316,113.69023,-336.600,93.96380
-8.61333,113.69333,-283.571,95.63754
-8.60351,113.69642,-221.252,96.21839
-8.59368,113.69950,-192.172,99.18401
-8.58387,113.70258,-166.453,103.96584
-8.57405,113.70566,-155.431,111.06835
-8.56423,113.70874,-152.708,117.65990
-8.55440,113.71184,-135.244,123.96717
-8.54450,113.71500,-77.611,128.98670
-8.53451,113.71813,-71.481,133.52960
-8.52450,113.72124,-58.795,137.25816
-8.51450,113.72436,87.000,139.17563
-8.50453,113.72750,229.000,139.67902
-8.49464,113.73061,238.000,139.80629
-8.48483,113.73368,171.000,139.35713
-8.47502,113.73676,61.000,140.72725
-8.46519,113.73988,64.000,142.32734
-8.45536,113.74296,113.000,145.00919
-8.44559,113.74601,342.000,146.45537
-8.43584,113.74908,373.000,147.12405
-8.42600,113.75218,358.000,146.20514
-8.41605,113.75532,119.000,145.69764
-8.40609,113.75845,263.000,147.00052
-8.39626,113.76153,302.000,149.35322
-8.38648,113.76458,135.000,153.36260
-8.37676,113.76763,78.000,156.05185
-8.36700,113.77070,48.000,157.95774
-8.35716,113.77381,52.000,159.40564
-8.34734,113.77687,106.000,161.29239
-8.33768,113.77986,153.000,165.02226
-8.32815,113.78287,222.000,170.48734
-8.31859,113.78592,394.000,177.67577
-8.30889,113.78899,621.000,185.11089
-8.29911,113.79204,652.000,192.89843
-8.28930,113.79512,734.000,197.12396
-8.27944,113.79823,474.000,199.06590
-8.26947,113.80137,357.000,193.93491
-8.25939,113.80454,322.000,182.17207
-8.24926,113.80772,313.000,169.13999
-8.23912,113.81089,306.000,155.97361
-8.22900,113.81405,312.000,143.78247
-8.21889,113.81722,301.000,132.62847
-8.20880,113.82038,257.000,122.23384
-8.19874,113.82352,265.000,111.97906
-8.18871,113.82667,228.000,104.80847
-8.17861,113.82987,257.000,100.27587
-8.16850,113.83304,233.000,99.40547
-8.15836,113.83620,260.000,101.69000
-8.14821,113.83940,270.000,102.68689
-8.13807,113.84257,294.000,97.86693
-8.12786,113.84579,329.000,91.65893
-8.11758,113.84907,365.000,84.14346
-8.10731,113.85223,375.000,81.89195
-8.09695,113.85543,382.000,83.01218
-8.08662,113.85866,380.000,89.07513
-8.07631,113.86191,399.000,92.15654
-8.06593,113.86518,392.000,93.32574
-8.05553,113.86846,421.000,81.47444
-8.04512,113.87171,432.000,64.59231
-8.03465,113.87501,471.000,43.28622
-8.02400,113.87836,443.000,29.24820
-8.01334,113.88167,450.000,20.34340
-8.00284,113.88496,438.000,25.25158
-7.99251,113.88812,429.000,36.23347
-7.98233,113.89131,404.000,46.14241
-7.97231,113.89447,391.000,46.06707
-7.96236,113.89762,369.000,42.73179
-7.95238,113.90080,358.000,37.44603
-7.94240,113.90390,347.000,54.55781
-7.93249,113.90702,338.000,76.98353
-7.92253,113.91016,332.000,73.72292
-7.91245,113.91335,308.000,44.73922
-7.90226,113.91654,287.000,5.42361
-7.89204,113.91969,272.000,-1.65988
-7.88182,113.92289,251.000,-4.92478
-7.87156,113.92612,232.000,-1.05984
-7.86126,113.92936,199.000,2.77507
-7.85098,113.93259,179.000,8.03346
-7.84082,113.93575,151.000,12.86293
-7.83067,113.93889,132.000,15.76026
-7.82052,113.94212,113.000,14.93562
-7.81026,113.94533,138.000,11.93367
-7.79991,113.94857,136.000,6.41733
-7.78955,113.95182,114.000,-1.79371
-7.77919,113.95503,128.000,-7.74800
-7.76887,113.95825,159.000,-11.52533
-7.75860,113.96147,163.000,-8.79555
-7.74835,113.96469,141.000,-4.16876
-7.73810,113.96793,116.000,6.52172
-7.72789,113.97111,22.000,14.91691
-7.71767,113.97431,14.000,19.94433
-7.70739,113.97754,19.000,18.12087
-7.69709,113.98074,16.000,14.48592
-7.68680,113.98394,17.000,9.52948
-7.67659,113.98712,16.000,6.78882
-7.66649,113.99028,12.000,5.07128
-7.65639,113.99345,11.000,6.56984
-7.64624,113.99664,7.000,8.63337
-7.63608,113.99985,-1.383,12.19976
-7.62590,114.00304,-2.224,15.28596
-7.61572,114.00621,-5.225,16.81472
-7.60552,114.00940,-15.363,13.96194
-7.59524,114.01264,-31.211,10.40350
-7.58491,114.01588,-39.896,6.60288
-7.57462,114.01905,-47.842,6.67494
-7.56439,114.02223,-51.971,7.09759
-7.55415,114.02543,-58.759,7.12599
-7.54383,114.02867,-63.063,5.24009
-7.53341,114.03196,-66.818,2.15156
-7.52296,114.03523,-72.972,-2.78952
-7.51250,114.03847,-77.244,-6.21035
-7.50205,114.04173,-81.479,-7.77283
-7.49162,114.04498,-80.995,-7.05696
-7.48123,114.04822,-79.456,-5.39360
-7.47086,114.05145,-78.202,-3.72523
-7.46053,114.05468,-78.205,-3.43667
-7.45024,114.05788,-80.050,-3.94433
-7.44001,114.06107,-84.192,-4.88071
-7.42984,114.06423,-83.247,-5.06042
-7.41970,114.06742,-80.302,-3.41294
-7.40954,114.07063,-78.297,0.97086
-7.39933,114.07384,-74.101,5.98859
-7.38907,114.07707,-70.458,10.65037
-7.37876,114.08030,-66.266,13.87520
-7.36840,114.08353,-63.368,15.18232
-7.35802,114.08677,-60.746,11.96778
-7.34757,114.09004,-58.942,8.18756
-7.33706,114.09332,-58.472,4.17709
-7.32652,114.09661,-58.783,1.80001
-7.31597,114.09992,-58.262,0.56082
-7.30546,114.10318,-58.402,0.64458
-7.29508,114.10642,-56.805,0.04004
-7.28475,114.10965,-55.833,-1.22808
-7.27447,114.11285,-54.260,-2.16555
-7.26425,114.11605,-52.496,-2.47409
-7.25406,114.11923,-51.525,-0.85306
-7.24388,114.12241,-50.626,0.51155
-7.23371,114.12559,-48.603,1.64601
-7.22354,114.12876,-43.691,0.43629
-7.21336,114.13194,-43.091,-1.19997
-7.20315,114.13514,-42.211,-2.94110
-7.19295,114.13831,-41.455,-1.97410
-7.18277,114.14147,-38.138,0.24617
-7.17259,114.14464,-37.238,6.35349
-7.16244,114.14780,-36.991,13.75799
-7.15235,114.15095,-36.707,23.15505
-7.14231,114.15411,-33.646,29.56558
-7.13225,114.15724,-33.086,34.02129
-7.12213,114.16040,-38.036,31.80320
-7.11189,114.16360,-44.760,27.01045
-7.10157,114.16681,-39.958,18.88981
-7.09125,114.17004,-33.663,14.72204
-7.08092,114.17325,-34.581,12.84484
-7.07056,114.17649,-32.141,15.76445
-7.06019,114.17973,-32.470,19.81137
-7.04985,114.18294,-26.677,24.76980
-7.03957,114.18616,-25.505,25.97546
-7.02919,114.18941,-24.660,26.38639
-7.01878,114.19267,-26.984,25.97826
-7.00838,114.19590,-29.286,26.98101
-6.99803,114.19910,-20.249,28.87470
-6.98769,114.20233,-19.655,30.62163
-6.97734,114.20559,-18.601,30.00632
-6.96698,114.20884,-20.868,27.83180
-6.95658,114.21206,-19.989,23.07061
-6.94620,114.21531,-20.502,18.69632
-6.93588,114.21852,-15.244,16.21726
-6.92559,114.22172,-12.968,17.29545
-6.91532,114.22493,-5.540,19.00850
-6.90507,114.22813,-13.939,20.66968
-6.89478,114.23133,-30.248,21.18600
-6.88443,114.23457,-42.516,20.75703
-6.87406,114.23783,-56.107,21.66182
-6.86369,114.24104,-61.012,23.55654
-6.85335,114.24423,-69.010,27.67309
-6.84311,114.24744,-72.354,32.90489
-6.83293,114.25060,-75.116,38.76934
-6.82274,114.25380,-75.397,40.79086
-6.81261,114.25694,-77.434,40.61773
-6.80246,114.26012,-74.698,37.43948
-6.79230,114.26327,-70.360,31.71921
-6.78215,114.26640,-69.139,25.23448
-6.77207,114.26954,-67.341,19.35856
-6.76197,114.27269,-65.569,13.32748
-6.75192,114.27581,-64.334,7.31990
-6.74189,114.27893,-65.035,-10.72277
-6.73193,114.28209,-66.320,-36.52056
-6.72199,114.28518,-67.753,-90.23851
-6.71210,114.28828,-69.534,-139.25819
-6.70176,114.29144,-70.454,-185.42757
-6.69125,114.29471,-73.093,-190.22887
-6.68127,114.29788,-74.999,-175.92971
-6.67139,114.30095,-75.998,-114.44384
-6.66156,114.30399,-76.514,-52.94391
-6.65172,114.30707,-76.954,2.38310
-6.64180,114.31017,-76.309,25.88691
-6.63182,114.31329,-76.685,38.56673
-6.62185,114.31636,-76.680,26.32743
-6.61195,114.31948,-77.361,10.02411
-6.60198,114.32257,-78.563,-5.63391
-6.59198,114.32570,-79.571,-9.15695
-6.58207,114.32880,-78.686,-7.87633
-6.57221,114.33187,-77.765,5.65128
-6.56238,114.33492,-77.307,19.65255
-6.55253,114.33801,-77.689,31.78357
-6.54269,114.34114,-77.705,32.37466
-6.53292,114.34425,-77.902,29.00684
-8.58052,113.84644,-100.074,131.63458
-8.59179,113.84290,-166.412,130.64838
-8.60309,113.83934,-211.027,129.91334
-8.61445,113.83576,-257.754,129.12475
-8.62582,113.83217,-297.197,127.29297
-8.63718,113.82860,-327.917,125.88455
-8.64851,113.82507,-351.985,125.15598
-8.65980,113.82152,-400.405,123.57633
-8.67112,113.81797,-462.594,121.96634
-8.68248,113.81438,-519.648,118.59441
-8.69389,113.81078,-615.877,115.10363
-8.70533,113.80720,-738.333,112.54068
-8.71671,113.80362,-884.672,111.74067
-8.72803,113.80002,-987.105,118.93917
-8.73934,113.79643,-1150.991,96.25496
-8.75065,113.79289,-1382.947,63.63339
-8.76193,113.78935,-1277.389,88.79822
-8.77322,113.78582,-1235.937,98.69950
-8.78450,113.78225,-1240.071,94.42079
-8.79579,113.77868,-1247.805,88.08075
-8.80707,113.77516,-1285.366,84.24789
-8.81837,113.77163,-1303.421,82.07151
-8.82964,113.76809,-1328.979,82.69163
-8.84099,113.76451,-1401.115,77.57544
-8.85239,113.76090,-1529.599,69.07418
-8.86388,113.75727,-1688.354,58.11995
-8.87539,113.75366,-1824.415,44.95769
-8.88686,113.75005,-1890.386,31.50097
-8.89831,113.74640,-1979.811,17.38396
-8.90976,113.74273,-2041.105,4.87469
-8.92119,113.73905,-2081.488,-5.77894
-8.93260,113.73529,-2098.418,-14.93067
-8.94403,113.73160,-2118.926,-17.04003
-8.95550,113.72809,-2131.706,-13.49209
-8.96699,113.72449,-2140.498,-6.31332
-8.97847,113.72090,-2144.891,4.65831
-8.98992,113.71731,-2144.417,15.05544
-9.00134,113.71360,-2145.537,24.19270
-9.01278,113.70988,-2155.973,28.60786
-9.02421,113.70616,-2167.026,31.99822
-9.03343,113.84726,-2425.131,-11.42483
-9.02379,113.85033,-2419.855,-13.88750
-9.01416,113.85339,-2400.355,-15.20113
-9.00453,113.85646,-2389.833,-14.77675
-8.99492,113.85949,-2363.785,-11.49413
-8.98536,113.86251,-2349.879,-5.32297
-8.97583,113.86550,-2319.746,0.84569
-8.96634,113.86851,-2285.291,5.69115
-8.95686,113.87150,-2262.520,-1.61189
-8.94735,113.87449,-2228.232,-10.60094
-8.93783,113.87753,-2198.340,-24.61641
-8.92826,113.88054,-2146.880,-34.87244
-8.91865,113.88356,-2108.926,-41.46468
-8.90906,113.88657,-2070.939,-31.72627
-8.89948,113.88955,-2006.299,-17.93576
-8.88991,113.89255,-1951.258,-1.13003
-8.88035,113.89556,-1895.560,13.14366
-8.87077,113.89858,-1774.323,20.90899
-8.86116,113.90159,-1718.345,22.07652
-8.85146,113.90465,-1719.088,19.36202
-8.84171,113.90774,-1681.572,21.27651
-8.83198,113.91078,-1590.722,25.88233
-8.82226,113.91386,-1514.359,37.97424
-8.81257,113.91691,-1422.153,50.91510
-8.80290,113.91999,-1279.637,61.22939
-8.79322,113.92303,-1158.193,66.04701
-8.78353,113.92604,-1037.835,69.44427
-8.77379,113.92910,-810.003,70.41138
-8.76409,113.93213,-712.514,72.77590
-8.75444,113.93514,-623.086,77.17445
-8.74480,113.93819,-522.343,83.02659
-8.73516,113.94123,-468.749,90.22437
-8.72552,113.94427,-442.958,96.88531
-8.71588,113.94731,-413.855,103.03100
-8.70624,113.95035,-405.662,106.64889
-8.69663,113.95339,-382.068,107.90656
-8.68703,113.95641,-359.091,107.59975
-8.67740,113.95943,-344.146,107.39179
-8.66774,113.96248,-298.918,106.24122
-8.65811,113.96552,-234.580,106.71616
-8.64845,113.96855,-190.115,107.85563
-8.63873,113.97159,-140.052,110.95415
-8.62899,113.97463,-37.699,113.20980
-8.61924,113.97769,14.264,115.70239
-8.60949,113.98076,49.446,117.80018
-8.59974,113.98384,59.000,119.94354
-8.58994,113.98692,104.000,122.46323
-8.58013,113.99000,195.000,126.03089
-8.57038,113.99306,79.000,131.81035
-8.56066,113.99610,221.000,137.81559
-8.55096,113.99916,156.000,144.84946
-8.54123,114.00222,34.000,148.23616
-8.53148,114.00527,29.000,150.43996
-8.52168,114.00834,30.000,150.58733
-8.51183,114.01144,60.000,151.31779
-8.50198,114.01456,52.000,152.57502
-8.49214,114.01766,164.000,156.07412
-8.48229,114.02075,268.000,160.67457
-8.47237,114.02387,386.000,166.61246
-8.46245,114.02699,581.000,172.06372
-8.45262,114.03006,394.000,178.73894
-8.44287,114.03310,290.000,183.33855
-8.43315,114.03617,558.000,185.46503
-8.42344,114.03922,600.000,183.51807
-8.41374,114.04227,489.000,181.29609
-8.40401,114.04532,330.000,177.38478
-8.39427,114.04840,310.000,172.35807
-8.38451,114.05147,183.000,166.53991
-8.37478,114.05452,164.000,161.03651
-8.36503,114.05758,176.000,156.09545
-8.35528,114.06064,191.000,153.60459
-8.34554,114.06369,214.000,152.72828
-8.33586,114.06672,291.000,153.94820
-8.32619,114.06975,326.000,155.79746
-8.31649,114.07280,292.000,157.14937
-8.30680,114.07584,316.000,156.34626
-8.29709,114.07891,343.000,155.49127
-8.28731,114.08199,381.000,155.03475
-8.27755,114.08505,409.000,156.32708
-8.26787,114.08808,453.000,159.27544
-8.25825,114.09109,546.000,161.98545
-8.24860,114.09411,592.000,165.09075
-8.23891,114.09715,611.000,164.79839
-8.22920,114.10021,642.000,163.20714
-8.21943,114.10329,728.000,158.26279
-8.20962,114.10636,772.000,153.77710
-8.19980,114.10946,875.000,149.45887
-8.18999,114.11251,902.000,148.10841
-8.18021,114.11557,922.000,148.55053
-8.17043,114.11863,1003.000,155.56833
-8.16067,114.12169,1071.000,169.81780
-8.15094,114.12474,1142.000,186.56188
-8.14119,114.12782,1238.000,208.49114
-8.13134,114.13093,1314.000,229.70878
-8.12144,114.13404,1555.000,242.86553
-8.11164,114.13703,2045.000,236.07219
-8.10211,114.14000,2163.000,223.35099
-8.09271,114.14295,1890.000,204.53995
-8.08328,114.14595,1695.000,178.10558
-8.07367,114.14900,1565.000,164.58919
-8.06387,114.15209,1574.000,169.69653
-8.05414,114.15507,1509.000,216.05196
-8.04479,114.15793,1454.000,266.24882
-8.03553,114.16085,1399.000,322.73530
-8.02604,114.16390,1258.000,336.14070
-8.01613,114.16708,1145.000,328.32520
-8.00587,114.17032,1111.000,235.90288
-7.99544,114.17355,1026.000,169.01152
-7.98500,114.17679,950.000,132.83353
-7.97457,114.18004,1083.000,127.79870
-7.96416,114.18332,922.000,139.05624
-7.95388,114.18654,850.000,164.65078
-7.94382,114.18967,918.000,170.27246
-7.93390,114.19277,839.000,166.54003
-7.92406,114.19585,746.000,143.09832
-7.91427,114.19890,665.000,118.35379
-7.90456,114.20194,541.000,96.53427
-7.89490,114.20497,386.000,82.76930
-7.88526,114.20803,493.000,74.36703
-7.87560,114.21105,437.000,67.20191
-7.86588,114.21410,361.000,59.96541
-7.85609,114.21719,312.000,48.92035
-7.84625,114.22026,258.000,40.17591
-7.83645,114.22332,216.000,34.22692
-7.82672,114.22632,184.000,34.75338
-7.81706,114.22933,174.000,38.67008
-7.80739,114.23237,123.000,48.01670
-7.79768,114.23543,115.000,56.70213
-7.78799,114.23847,93.000,60.61571
-7.77829,114.24151,74.000,59.22093
-7.76850,114.24459,61.000,53.14283
-7.75863,114.24768,50.000,41.73454
-7.74869,114.25080,35.000,29.12549
-7.73871,114.25391,25.000,20.64413
-7.72878,114.25701,13.000,16.31536
-7.71891,114.26007,-2.379,16.14460
-7.70909,114.26313,-19.173,18.54844
-7.69930,114.26621,-33.417,21.75874
-7.68945,114.26932,-38.591,23.20879
-7.67954,114.27245,-47.670,23.64205
-7.66960,114.27555,-66.940,22.60380
-7.65971,114.27861,-73.488,21.16307
-7.64984,114.28169,-80.282,19.40300
-7.63999,114.28477,-85.901,19.58922
-7.63016,114.28783,-89.600,20.74651
-7.62034,114.29090,-88.974,23.33173
-7.61052,114.29397,-90.521,25.48037
-7.60073,114.29704,-91.359,27.50018
-7.59093,114.30011,-92.887,25.50181
-7.58104,114.30323,-94.187,21.59669
-7.57108,114.30635,-96.759,16.06200
-7.56115,114.30942,-96.146,11.72018
-7.55132,114.31244,-93.247,8.22265
-7.54155,114.31551,-92.142,6.71606
-7.53171,114.31862,-91.762,5.88924
-7.52184,114.32171,-91.078,5.07328
-7.51202,114.32477,-90.635,3.17409
-7.50229,114.32780,-90.654,0.07504
-7.49259,114.33083,-90.555,-3.50308
-7.48283,114.33389,-90.065,-7.26466
-7.47303,114.33696,-89.100,-7.54853
-7.46319,114.34003,-88.615,-7.31806
-7.45338,114.34310,-89.440,-5.94103
-7.44363,114.34615,-91.048,-4.59578
-7.43387,114.34920,-91.228,-3.22961
-7.42408,114.35227,-93.123,-1.72410
-7.41432,114.35533,-93.799,-0.04827
-7.40460,114.35835,-93.864,2.22552
-7.39485,114.36141,-90.111,4.63851
-7.38504,114.36453,-90.891,7.38612
-7.37514,114.36758,-91.041,8.02804
-7.36521,114.37066,-87.118,7.45645
-7.35522,114.37378,-86.598,4.61085
-7.34515,114.37692,-84.836,2.35177
-7.33505,114.38006,-85.235,0.59491
-7.32497,114.38321,-82.939,1.56351
-7.31497,114.38635,-82.367,4.11690
-7.30506,114.38943,-81.626,7.15669
-7.29525,114.39250,-81.192,9.45654
-7.28553,114.39552,-80.342,11.00066
-7.27577,114.39854,-79.431,10.87660
-7.26595,114.40164,-75.658,9.87274
-7.25603,114.40478,-74.316,6.51363
-7.24598,114.40795,-76.936,3.65098
-7.23585,114.41110,-82.903,1.27768
-7.22573,114.41421,-84.499,3.67042
-7.21568,114.41732,-71.351,8.39793
-7.20570,114.42046,-51.972,18.47054
-7.19573,114.42357,-8.666,25.55852
-7.18574,114.42671,-23.322,29.81833
-7.17564,114.42988,-124.199,30.09634
-7.16548,114.43310,-93.804,28.14657
-7.15526,114.43629,-74.082,25.93573
-7.14507,114.43943,-121.807,23.97920
-7.13495,114.44254,-121.889,22.03323
-7.12491,114.44569,-112.739,19.09281
-7.11491,114.44881,-108.000,16.00023
-7.10490,114.45191,-97.577,14.73819
-7.09491,114.45505,-93.810,15.97668
-7.08490,114.45815,-92.994,19.11281
-7.07490,114.46130,-84.265,23.17279
-7.06490,114.46441,-65.364,27.25662
-7.05491,114.46750,-39.711,30.53958
-7.04490,114.47063,-27.687,34.35088
-7.03491,114.47374,-15.218,38.53023
-7.02499,114.47684,-7.287,43.41158
-7.01508,114.47995,-8.583,48.05956
-7.00518,114.48305,-13.193,50.87748
-6.99526,114.48616,4.000,51.40528
-6.98530,114.48926,1.151,50.23411
-6.97530,114.49237,-1.542,49.07549
-6.96532,114.49546,-13.477,48.17931
-6.95537,114.49855,-24.072,48.50416
-6.94538,114.50172,-30.544,47.88785
-6.93532,114.50487,-22.990,45.79320
-6.92525,114.50798,-22.785,39.75096
-6.91511,114.51116,-29.536,32.17101
-6.90490,114.51434,-43.455,20.75038
-6.89481,114.51743,-63.913,9.66738
-6.88486,114.52050,-70.554,0.19291
-6.87497,114.52361,-72.987,-2.80532
-6.86502,114.52676,-72.328,-3.79700
-6.85507,114.52987,-73.502,0.19677
-9.02206,112.99637,-1855.639,-164.96624
-9.01238,112.99933,-1853.885,-64.39694
-9.00276,113.00226,-1854.720,118.35770
-8.99320,113.00518,-1855.230,189.31208
-8.98361,113.00813,-1865.143,218.69247
-8.97397,113.01110,-1911.348,202.62749
-8.96430,113.01403,-1956.761,185.51860
-8.95463,113.01699,-1997.749,165.77453
-8.94493,113.01998,-2034.120,151.99004
-8.93516,113.02295,-2039.307,144.91781
-8.92535,113.02593,-2021.842,138.91149
-8.91554,113.02890,-1981.436,134.49633
-8.90574,113.03188,-1940.802,129.39152
-8.89595,113.03486,-1902.575,122.43581
-8.88621,113.03784,-1853.272,113.36533
-8.87653,113.04084,-1826.445,106.03183
-8.86689,113.04391,-1783.967,99.58440
-8.85722,113.04701,-1714.221,96.81021
-8.84750,113.05009,-1664.488,94.76335
-8.83782,113.05313,-1623.527,94.08023
-8.82815,113.05616,-1559.033,92.82101
-8.81849,113.05920,-1521.010,91.16243
-8.80879,113.06226,-1483.004,89.62375
-8.79905,113.06533,-1435.702,88.06599
-8.78929,113.06839,-1400.734,88.21602
-8.77958,113.07145,-1366.286,89.35550
-8.76989,113.07451,-1290.307,91.65826
-8.76016,113.07758,-1246.626,95.30583
-8.75039,113.08066,-1202.351,99.99321
-8.74061,113.08375,-1128.456,105.46158
-8.73083,113.08682,-1075.562,109.41274
-8.72107,113.08989,-1027.141,110.47656
-8.71122,113.09297,-952.057,108.39469
-8.70128,113.09612,-897.940,103.58241
-8.69126,113.09927,-836.430,96.24757
-8.68126,113.10240,-782.946,89.26003
-8.67136,113.10551,-730.928,85.44510
-8.66152,113.10859,-660.865,83.49150
-8.65170,113.11169,-618.462,83.21240
-8.64187,113.11481,-582.592,84.13076
-8.63204,113.11791,-563.076,85.25721
-8.62219,113.12098,-563.248,85.65482
-8.61238,113.12406,-565.972,85.26183
-8.60257,113.12714,-559.170,83.90169
-8.59274,113.13023,-557.387,82.29565
-8.58292,113.13330,-554.978,80.81877
-8.57315,113.13638,-540.799,82.69577
-8.56338,113.13943,-519.809,87.21683
-8.55361,113.14251,-478.074,95.21702
-8.54383,113.14563,-444.652,99.64579
-8.53400,113.14873,-402.486,99.63213
-8.52412,113.15186,-339.003,103.39071
-8.51416,113.15497,-293.421,106.53795
-8.50417,113.15810,-256.387,108.41467
-8.49414,113.16126,-192.647,109.23085
-8.48409,113.16440,-149.387,109.34434
-8.47406,113.16755,-100.774,108.21045
-8.46407,113.17069,-86.327,106.19645
-8.45413,113.17379,-59.902,102.81605
-8.44424,113.17690,-45.566,98.13144
-8.43436,113.18003,-44.007,92.35769
-8.42441,113.18316,-64.571,87.62556
-8.41440,113.18631,-92.579,84.37783
-8.40439,113.18947,-125.445,84.04243
-8.39438,113.19261,-169.591,84.17277
-8.38437,113.19577,-193.283,84.67867
-8.37434,113.19894,-217.805,83.14492
-8.36431,113.20209,-229.344,80.03706
-8.35429,113.20524,-238.834,74.78144
-8.34429,113.20836,-243.172,69.83301
-8.33432,113.21149,-232.889,65.11663
-8.32430,113.21464,-211.312,62.76523
-8.31424,113.21775,-188.355,61.52756
-8.30424,113.22088,-149.559,62.04542
-8.29431,113.22399,-67.508,62.01372
-8.28441,113.22711,-24.818,61.56703
-8.27456,113.23021,4.000,58.17770
-8.26474,113.23329,10.000,53.95845
-8.25493,113.23635,8.000,47.56922
-8.24515,113.23941,14.000,42.61982
-8.23536,113.24249,21.000,38.67716
-8.22556,113.24557,27.000,38.40636
-8.21574,113.24866,30.000,39.52127
-8.20588,113.25177,31.000,43.85584
-8.19599,113.25488,33.000,45.90606
-8.18610,113.25797,31.000,44.75051
-8.17617,113.26107,30.000,37.01461
-8.16622,113.26420,32.000,25.81397
-8.15621,113.26734,28.000,12.77462
-8.14617,113.27047,30.000,4.36549
-8.13620,113.27362,30.000,1.74727
-8.12617,113.27679,31.000,2.42944
-8.11606,113.27994,33.000,4.29425
-8.10594,113.28312,39.000,-2.02405
-8.09571,113.28637,44.000,-13.06564
-8.08536,113.28956,55.000,-28.04521
-8.07502,113.29281,75.000,-34.69128
-8.06473,113.29609,104.000,-35.03219
-8.05441,113.29937,122.000,-18.91088
-8.04404,113.30262,167.000,5.68184
-8.03396,113.30574,208.000,32.36655
-8.02398,113.30885,266.000,49.39957
-8.01404,113.31198,305.000,63.27708
-8.00423,113.31509,384.000,69.51780
-7.99448,113.31810,516.000,72.86719
-7.98473,113.32118,652.000,73.92318
-7.97500,113.32422,684.000,74.40568
-7.96516,113.32729,721.000,73.66076
-7.95523,113.33043,691.000,69.11200
-7.94531,113.33353,568.000,62.45701
-7.93539,113.33663,459.000,51.85378
-7.92548,113.33972,401.000,43.24618
-7.91554,113.34285,328.000,35.02443
-7.90561,113.34597,274.000,30.43059
-7.89578,113.34905,224.000,26.98392
-7.88597,113.35212,212.000,26.12404
-7.87611,113.35522,186.000,26.56772
-7.86626,113.35831,106.000,27.52253
-7.85644,113.36138,84.000,28.02940
-7.84666,113.36441,75.000,28.08565
-7.83698,113.36743,55.000,25.54243
-7.82736,113.37045,45.000,19.20205
-7.81782,113.37344,38.000,11.75952
-7.80834,113.37642,30.000,3.82252
-7.79886,113.37938,18.000,-3.86570
-7.78935,113.38236,14.000,-9.14170
-7.77980,113.38535,11.000,-7.14975
-7.77024,113.38835,9.000,4.86152
-7.76063,113.39136,5.000,7.75898
-7.75098,113.39439,2.000,1.61941
-7.74128,113.39743,-0.109,-4.44814
-7.73154,113.40049,-4.187,-9.20387
-7.72174,113.40355,-15.190,-12.54548
-7.71189,113.40663,-18.103,-15.84397
-7.70202,113.40971,-14.563,-18.82004
-7.69218,113.41279,-15.721,-20.93371
-7.68237,113.41587,-24.066,-22.28413
-7.67255,113.41893,-31.820,-21.24750
-7.66271,113.42201,-39.273,-20.42530
-7.65286,113.42508,-45.808,-20.05943
-7.64297,113.42819,-48.661,-19.13698
-7.63305,113.43131,-51.912,-17.76997
-7.62305,113.43443,-53.354,-13.82930
-7.61301,113.43758,-55.253,-11.49277
-7.60296,113.44070,-57.018,-11.47387
-7.59297,113.44380,-58.980,-19.54157
-7.58307,113.44688,-60.186,-31.69453
-7.57326,113.44995,-60.298,-54.23741
-7.56348,113.45300,-61.264,-73.70760
-7.55375,113.45604,-63.404,-86.96194
-7.54415,113.45911,-64.959,-89.49417
-7.53452,113.46214,-65.756,-85.41428
-7.52486,113.46514,-67.559,-72.69214
-7.51523,113.46814,-69.221,-58.56292
-7.50566,113.47112,-70.550,-49.23334
-7.49614,113.47407,-70.457,-43.38520
-7.48667,113.47704,-67.693,-41.81049
-7.47722,113.47997,-64.615,-41.20398
-7.46774,113.48295,-62.480,-41.24181
-7.45826,113.48591,-60.695,-39.13283
-7.44881,113.48888,-59.841,-37.02338
-7.43934,113.49186,-59.135,-35.55636
-7.42990,113.49480,-58.870,-34.98200
-7.42049,113.49774,-59.012,-35.56574
-7.41104,113.50072,-59.203,-35.08983
-7.40153,113.50370,-58.404,-33.13488
-7.39199,113.50666,-55.700,-28.48838
-7.38240,113.50965,-51.118,-23.33630
-7.37276,113.51265,-47.736,-17.59291
-7.36306,113.51568,-45.206,-12.64171
-7.35335,113.51872,-42.003,-10.36866
-7.34361,113.52177,-40.765,-11.37041
-7.33387,113.52483,-42.180,-13.36616
-7.32414,113.52789,-43.436,-17.60215
-7.31440,113.53093,-41.081,-21.23014
-7.30467,113.53394,-36.479,-23.08221
-7.29497,113.53700,-32.000,-21.31432
-7.28527,113.54004,-26.662,-17.41377
-7.27559,113.54305,-17.745,-12.48607
-7.26593,113.54607,-5.868,-7.66521
-7.25626,113.54907,-2.740,-4.06674
-7.24661,113.55206,-3.194,-0.75276
-7.23696,113.55506,-4.017,2.22581
-7.22736,113.55807,-1.875,5.19565
-7.21775,113.56108,-2.318,8.06986
-7.20814,113.56407,-2.841,9.66195
-7.19854,113.56710,-3.079,10.57504
-7.18885,113.57014,-2.916,9.95660
-7.17913,113.57316,-1.283,10.49931
-7.16941,113.57618,-0.808,12.46870
-7.15971,113.57922,-0.961,17.30760
-7.15004,113.58223,-0.352,23.70939
-7.14041,113.58523,5.000,30.42623
-7.13083,113.58825,9.000,36.14029
-7.12125,113.59127,22.000,39.43981
-7.11165,113.59425,48.000,42.01275
-7.10214,113.59721,80.000,43.73324
-7.09267,113.60017,75.000,46.06888
-7.08320,113.60314,85.000,47.88662
-7.07370,113.60610,92.000,50.95837
-7.06419,113.60907,204.000,53.65855
-7.05469,113.61201,230.000,57.93861
-7.04519,113.61498,141.000,63.21266
-7.03573,113.61795,151.000,68.50171
-7.02625,113.62091,206.000,71.66983
-7.01677,113.62388,387.000,74.56614
-7.00723,113.62685,164.000,76.34463
-6.99765,113.62984,155.000,77.96324
-6.98807,113.63282,181.000,78.34444
-6.97848,113.63583,204.000,76.05044
-6.96886,113.63883,185.000,73.09503
-6.95919,113.64184,171.000,69.51084
-6.94950,113.64485,172.000,66.22696
-6.93979,113.64787,188.000,61.87124
-6.93011,113.65089,124.000,57.78773
-6.92044,113.65392,63.000,53.74925
-6.91075,113.65692,78.000,50.29242
-6.90108,113.65993,55.000,47.10911
-6.89140,113.66294,16.000,45.46021
-6.88168,113.66598,-13.118,43.88642
-6.87196,113.66900,-22.238,43.98852
-6.86227,113.67201,-12.778,43.49348
-6.85262,113.67502,-5.493,42.48710
-6.84297,113.67803,-6.560,40.51216
-6.83331,113.68105,-14.473,38.25384
-6.82363,113.68406,-21.415,35.76074
-6.81391,113.68711,-27.076,33.66567
-6.80418,113.69014,-32.676,32.43586
-6.79450,113.69317,-35.294,31.61363
-6.78483,113.69619,-37.584,31.18316
-6.77512,113.69923,-39.266,30.46715
-6.76535,113.70226,-42.262,29.86461
-6.75557,113.70532,-44.067,29.54352
-6.74581,113.70836,-47.332,29.39738
-6.73604,113.71139,-49.420,29.17272
-6.72626,113.71446,-50.423,28.33649
-6.71647,113.71750,-48.768,27.14037
-6.70665,113.72056,-48.749,26.73655
-6.69682,113.72363,-49.610,26.60468
-6.68697,113.72669,-49.456,27.32659
-6.67715,113.72975,-49.399,28.46206
-6.66736,113.73280,-49.786,29.96138
-6.65758,113.73585,-50.334,30.23466
-6.64778,113.73890,-51.153,29.95117
-6.63792,113.74198,-52.211,28.60217
-6.62804,113.74505,-52.253,27.45754
-6.61818,113.74811,-52.177,26.50758
-6.60833,113.75118,-52.078,26.64920
-6.59846,113.75427,-52.104,27.40057
-6.58856,113.75737,-53.127,28.81786
-6.57866,113.76044,-56.489,30.23085
-6.56875,113.76352,-59.042,31.66371
-6.55881,113.76661,-61.607,31.17492
-6.54821,113.91247,-77.401,45.19141
-6.55943,113.90897,-74.328,46.79316
-6.57065,113.90545,-72.773,48.55185
-6.58187,113.90196,-70.176,50.76826
-6.59305,113.89848,-66.774,54.80188
-6.60421,113.89500,-64.645,60.08239
-6.61535,113.89153,-63.273,66.71504
-6.62651,113.88806,-61.762,74.64924
-6.63777,113.88453,-59.126,82.96306
-6.64906,113.88102,-56.751,89.89810
-6.66038,113.87748,-52.341,92.54130
-6.67171,113.87393,-50.772,92.96950
-6.68301,113.87041,-50.377,91.00130
-6.69427,113.86692,-49.200,84.18993
-6.70545,113.86344,-46.864,74.48754
-6.71655,113.85998,-45.376,64.13369
-6.72763,113.85652,-44.337,54.95277
-6.73870,113.85306,-46.228,47.40770
-6.74979,113.84961,-45.662,41.68440
-6.76082,113.84619,-42.018,40.22249
-6.77178,113.84277,-41.234,40.12182
-6.78270,113.83938,-39.708,41.64595
-6.79357,113.83600,-35.778,44.20472
-6.80446,113.83262,-30.638,47.28635
-6.81537,113.82921,-26.183,50.34508
-6.82635,113.82578,-21.394,52.75321
-6.83739,113.82236,-21.326,55.41700
-6.84840,113.81896,-23.069,57.97112
-6.85937,113.81554,-17.980,60.41039
-6.87037,113.81211,-8.576,63.28854
-6.88151,113.80862,6.955,66.88637
-6.89268,113.80516,21.000,71.56413
-6.90377,113.80166,58.000,76.45880
-6.91490,113.79821,105.000,81.45258
-6.92597,113.79474,126.000,83.83577
-6.93708,113.79128,110.000,83.54267
-6.94809,113.78782,82.000,79.53064
-6.95908,113.78440,92.000,67.00287
-6.97003,113.78099,79.000,46.23120
-6.98108,113.77754,99.000,16.02092
-6.99221,113.77408,114.000,-21.25246
-7.00330,113.77062,182.000,-61.64883
-7.01437,113.76720,61.000,-106.96506
-7.02543,113.76368,27.000,-144.67432
-7.03641,113.76021,33.000,-175.47566
-7.04745,113.75676,39.000,-196.67716
-7.05841,113.75324,89.000,-202.93919
-7.06942,113.74981,146.000,-199.43203
-7.08057,113.74631,209.000,-168.32704
-7.09175,113.74292,215.000,-127.88432
-7.10298,113.73946,111.000,-83.65054
-7.11422,113.73608,14.000,-35.02010
-7.12548,113.73257,-13.375,10.98630
-7.13669,113.72905,-8.043,50.75828
-7.14780,113.72556,-5.862,82.45454
-7.15880,113.72214,-6.821,103.21603
-7.16969,113.71873,-3.428,118.01777
-7.18052,113.71533,-3.854,119.94300
-7.19133,113.71192,-8.558,110.56393
-7.20203,113.70858,-14.494,98.87634
-7.21258,113.70529,-14.440,83.63666
-7.22303,113.70202,-11.706,68.40156
-7.23344,113.69875,-7.312,52.69769
-7.24387,113.69550,-3.371,40.21012
-7.25439,113.69223,-1.749,29.39702
-7.26501,113.68892,-2.876,20.54959
-7.27569,113.68560,-12.565,13.59858
-7.28647,113.68223,-19.810,7.31364
-7.29731,113.67883,-24.520,1.35710
-7.30817,113.67543,-25.569,-4.48644
-7.31901,113.67205,-28.462,-9.75574
-7.32981,113.66865,-30.589,-14.58659
-7.34062,113.66529,-31.931,-19.74873
-7.35145,113.66191,-32.680,-25.33679
-7.36231,113.65855,-32.530,-30.65239
-7.37309,113.65518,-31.202,-35.34229
-7.38370,113.65186,-29.677,-39.87931
-7.39423,113.64855,-29.947,-43.22514
-7.40480,113.64527,-36.823,-45.45572
-7.41543,113.64195,-42.273,-46.53249
-7.42613,113.63863,-48.803,-45.78846
-7.43683,113.63527,-52.361,-44.94125
-7.44757,113.63189,-57.076,-43.38241
-7.45834,113.62852,-60.764,-42.29390
-7.46910,113.62517,-62.472,-41.57730
-7.47987,113.62180,-63.100,-40.73188
-8.24547,113.38198,16.000,59.50937
-8.25614,113.37863,16.000,64.48495
-8.26675,113.37527,17.000,68.19911
-8.27727,113.37198,16.000,68.79899
-8.28784,113.36869,7.000,68.80185
-8.29842,113.36536,6.000,68.02463
-8.30898,113.36202,5.000,69.87337
-8.31955,113.35870,10.000,71.86768
-8.33010,113.35538,8.000,74.00877
-8.34061,113.35208,7.000,74.36166
-8.35110,113.34879,-9.020,73.61307
-8.36156,113.34552,-23.015,72.65685
-8.37202,113.34224,-35.058,73.21097
-8.38248,113.33896,-49.775,75.39312
-8.39295,113.33564,-60.067,80.38821
-8.40345,113.33234,-57.964,86.89125
-8.41397,113.32905,-44.976,94.89093
-8.42448,113.32574,-35.861,103.53201
-8.43497,113.32245,-6.910,112.95091
-8.44544,113.31916,29.600,122.07323
-8.45589,113.31589,206.000,129.36155
-8.46633,113.31260,219.000,134.63075
-8.47674,113.30932,152.000,136.64612
-8.48714,113.30603,95.000,137.73282
-8.49758,113.30276,-31.142,137.56779
-8.50803,113.29951,-156.810,136.82319
-8.51848,113.29622,-204.277,135.25392
-8.52898,113.29291,-157.252,131.83061
-8.53948,113.28960,-132.036,124.86657
-8.55001,113.28629,-165.978,113.76673
-8.56052,113.28299,-178.483,98.55506
-8.57103,113.27969,-168.847,108.45588
-8.58157,113.27639,-156.631,141.39615
-8.59212,113.27306,-151.620,132.39009
-8.60271,113.26972,-171.507,98.48235
-8.61329,113.26639,-232.905,86.81466
-8.62390,113.26307,-288.954,93.74607
-8.63454,113.25972,-418.500,98.19127
-8.64523,113.25635,-502.568,101.20121
-8.65591,113.25299,-711.641,100.51703
-8.66658,113.24963,-807.036,98.16269
-8.67730,113.24624,-981.426,98.69370
-8.68801,113.24285,-1111.863,97.03757
-8.69875,113.23946,-1180.410,93.14217
-8.70953,113.23606,-1260.853,87.73819
-8.72030,113.23269,-1298.490,81.18599
-8.73102,113.22932,-1367.158,74.38919
-8.74175,113.22596,-1418.860,69.27070
-8.75250,113.22258,-1451.918,64.78843
-8.76328,113.21920,-1513.073,61.73626
-8.77410,113.21580,-1551.890,58.69904
-8.78494,113.21238,-1609.205,55.84493
-8.79581,113.20895,-1646.693,53.38991
-8.80668,113.20555,-1685.500,52.57432
-8.81753,113.20212,-1718.489,53.39812
-8.82841,113.19870,-1732.219,56.04344
-8.83932,113.19527,-1756.851,58.23679
-8.85025,113.19184,-1786.062,60.04920
-8.86115,113.18843,-1803.733,59.47380
-8.87198,113.18505,-1826.347,57.36447
-8.88279,113.18171,-1840.975,52.99377
-8.89360,113.17840,-1860.434,44.36037
-8.90449,113.17511,-1883.261,33.82960
-8.91545,113.17180,-1896.120,20.58734
-8.92645,113.16841,-1911.823,9.52809
-8.93736,113.16481,-1918.813,4.39156
-8.94818,113.16121,-1926.912,8.00540
-8.96616,113.29759,-2373.728,114.16525
-8.95652,113.30053,-2305.065,121.46179
-8.94691,113.30355,-2261.632,118.42457
-8.93729,113.30663,-2179.332,105.25999
-8.92764,113.30968,-2118.965,93.14995
-8.91793,113.31274,-2062.738,81.86297
-8.90817,113.31583,-2016.397,74.67901
-8.89835,113.31892,-1978.667,68.32127
-8.88851,113.32202,-1953.862,63.85331
-8.87868,113.32511,-1961.979,59.66889
-8.86888,113.32820,-2002.800,55.61887
-8.85909,113.33129,-2059.460,51.22250
-8.84934,113.33435,-2083.483,46.91873
-8.83964,113.33740,-2027.609,43.73450
-8.82999,113.34044,-1945.480,41.58036
-8.82034,113.34348,-1799.003,40.88092
-8.81066,113.34654,-1709.504,41.73320
-8.80101,113.34959,-1684.286,43.54896
-8.79137,113.35261,-1697.421,47.78150
-8.78173,113.35564,-1705.095,52.14564
-8.77210,113.35866,-1708.803,56.69680
-8.76245,113.36171,-1685.990,60.97553
-8.75274,113.36478,-1659.939,65.01639
-8.74299,113.36785,-1623.410,67.87792
-8.73322,113.37091,-1562.692,70.20157
-8.72338,113.37399,-1529.968,71.31775
-8.71348,113.37708,-1496.643,72.79299
-8.70355,113.38020,-1451.035,74.34884
-8.69364,113.38333,-1413.055,75.72990
-8.68378,113.38643,-1372.714,76.57090
-8.67396,113.38954,-1301.298,77.42450
-8.66412,113.39265,-1264.000,78.14375
-8.65428,113.39576,-1234.000,78.24109
-8.64441,113.39886,-1135.322,79.93799
-8.63456,113.40196,-1093.254,84.80563
-8.62475,113.40504,-991.867,86.84602
-8.61502,113.40808,-877.673,86.60283
-8.60533,113.41112,-807.530,87.10198
-8.59567,113.41416,-735.497,88.20959
-8.58600,113.41721,-713.215,90.41615
-8.57627,113.42027,-650.072,94.15389
-8.56650,113.42334,-597.182,97.70339
-8.55674,113.42642,-576.755,100.72169
-8.54697,113.42947,-558.656,103.61128
-8.53722,113.43254,-462.073,106.26958
-8.52750,113.43560,-453.373,108.51464
-8.51783,113.43862,-454.157,110.29080
-8.50816,113.44166,-357.187,111.40833
-8.49848,113.44470,-321.341,112.26678
-8.48878,113.44775,-268.825,112.87105
-8.47907,113.45079,-173.578,113.45797
-8.46935,113.45386,-130.486,114.72060
-8.45963,113.45693,-113.989,116.66991
-8.44993,113.45998,-103.602,118.78700
-8.44025,113.46303,-84.791,121.52121
-8.43056,113.46608,-63.335,124.19904
-8.42086,113.46913,-11.234,126.10171
-8.41114,113.47218,98.350,126.65411
-8.40136,113.47527,164.282,126.55619
-8.39148,113.47839,38.000,125.05268
-8.38156,113.48151,26.000,122.65485
-8.37162,113.48462,20.000,118.23802
-8.36172,113.48771,7.000,113.06040
-8.35183,113.49081,33.000,107.35917
-8.34193,113.49393,9.000,102.00512
-8.33202,113.49704,11.000,96.62720
-8.32216,113.50015,16.000,91.93165
-8.31233,113.50322,16.000,87.75265
-8.30253,113.50628,21.000,84.17902
-8.29270,113.50937,21.000,80.57067
-8.28283,113.51248,21.000,77.19799
-8.27295,113.51559,22.000,73.84003
-8.26306,113.51870,23.000,70.38131
-8.25316,113.52181,26.000,66.50809
-8.24323,113.52491,31.000,63.35377
-8.23326,113.52802,31.000,60.68435
-8.22331,113.53113,34.000,58.63351
-8.21340,113.53423,36.000,57.59422
-8.20347,113.53735,53.000,58.66157
-8.19347,113.54049,62.000,60.64952
-8.18340,113.54367,97.000,63.16976
-8.17331,113.54683,156.000,67.79585
-8.16324,113.54997,167.000,72.88896
-8.15324,113.55311,220.000,79.06276
-8.14332,113.55621,268.000,85.60041
-8.13347,113.55930,320.000,93.59780
-8.12364,113.56238,386.000,100.79332
-8.11386,113.56543,481.000,109.47240
-8.10417,113.56847,524.000,115.87168
-8.09461,113.57148,581.000,122.27663
-8.08517,113.57445,677.000,129.85158
-8.07580,113.57739,816.000,138.42498
-8.06643,113.58035,1021.000,147.44071
-8.05696,113.58333,1033.000,159.53564
-8.04740,113.58634,1312.000,172.40995
-8.03784,113.58934,1732.000,185.18684
-8.02834,113.59231,1931.000,202.57797
-8.01894,113.59525,1871.000,226.71417
-8.00953,113.59822,1979.000,247.40284
-8.00005,113.60119,2041.000,267.58632
-7.99041,113.60420,2220.000,278.44936
-7.98076,113.60725,2349.000,285.83156
-7.97115,113.61024,2397.000,289.73046
-7.96159,113.61319,2321.000,292.19535
-7.95218,113.61612,2349.000,286.32346
-7.94287,113.61904,2241.000,280.45668
-7.93358,113.62195,2139.000,271.40418
-7.92431,113.62486,1951.000,264.97905
-7.91507,113.62775,2115.000,249.03077
-7.90587,113.63063,2081.000,240.21973
-7.89669,113.63352,2002.000,232.41259
-7.88753,113.63640,1913.000,224.74873
-7.87833,113.63931,1187.000,222.12662
-7.86909,113.64222,1137.000,210.63733
-7.85981,113.64513,1143.000,195.67706
-7.85044,113.64809,850.000,183.22579
-7.84100,113.65103,604.000,167.46200
-7.83161,113.65397,513.000,150.66249
-7.82223,113.65691,379.000,137.76209
-7.81284,113.65986,348.000,126.07910
-7.80341,113.66281,311.000,113.38419
-7.79389,113.66577,208.000,101.60626
-7.78431,113.66878,190.000,89.70970
-7.77468,113.67179,97.000,78.83465
-7.76502,113.67481,70.000,68.42049
-7.75534,113.67786,27.000,58.32856
-7.74572,113.68085,11.000,49.28213
-7.73617,113.68383,9.000,41.48486
-7.72662,113.68683,4.000,35.57002
-7.71702,113.68985,-92.771,30.55619
-7.70739,113.69287,-69.155,27.80998
-7.69776,113.69588,-56.839,25.79264
-7.68817,113.69888,-48.981,23.98905
-7.67859,113.70188,-42.228,22.27765
-7.66897,113.70489,-41.104,20.18883
-7.65930,113.70791,-43.470,17.78917
-7.64962,113.71092,-46.686,15.50958
-7.63995,113.71395,-48.087,14.64042
-7.63031,113.71696,-49.355,13.91377
-7.62072,113.71994,-52.898,12.80133
-7.61112,113.72292,-55.199,11.76453
-7.60148,113.72595,-57.454,10.77713
-7.59181,113.72900,-60.737,8.67891
-7.58214,113.73202,-64.814,6.07676
-7.57250,113.73504,-66.699,1.95731
-7.56289,113.73803,-68.432,-0.89839
-7.55327,113.74104,-72.551,-1.73388
-7.54363,113.74406,-73.991,0.40055
-7.53402,113.74705,-75.296,5.25355
-7.52445,113.75005,-75.834,13.37330
-7.51484,113.75304,-74.917,21.58292
-7.50518,113.75608,-72.561,27.86891
-7.49545,113.75915,-68.016,31.62358
-7.48564,113.76223,-65.060,32.35607
-7.47575,113.76535,-62.486,24.19909
-7.46583,113.76844,-59.122,9.34826
-7.45600,113.77147,-58.090,-20.01606
-7.44625,113.77451,-56.805,-52.24799
-7.43657,113.77754,-56.556,-90.67205
-7.42696,113.78058,-58.226,-130.01884
-7.41733,113.78347,-59.095,-171.61013
-7.40766,113.78652,-56.947,-194.46834
-7.39796,113.78959,-56.756,-212.62497
-7.38812,113.79217,-56.373,-215.44436
-7.37835,113.79469,-54.974,-208.49235
-7.36863,113.79725,-54.589,-191.26029
-7.35901,113.79994,-52.271,-161.63975
-7.34955,113.80287,-49.478,-125.25563
-7.34013,113.80603,-47.956,-93.13629
-7.33076,113.80934,-46.781,-65.83043
-7.32144,113.81260,-45.664,-48.78751
-7.31212,113.81591,-41.294,-40.27813
-7.30269,113.81927,-38.525,-44.29964
-7.29310,113.82239,-35.192,-52.56615
-7.28343,113.82544,-31.852,-62.10007
-7.27374,113.82843,-22.864,-67.17259
-7.26419,113.83141,-15.706,-69.94553
-7.25465,113.83441,-11.014,-61.62984
-7.24508,113.83738,-6.838,-47.55271
-7.23545,113.84036,-8.235,-31.54404
-7.22578,113.84335,-9.370,-15.77431
-7.21615,113.84631,-9.132,-0.65557
-7.20653,113.84934,-7.977,9.11420
-7.19687,113.85240,-9.396,18.22975
-7.18718,113.85543,-13.571,26.22465
-7.17750,113.85846,-13.727,29.75740
-6.53114,114.05999,-80.204,45.59216
-6.52172,114.06292,-78.713,42.33322
-6.51235,114.06579,-76.058,37.98638
-6.50305,114.06859,-76.356,32.59761
-6.49377,114.07136,-77.732,29.90462
-6.48446,114.07412,-78.872,28.51303
-6.47511,114.07686,-80.042,31.64551
-6.46581,114.07985,-80.843,35.88206
-6.45644,114.08291,-80.876,43.58620
-6.44701,114.08599,-81.122,50.89386
-6.43759,114.08906,-80.397,56.61010
-6.42813,114.09209,-77.978,58.05527
-6.41863,114.09514,-76.746,55.99312
-7.57009,113.87824,-85.979,23.37559
-7.58050,113.87499,-80.752,-26.12326
-7.59099,113.87172,-76.196,-8.56113
-7.60155,113.86843,-65.313,35.39501
-7.61214,113.86513,-58.037,51.65117
-7.62276,113.86181,-52.805,38.46686
-7.63339,113.85847,-52.059,9.77149
-7.64407,113.85512,-49.776,8.51765
-7.65478,113.85178,-46.622,-57.63807
-7.66547,113.84845,-65.435,-193.36744
-7.67609,113.84513,-39.874,62.29016
-7.68665,113.84182,12.000,195.00052
-7.69713,113.83854,231.000,99.01209
-7.70762,113.83525,317.000,69.87573
-7.71813,113.83196,447.000,77.59720
-7.72868,113.82868,345.000,67.11013
-7.73929,113.82537,295.000,66.00605
-7.74990,113.82206,143.000,67.12021
-7.76050,113.81874,126.000,63.09468
-7.77107,113.81542,140.000,71.64264
-7.78158,113.81210,274.000,90.35583
-7.79209,113.80881,465.000,103.32874
-7.80263,113.80550,693.000,111.69463
-7.81323,113.80217,825.000,111.75021
-7.82393,113.79882,667.000,100.77693
-7.83468,113.79545,458.000,83.21878
-7.84544,113.79208,398.000,68.55472
-7.85619,113.78870,390.000,57.12317
-7.86693,113.78533,457.000,47.59338
-7.87764,113.78199,411.000,94.45816
-7.88836,113.77862,390.000,108.60213
-7.89913,113.77524,372.000,85.62456
-7.90987,113.77186,386.000,92.76819
-7.92066,113.76848,439.000,102.24527
-7.93151,113.76510,525.000,109.93777
-7.94238,113.76171,627.000,116.30475
-7.95329,113.75829,639.000,120.15232
-7.96423,113.75486,618.000,120.01402
-7.97521,113.75144,679.000,119.80201
-7.98625,113.74798,660.000,118.56653
-7.99731,113.74453,759.000,118.01180
-8.00835,113.74107,695.000,119.91908
-8.01940,113.73760,660.000,122.03542
-8.03048,113.73413,640.000,125.09051
-8.04153,113.73066,632.000,125.92860
-8.05258,113.72721,609.000,124.58541
-8.06358,113.72376,579.000,121.03205
-8.07458,113.72029,514.000,116.04405
-8.08556,113.71685,390.000,110.53343
-8.09647,113.71341,299.000,104.12127
-8.10737,113.71000,291.000,98.90569
-8.11826,113.70659,235.000,94.27634
-8.12916,113.70317,200.000,88.61142
-8.14006,113.69975,166.000,80.07758
-8.15091,113.69635,115.000,68.61029
-8.16174,113.69297,108.000,56.28703
-8.17256,113.68959,86.000,47.46126
-8.18337,113.68620,71.000,40.78671
-8.19418,113.68279,73.000,45.63997
-8.20498,113.67939,76.000,56.20190
-8.21573,113.67605,76.000,69.30213
-8.22640,113.67269,73.000,81.81968
-8.23712,113.66932,69.000,93.24531
-8.24789,113.66595,64.000,103.31858
-8.25865,113.66256,62.000,109.72711
-8.26942,113.65919,61.000,114.83717
-8.28017,113.65581,57.000,117.38073
-8.29084,113.65245,49.000,116.71512
-8.30145,113.64913,45.000,114.27800
-8.31200,113.64582,43.000,110.07494
-8.32256,113.64250,36.000,107.96531
-8.33308,113.63920,33.000,107.30708
-8.34359,113.63590,31.000,109.92722
-8.35409,113.63259,25.000,113.37638
-8.36459,113.62930,25.000,117.78844
-8.37509,113.62601,25.000,121.83991
-8.38554,113.62272,202.000,125.97229
-8.39594,113.61947,88.000,130.05414
-8.40633,113.61621,42.000,133.22443
-8.41674,113.61292,18.000,134.71829
-8.42723,113.60961,14.000,132.02421
-8.43775,113.60631,-10.972,128.11761
-8.44830,113.60299,-39.599,122.02847
-8.45889,113.59967,-82.693,116.33054
-8.46949,113.59633,-90.960,112.76911
-8.48004,113.59302,-105.892,112.82581
-8.49051,113.58971,-108.533,115.37804
-8.50100,113.58644,-87.065,118.64440
-8.51154,113.58312,-70.847,121.39023
-8.52216,113.57979,-24.308,119.72674
-8.53287,113.57644,-25.611,115.05998
-8.54363,113.57306,-88.232,107.13060
-8.55436,113.56968,-198.718,98.67456
-8.56505,113.56631,-287.923,89.99890
-8.57570,113.56295,-374.652,81.85670
-8.58635,113.55960,-466.955,73.83096
-8.59697,113.55626,-587.268,68.41362
-8.60753,113.55294,-670.942,59.80596
-8.61809,113.54962,-768.003,48.34783
-8.62868,113.54631,-804.241,38.29805
-8.63932,113.54298,-884.857,25.81445
-8.64999,113.53962,-943.224,8.19344
-8.66065,113.53627,-1008.315,73.24481
-8.67129,113.53293,-1078.462,77.79154
-8.68195,113.52956,-1102.000,7.93463
-8.69261,113.52621,-1151.729,16.88716
-8.70324,113.52285,-1180.785,28.95742
-8.71389,113.51951,-1220.333,36.03386
-8.72458,113.51615,-1275.375,45.33675
-8.73528,113.51279,-1327.733,53.34061
-8.74595,113.50944,-1400.095,51.19778
-8.75660,113.50609,-1451.653,52.08890
-8.76729,113.50272,-1512.477,53.49577
-8.77802,113.49933,-1556.674,52.70511
-8.78877,113.49595,-1595.009,53.49810
-8.79954,113.49257,-1622.357,55.06915
-8.81026,113.48918,-1646.485,57.35623
-8.82093,113.48582,-1681.150,60.15154
-8.83159,113.48246,-1655.993,63.29512
-8.84233,113.47909,-1657.832,66.86418
-8.85311,113.47568,-1680.989,70.58054
-8.86392,113.47227,-1693.456,75.31869
-8.87472,113.46886,-1694.642,82.04346
-8.88547,113.46549,-1711.308,88.21204
-8.89618,113.46213,-1734.307,87.06175
-8.90696,113.45875,-1753.599,70.80652
-8.91786,113.45542,-1787.110,42.74922
-8.92873,113.45210,-1816.319,-16.67710
-8.93952,113.44875,-1868.913,-85.09275
-8.95026,113.44541,-1915.089,-152.46158
-8.96093,113.44202,-1940.729,-176.76531
-8.97163,113.43885,-1968.675,-174.26323
-8.98237,113.43594,-1993.453,-139.31716
-8.99310,113.43304,-2030.992,-73.66195
-9.00390,113.43012,-2054.455,-12.08666
-9.01475,113.42703,-2102.754,29.98910
-9.02554,113.42375,-2178.598,39.41097
-9.03624,113.42048,-2236.863,37.41737
-9.04688,113.41723,-2331.943,25.06884
-9.05748,113.41396,-2376.451,29.83065
-8.09588,112.71564,492.000,24.30206
-8.08549,112.71891,516.000,-27.93279
-8.07502,112.72220,548.000,-102.25370
-8.06448,112.72546,536.000,-168.28621
-8.05403,112.72872,546.000,-194.86997
-8.04368,112.73200,558.000,-198.57965
-8.03334,112.73530,563.000,-179.67838
-8.02298,112.73853,566.000,-132.91324
-8.01266,112.74177,567.000,-87.50202
-8.00235,112.74494,552.000,-40.15288
-7.99201,112.74818,559.000,0.73246
-7.98166,112.75145,564.000,36.60425
-7.97134,112.75470,554.000,59.49704
-7.96105,112.75794,538.000,79.61100
-7.95072,112.76119,537.000,97.53952
-7.94041,112.76439,563.000,118.84532
-7.93008,112.76764,601.000,143.10387
-7.91981,112.77085,711.000,171.88613
-7.90948,112.77412,732.000,197.66965
-7.89904,112.77736,906.000,220.20018
-7.88855,112.78065,1091.000,229.50442
-7.87808,112.78391,957.000,226.19461
-7.86766,112.78705,935.000,203.01407
-7.85726,112.79034,865.000,163.94343
-7.84689,112.79362,838.000,121.87141
-7.83649,112.79695,726.000,76.51210
-7.82598,112.80022,686.000,37.47651
-7.81551,112.80350,607.000,8.35300
-7.80502,112.80675,527.000,-5.85092
-7.79459,112.81007,363.000,-14.63681
-7.78415,112.81336,316.000,-16.91059
-7.77370,112.81658,199.000,-15.07541
-7.76332,112.81983,128.000,-13.16556
-7.75298,112.82306,88.000,-14.42383
-7.74274,112.82623,81.000,-19.58988
-7.73247,112.82944,66.000,-26.29160
-7.72219,112.83276,59.000,-36.22538
-7.71170,112.83611,48.000,-44.64510
-7.70102,112.83947,44.000,-51.66182
-7.69029,112.84277,35.000,-55.51295
-7.67959,112.84608,29.000,-58.17930
-7.66891,112.84940,25.000,-58.01882
-7.65831,112.85271,22.000,-54.57742
-7.64775,112.85602,18.000,-51.93058
-7.63721,112.85932,12.000,-51.45807
-7.62667,112.86264,8.000,-55.78887
-7.61611,112.86597,5.000,-64.68547
-7.60552,112.86928,1.000,-41.66801
-7.59491,112.87260,-11.022,-34.65788
-7.58424,112.87592,-21.542,-60.44502
-7.57353,112.87927,-15.220,-72.86110
-7.56280,112.88263,-10.762,-79.20192
-7.55208,112.88597,-7.327,-74.55654
-7.54137,112.88930,-6.639,-66.18218
-7.53068,112.89264,-5.854,-59.03017
-7.51999,112.89599,-6.782,-54.04249
-7.50929,112.89934,-7.264,-47.50191
-7.49861,112.90270,-8.030,-41.28442
-7.48793,112.90605,-8.387,-38.53479
-7.47723,112.90941,-8.861,-37.09833
-7.46654,112.91276,-7.858,-36.89002
-7.45586,112.91610,-6.712,-38.22979
-7.44519,112.91944,-7.087,-38.76359
-7.43455,112.92275,-7.890,-38.33443
-7.42394,112.92605,-6.607,-35.85616
-7.41336,112.92935,-5.885,-32.21784
-7.40279,112.93266,-5.094,-26.84757
-7.39224,112.93595,-4.903,-20.99923
-7.38172,112.93923,-4.905,-15.43618
-7.37124,112.94249,-4.919,-11.76963
-7.36075,112.94578,-4.643,-9.94595
-7.35022,112.94910,-4.000,-9.77730
-7.33967,112.95242,-4.153,-13.47557
-7.32912,112.95573,-4.103,-17.85231
-7.31857,112.95903,-4.060,-22.96514
-7.30803,112.96231,-4.211,-27.26774
-7.29748,112.96559,-3.741,-31.19237
-7.28692,112.96888,-3.528,-31.91715
-7.27633,112.97219,-3.398,-30.04854
-7.26574,112.97551,-2.361,-27.12296
-7.25516,112.97880,-1.911,-21.96704
-7.24460,112.98210,-1.911,-15.88985
-7.23406,112.98538,-2.752,-8.19391
-7.22352,112.98868,-4.736,-0.00008
-7.21298,112.99197,-2.107,7.80364
-7.20245,112.99527,8.000,15.04684
-7.19190,112.99856,11.000,20.81040
-7.18132,113.00186,37.000,25.16007
-7.17075,113.00516,54.000,27.16861
-7.16018,113.00846,61.000,28.50603
-7.14961,113.01175,59.000,29.30555
-7.13901,113.01508,56.000,30.92127
-7.12838,113.01840,60.000,34.60330
-7.11776,113.02171,28.000,40.96176
-7.10711,113.02501,15.000,50.92869
-7.09646,113.02834,38.000,61.96640
-7.08579,113.03168,139.000,74.64801
-7.07517,113.03500,130.000,83.11132
-7.06456,113.03828,58.000,86.86558
-7.05396,113.04160,67.000,81.64317
-7.04335,113.04496,73.000,68.91885
-7.03272,113.04829,83.000,50.57183
-7.02194,113.05164,89.000,23.50240
-7.01114,113.05500,122.000,-1.22869
-7.00035,113.05833,110.000,-24.37330
-6.98952,113.06173,129.000,-36.62871
-6.97889,113.06500,134.000,-42.36319
-6.96829,113.06831,112.000,-34.85138
-6.95763,113.07162,83.000,-14.16799
-6.94711,113.07491,86.000,6.91528
-6.93681,113.07816,128.000,28.12113
-6.92646,113.08141,101.000,43.62098
-6.91621,113.08459,45.000,54.55018
-6.90596,113.08779,21.000,52.15978
-6.89565,113.09100,7.000,47.33249
-6.88533,113.09421,-2.883,38.89505
-6.87496,113.09744,-11.012,31.26915
-6.86459,113.10070,-10.941,25.09595
-6.85423,113.10395,-11.821,25.72920
-6.84389,113.10715,-16.457,28.27368
-6.83355,113.11035,-21.435,31.85934
-6.82320,113.11357,-27.625,35.54787
-6.81289,113.11679,-29.978,38.05812
-6.80258,113.12000,-33.079,38.76824
-6.79226,113.12321,-34.137,38.11831
-6.78192,113.12646,-33.625,36.99159
-6.77157,113.12968,-33.993,36.55529
-6.76121,113.13292,-35.261,37.22746
-6.75080,113.13616,-38.618,39.62643
-6.74034,113.13943,-41.929,43.05816
-6.72985,113.14271,-42.614,46.00958
-6.71934,113.14598,-42.109,48.30235
-6.70880,113.14926,-42.691,48.37107
-6.69824,113.15255,-47.334,46.23606
-6.68766,113.15584,-51.256,42.04537
-6.67706,113.15913,-54.466,39.17693
-6.66654,113.16252,-55.196,37.52166
-6.65602,113.16585,-53.963,43.66310
-6.64548,113.16914,-50.812,47.49498
-6.63497,113.17240,-48.995,47.76956
-6.62573,113.31737,-50.874,-18.22245
-6.63597,113.31416,-48.327,51.05219
-6.64618,113.31098,-49.513,61.84092
-6.65640,113.30780,-52.911,35.94771
-6.66660,113.30462,-54.830,-11.18716
-6.67675,113.30143,-54.776,-66.75670
-6.68694,113.29824,-53.773,-103.97241
-6.69714,113.29508,-51.706,-108.91325
-6.70730,113.29192,-50.411,-91.08909
-6.71743,113.28878,-49.607,-64.85000
-6.72756,113.28563,-49.711,-27.96009
-6.73769,113.28250,-48.527,6.89859
-6.74780,113.27935,-46.289,37.29187
-6.75790,113.27619,-43.218,56.44585
-6.76799,113.27304,-39.818,70.81970
-6.77811,113.26991,-37.666,72.38279
-6.78828,113.26675,-34.593,68.21195
-6.79845,113.26358,-32.945,55.94648
-6.80863,113.26040,-30.959,47.87897
-6.81877,113.25723,-29.505,43.68491
-6.82889,113.25406,-27.959,49.07952
-6.83901,113.25087,-24.945,56.56166
-6.84913,113.24772,-23.704,64.15485
-6.85930,113.24457,-21.902,58.61693
-6.86950,113.24140,-9.803,53.13548
-6.87971,113.23826,-8.854,50.63057
-6.88992,113.23509,-14.020,71.41016
-6.90009,113.23186,13.000,109.99869
-6.91022,113.22870,27.000,168.31652
-6.92033,113.22555,42.000,209.49631
-6.93038,113.22239,78.000,224.03239
-6.94037,113.21937,88.000,197.98814
-6.95033,113.21630,80.000,150.63767
-6.96022,113.21317,71.000,108.27936
-6.97012,113.21007,68.000,86.84601
-6.98010,113.20693,75.000,96.83682
-6.99017,113.20380,102.000,118.02997
-7.00034,113.20064,117.000,145.06021
-7.01059,113.19742,128.000,143.09802
-7.02082,113.19421,107.000,134.87976
-7.03101,113.19102,103.000,120.66460
-7.04121,113.18780,63.000,118.43230
-7.05144,113.18461,74.000,122.92148
-7.06169,113.18141,46.000,138.99354
-7.07191,113.17822,55.000,144.02555
-7.08205,113.17503,63.000,140.15337
-7.09214,113.17190,184.000,115.23680
-7.10226,113.16875,195.000,85.47136
-7.11236,113.16563,57.000,51.08421
-7.12249,113.16246,16.000,26.90454
-7.13263,113.15928,5.000,9.53354
-7.14278,113.15613,1.000,2.40028
-7.15295,113.15297,0.000,-3.51811
-7.16314,113.14979,1.000,-7.64938
-7.17334,113.14660,2.000,-11.21895
-7.18352,113.14341,-12.917,-15.21578
-7.19371,113.14022,-10.551,-16.25917
-7.20389,113.13708,-5.480,-15.09082
-7.21407,113.13392,6.000,-9.76450
-7.22427,113.13073,2.000,0.34797
-7.23447,113.12753,2.640,10.79464
-7.24470,113.12432,-2.822,18.54954
-7.25496,113.12110,-9.887,22.89311
-7.26524,113.11788,-13.658,23.79559
-7.27550,113.11469,-23.137,15.58640
-7.28577,113.11148,-31.041,4.48660
-7.29604,113.10827,-36.673,-9.43313
-7.30629,113.10508,-36.968,-23.12525
-7.31649,113.10189,-37.854,-36.83155
-7.32663,113.09869,-38.115,-45.42260
-7.33674,113.09550,-38.688,-50.07460
-7.34686,113.09233,-43.260,-50.04490
-7.35697,113.08919,-43.095,-47.19899
-7.36707,113.08606,-41.116,-42.78399
-7.37715,113.08291,-39.988,-37.03445
-7.38722,113.07976,-39.822,-30.99647
-7.39729,113.07661,-38.421,-24.74499
-7.40736,113.07346,-36.219,-19.95049
-7.41744,113.07031,-32.834,-15.92914
-7.42750,113.06718,-30.980,-18.44723
-7.43751,113.06407,-26.400,-24.27658
-7.44755,113.06094,-24.295,-32.37419
-7.45764,113.05779,-24.621,-36.61833
-7.46781,113.05461,-26.553,-38.46796
-7.47802,113.05141,-28.010,-31.05581
-7.48825,113.04820,-30.405,-26.24538
-9.04225,112.70432,-2168.794,-422.79781
-9.03281,112.70720,-2150.760,-165.34987
-9.02336,112.71009,-2148.368,55.29810
-9.01391,112.71298,-2136.206,205.70561
-9.00445,112.71585,-2111.798,206.32534
-8.99497,112.71875,-2082.468,163.25374
-8.98549,112.72166,-2062.791,105.04518
-8.97601,112.72456,-2040.993,71.79104
-8.96654,112.72745,-2002.759,45.30082
-8.95708,112.73035,-1967.070,34.17323
-8.94760,112.73326,-1935.941,26.02872
-8.93807,112.73617,-1889.355,30.48398
-8.92851,112.73908,-1815.517,37.07651
-8.91888,112.74204,-1756.978,45.83494
-8.90919,112.74501,-1714.966,55.75396
-8.89958,112.74799,-1659.404,66.44509
-8.89005,112.75098,-1646.145,76.03729
-8.88052,112.75400,-1637.000,84.31628
-8.87102,112.75702,-1629.398,90.00525
-8.86151,112.76003,-1611.755,95.80016
-8.85202,112.76300,-1601.485,101.72332
-8.84259,112.76597,-1591.824,112.24912
-8.83313,112.76899,-1577.343,123.15905
-8.82356,112.77203,-1567.176,128.52738
-8.81399,112.77502,-1559.409,127.65860
-8.80448,112.77799,-1554.500,112.75293
-8.79495,112.78100,-1549.361,89.43409
-8.78545,112.78400,-1555.155,57.86601
-8.77598,112.78698,-1556.581,38.22218
-8.76648,112.78997,-1589.283,22.94596
-8.75696,112.79297,-1613.128,29.01288
-8.74744,112.79595,-1624.577,38.20607
-8.73796,112.79893,-1604.672,56.15706
-8.72848,112.80193,-1561.211,71.36384
-8.71903,112.80488,-1518.266,82.62552
-8.70959,112.80783,-1474.870,85.36619
-8.70016,112.81079,-1444.566,85.88503
-8.69074,112.81378,-1413.733,78.67222
-8.68132,112.81676,-1375.535,71.01447
-8.67191,112.81971,-1337.226,63.00926
-8.66252,112.82266,-1291.506,58.53558
-8.65313,112.82561,-1226.587,57.58370
-8.64371,112.82856,-1175.770,60.66123
-8.63430,112.83152,-1108.872,65.90329
-8.62490,112.83448,-998.864,75.41799
-8.61547,112.83744,-925.621,85.95274
-8.60602,112.84041,-882.922,97.39763
-8.59656,112.84341,-867.028,108.01187
-8.58708,112.84640,-775.414,117.33461
-8.57761,112.84939,-639.319,123.07151
-8.56817,112.85236,-521.021,123.85546
-8.55874,112.85532,-457.007,115.66431
-8.54932,112.85828,-399.289,105.39788
-8.53990,112.86123,-403.293,90.84130
-8.53047,112.86420,-404.412,75.62368
-8.52102,112.86716,-400.085,59.17998
-8.51155,112.87014,-349.744,53.35445
-8.50205,112.87313,-334.101,54.13624
-8.49256,112.87610,-317.398,62.49644
-8.48311,112.87906,-259.375,71.74485
-8.47366,112.88203,-254.472,115.70941
-8.46421,112.88502,-253.071,143.28660
-8.45475,112.88800,-247.510,120.04138
-8.44530,112.89097,-188.094,111.88779
-8.43585,112.89394,-150.461,118.94615
-8.42641,112.89690,-94.413,128.85164
-8.41697,112.89986,-23.407,141.35629
-8.40754,112.90281,65.681,153.18985
-8.39810,112.90579,94.362,162.88956
-8.38867,112.90875,146.000,166.34331
-8.37924,112.91173,89.000,168.33787
-8.36981,112.91469,329.000,166.34732
-8.36037,112.91766,391.000,160.94396
-8.35092,112.92062,430.000,153.80218
-8.34150,112.92355,421.000,152.35727
-8.33213,112.92648,270.000,152.52875
-8.32280,112.92939,89.000,159.65080
-8.31348,112.93233,222.000,167.01590
-8.30412,112.93528,93.000,175.84561
-8.29472,112.93825,136.000,179.53562
-8.28525,112.94126,278.000,180.95008
-8.27567,112.94427,423.000,175.48043
-8.26603,112.94729,531.000,168.91492
-8.25637,112.95031,587.000,154.24095
-8.24680,112.95328,549.000,140.93940
-8.23737,112.95619,550.000,131.29827
-8.22799,112.95916,703.000,130.09729
-8.21863,112.96212,796.000,134.75673
-8.20924,112.96509,702.000,148.01322
-8.19979,112.96804,762.000,163.81654
-8.19029,112.97105,810.000,178.98496
-8.18075,112.97404,882.000,192.19633
-8.17120,112.97700,901.000,204.21909
-8.16164,112.98003,931.000,216.40009
-8.15207,112.98304,987.000,228.81768
-8.14254,112.98600,1010.000,238.51580
-8.13303,112.98899,1009.000,245.18463
-8.12349,112.99201,969.000,240.51191
-8.11383,112.99504,977.000,231.41401
-8.10412,112.99808,932.000,215.35984
-8.09433,113.00116,942.000,198.35425
-8.08444,113.00427,983.000,182.74411
-8.07446,113.00740,1096.000,174.75560
-8.06443,113.01054,1097.000,171.53031
-8.05440,113.01369,1103.000,178.35493
-8.04439,113.01679,1215.000,192.86043
-8.03441,113.01989,1265.000,214.63773
-8.02444,113.02303,1346.000,232.52208
-8.01447,113.02618,1325.000,247.43327
-8.00453,113.02928,1427.000,250.26654
-7.99464,113.03237,1633.000,244.52232
-7.98476,113.03547,1751.000,231.76390
-7.97488,113.03859,1796.000,219.41695
-7.96499,113.04169,1772.000,206.48604
-7.95507,113.04483,1781.000,194.90608
-7.94508,113.04793,1698.000,185.93927
-7.93507,113.05105,1596.000,179.78723
-7.92514,113.05414,1521.000,177.83150
-7.91529,113.05722,1350.000,175.12063
-7.90543,113.06032,1232.000,172.02705
-7.89549,113.06349,972.000,168.31037
-7.88546,113.06664,773.000,164.60216
-7.87539,113.06979,587.000,150.34559
-7.86536,113.07288,508.000,135.27309
-7.85542,113.07598,439.000,112.00190
-7.84556,113.07909,374.000,90.99983
-7.83573,113.08215,330.000,72.04966
-7.82593,113.08523,278.000,67.95794
-7.81613,113.08826,215.000,71.34209
-7.80630,113.09137,182.000,79.30058
-7.79646,113.09448,155.000,80.02313
-7.78665,113.09751,92.000,64.05774
-7.77689,113.10057,66.000,26.35375
-7.76718,113.10362,53.000,-24.63632
-7.75745,113.10668,33.000,-68.96020
-7.74772,113.10975,22.000,-104.55371
-7.73795,113.11280,12.000,-113.55279
-7.72817,113.11586,5.000,-102.03650
-7.71840,113.11892,-1.349,-65.92016
-7.70854,113.12201,-3.613,-25.67910
-7.69863,113.12511,-6.275,9.26146
-7.68869,113.12822,-10.240,9.46996
-7.67871,113.13134,-12.507,19.40188
-7.66872,113.13448,-12.753,33.99862
-7.65872,113.13761,-12.522,14.28195
-7.64871,113.14073,-11.843,-4.67851
-7.63870,113.14385,-12.563,-17.12049
-7.62868,113.14695,-14.479,-26.63024
-7.61866,113.15008,-16.406,-34.71541
-7.60867,113.15321,-17.800,-40.96605
-7.59871,113.15632,-19.971,-48.06976
-7.58878,113.15943,-20.824,-57.56942
-7.57887,113.16254,-22.534,-64.50301
-7.56899,113.16564,-23.698,-68.15981
-7.55911,113.16871,-26.109,-61.39576
-7.54925,113.17181,-29.927,-51.51353
-7.53938,113.17490,-31.868,-40.45625
-7.52953,113.17797,-31.943,-32.47535
-7.51969,113.18110,-28.212,-28.86238
-7.50981,113.18418,-22.671,-29.76373
-7.49992,113.18726,-9.916,-32.54081
-7.49005,113.19033,-5.785,-32.10042
-7.48021,113.19343,-9.345,-30.18007
-7.47036,113.19651,-17.006,-26.31712
-7.46051,113.19960,-21.422,-25.56843
-7.45068,113.20267,-27.048,-28.53006
-7.44080,113.20576,-34.221,-38.36813
-7.43089,113.20885,-38.484,-48.18505
-7.42097,113.21194,-40.540,-56.07151
-7.41106,113.21500,-44.361,-56.53562
-7.40115,113.21810,-46.603,-49.10362
-7.39120,113.22121,-47.730,-33.73263
-7.38126,113.22433,-47.540,-20.71059
-7.37132,113.22742,-47.964,-16.16526
-7.36138,113.23055,-49.260,-20.27411
-7.35143,113.23366,-51.062,-33.02605
-7.34149,113.23677,-39.153,-43.40760
-7.33158,113.23987,-38.069,-48.93822
-7.32169,113.24295,-42.190,-41.15185
-7.31177,113.24607,-39.674,-29.71730
-7.30178,113.24920,-38.900,-14.42675
-7.29172,113.25236,-40.005,-6.77402
-7.28162,113.25551,-35.448,-1.65986
-7.27152,113.25866,-28.745,0.95018
-7.26143,113.26182,-10.194,6.58354
-7.25135,113.26497,-2.424,15.24506
-7.24126,113.26812,1.144,25.49882
-7.23114,113.27129,0.295,34.26223
-7.22103,113.27442,3.181,39.11180
-7.21096,113.27756,21.000,43.30901
-7.20094,113.28069,58.000,47.35294
-7.19095,113.28380,25.000,53.49603
-7.18100,113.28690,8.000,58.66178
-7.17108,113.28999,15.000,62.47784
-7.16119,113.29310,21.000,62.09452
-7.15131,113.29618,24.000,58.15818
-7.14142,113.29929,31.000,45.13845
-7.13150,113.30240,40.000,28.67958
-7.12151,113.30552,46.000,10.95760
-7.11146,113.30867,83.000,-2.26480
-7.10136,113.31180,69.000,-12.04850
-7.09132,113.31491,50.000,-10.15616
-7.08139,113.31798,49.000,-2.51698
-7.07154,113.32107,51.000,15.94965
-7.06168,113.32415,82.000,32.63349
-7.05179,113.32726,95.000,48.50856
-7.04185,113.33036,84.000,56.17600
-7.03185,113.33348,90.000,60.09979
-7.02176,113.33662,95.000,55.15027
-7.01157,113.33982,98.000,52.90593
-7.00135,113.34299,111.000,53.14165
-6.99120,113.34613,111.000,56.31722
-6.98113,113.34924,144.000,57.61731
-6.97121,113.35233,152.000,48.88182
-6.96142,113.35539,145.000,35.47295
-6.95170,113.35842,161.000,18.39349
-6.94200,113.36146,147.000,11.12785
-6.93231,113.36450,174.000,7.61188
-6.92264,113.36754,120.000,24.80079
-6.91296,113.37056,78.000,44.04798
-6.90324,113.37357,61.000,62.31138
-6.89348,113.37662,30.000,68.52935
-6.88364,113.37969,3.282,68.92323
-6.87375,113.38277,-12.156,54.50649
-6.86386,113.38584,-15.526,38.95008
-6.85399,113.38888,-19.748,25.99383
-6.84414,113.39196,-24.293,18.77601
-6.83430,113.39504,-28.957,15.12584
-6.82447,113.39811,-31.271,14.48791
-6.81463,113.40119,-31.116,15.12371
-6.80479,113.40428,-32.115,17.86556
-6.79495,113.40734,-34.937,23.62043
-6.78509,113.41042,-37.585,32.46409
-6.77516,113.41352,-40.522,46.56310
-6.76517,113.41665,-43.712,62.74495
-6.75514,113.41979,-44.797,74.71212
-6.74510,113.42289,-45.626,81.02340
-6.73507,113.42602,-46.096,82.28837
-6.72499,113.42917,-47.809,75.63196
-6.71490,113.43233,-49.205,66.77988
-6.70475,113.43550,-51.017,53.32288
-6.69456,113.43867,-53.323,41.82440
-6.68440,113.44181,-54.774,32.21629
-6.67426,113.44494,-53.975,26.50304
-6.66416,113.44807,-51.378,22.25862
-6.65406,113.45124,-50.749,20.53064
-6.64391,113.45440,-52.085,18.46498
-6.63374,113.45754,-54.139,15.87299
-6.62362,113.46070,-56.802,12.87654
-6.61351,113.46388,-57.848,11.25763
-6.60336,113.46704,-57.635,13.31551
-6.59319,113.47020,-57.485,20.86704
-6.58301,113.47337,-59.833,30.42515
-6.57284,113.47654,-59.001,38.53118
-6.56266,113.47971,-57.388,43.07599
-6.55245,113.48289,-58.195,41.50722
-6.54222,113.48608,-58.792,33.50751
-6.53194,113.48927,-60.050,25.91274
-6.52166,113.49247,-60.891,25.00476
-6.51138,113.49563,-59.630,30.30472
-6.50115,113.49882,-54.878,41.93771
-6.49097,113.50201,-48.812,53.17614
-6.48080,113.50517,-46.087,59.03197
-6.47058,113.50830,-52.740,53.52569
-6.46029,113.51141,-57.889,46.77908
-6.45917,113.65419,-69.388,-31.24494
-6.46899,113.65110,-66.322,-21.61977
-6.47880,113.64801,-63.639,4.54849
-6.48868,113.64493,-63.577,17.34342
-6.49858,113.64186,-62.625,19.14336
-6.50848,113.63877,-56.801,7.36899
-6.51842,113.63568,-54.462,-6.48439
-6.52837,113.63259,-55.105,-13.54296
-6.53830,113.62949,-57.050,-5.50520
-6.54823,113.62639,-57.014,13.61003
-6.55819,113.62330,-54.790,35.81117
-6.56816,113.62020,-51.742,55.77787
-6.57816,113.61709,-50.520,52.62358
-6.58819,113.61398,-48.714,25.84099
-6.59826,113.61083,-48.096,-17.48101
-6.60835,113.60769,-48.445,-52.89938
-6.61846,113.60454,-50.450,-80.41356
-6.62858,113.60140,-52.753,-75.84706
-6.63872,113.59824,-52.046,-47.12536
-6.64887,113.59506,-50.894,-0.86832
-6.65906,113.59187,-49.799,42.89279
-6.66929,113.58869,-49.800,81.84462
-6.67954,113.58551,-49.280,108.77280
-6.68978,113.58233,-48.980,117.06663
-6.70001,113.57917,-48.770,110.22250
-6.71022,113.57599,-49.025,85.58784
-6.72043,113.57279,-48.637,61.73140
-6.73063,113.56961,-47.715,36.98738
-6.74082,113.56642,-46.983,20.77209
-6.75100,113.56325,-43.974,11.46677
-6.76118,113.56008,-42.542,9.44970
-6.77141,113.55690,-39.842,7.05694
-6.78164,113.55370,-37.332,4.36901
-6.79187,113.55052,-33.588,-0.11564
-6.80213,113.54733,-30.363,-4.11154
-6.81240,113.54413,-26.923,-6.84805
-6.82266,113.54092,-22.881,-7.05480
-6.83291,113.53773,-19.884,-5.71245
-6.84315,113.53452,-15.653,1.96793
-6.85337,113.53133,-15.423,12.38882
-6.86360,113.52815,-15.557,25.73087
-6.87385,113.52496,-14.143,37.38043
-6.88408,113.52178,-10.555,48.29922
-6.89433,113.51859,4.047,54.25480
-6.90460,113.51538,47.000,56.13566
-6.91487,113.51218,83.000,52.42776
-6.92514,113.50898,144.000,43.02719
-6.93540,113.50578,106.000,31.62295
-6.94567,113.50258,135.000,16.56835
-6.95596,113.49938,150.000,6.21793
-6.96630,113.49616,136.000,2.93176
-6.97669,113.49291,101.000,14.69991
-6.98714,113.48964,106.000,28.73096
-6.99759,113.48636,119.000,47.28047
-7.00801,113.48311,124.000,59.05533
-7.01841,113.47987,145.000,62.18495
-7.02873,113.47663,202.000,51.01693
-7.03901,113.47343,293.000,36.95839
-7.04929,113.47024,214.000,20.60003
-7.05961,113.46702,165.000,14.61135
-7.06993,113.46380,104.000,18.36134
-7.08027,113.46058,112.000,32.91170
-7.09059,113.45736,96.000,48.81488
-7.10089,113.45413,73.000,64.85464
-7.11112,113.45092,83.000,70.29326
-7.12125,113.44775,54.000,64.44710
-7.13132,113.44460,37.000,48.47301
-7.14135,113.44148,28.000,30.13746
-7.15132,113.43837,25.000,12.53076
-7.16126,113.43527,26.000,1.78694
-7.17121,113.43216,30.000,-2.97085
-7.18118,113.42906,39.000,-0.49314
-7.19113,113.42595,34.000,3.31677
-7.20108,113.42284,19.000,7.21282
-7.21105,113.41972,14.000,9.47262
-7.22106,113.41659,3.147,10.29213
-7.23109,113.41346,0.808,8.32433
-7.24115,113.41034,-1.289,4.46292
-7.25122,113.40721,-9.662,0.39371
-7.26129,113.40408,-20.672,-2.15366
-7.27136,113.40095,-34.551,-2.71042
-7.28145,113.39780,-39.759,-0.58521
-7.29156,113.39463,-42.960,0.85724
-7.30168,113.39145,-46.648,0.85169
-7.31182,113.38827,-48.803,-3.81555
-7.32194,113.38511,-51.463,-11.29430
-7.33205,113.38195,-52.672,-21.80453
-7.34218,113.37880,-52.822,-32.16311
-7.35233,113.37563,-52.002,-41.40763
-7.36248,113.37246,-51.449,-47.57644
-7.37264,113.36927,-51.834,-49.96278
-7.38280,113.36608,-53.185,-48.83530
-7.39296,113.36291,-55.195,-41.24466
-7.40311,113.35974,-56.629,-34.13764
-7.41326,113.35658,-57.639,-28.39544
-7.42342,113.35342,-57.585,-26.91656
-7.43360,113.35024,-55.447,-27.66250
-7.44379,113.34704,-56.779,-31.48682
-7.45400,113.34384,-59.395,-32.60290
-7.46424,113.34065,-62.016,-30.44118
-7.47453,113.33744,-62.321,-27.76538
-7.48483,113.33420,-62.360,-25.92150
-7.49515,113.33096,-61.324,-32.96419
-7.50550,113.32771,-59.656,-42.78700
-7.51588,113.32447,-58.819,-54.58982
-7.52627,113.32121,-58.181,-60.75127
-7.53666,113.31796,-56.035,-63.21132
-7.54704,113.31472,-52.724,-56.36205
-7.55741,113.31148,-49.474,-46.28875
-7.56778,113.30824,-43.359,-36.27268
-7.57812,113.30502,-41.747,-29.96068
-7.58847,113.30178,-41.371,-26.85281
-7.59881,113.29856,-42.501,-27.78540
-7.60917,113.29531,-42.541,-31.36855
-7.61955,113.29207,-40.481,-34.58231
-7.62991,113.28881,-38.148,-36.88497
-7.64029,113.28556,-36.157,-39.51152
-7.65068,113.28231,-31.783,-42.71986
-7.66107,113.27906,-28.184,-48.59708
-7.67145,113.27581,-22.508,-54.12628
-7.68181,113.27256,-20.968,-59.68905
-7.69216,113.26932,-22.097,-60.39318
-7.70252,113.26607,-22.707,-56.87529
-7.71286,113.26284,-22.330,-41.73887
-7.72318,113.25960,-18.831,-24.91632
-7.73346,113.25637,-9.852,-7.00542
-7.74373,113.25317,-2.735,4.60308
-7.75399,113.24996,6.000,10.07881
-7.76421,113.24678,12.000,0.72897
-7.77442,113.24358,18.000,-14.52813
-7.78465,113.24037,24.000,-30.84063
-7.79487,113.23716,27.000,-43.97257
-7.80504,113.23396,30.000,-52.64248
-7.81517,113.23079,36.000,-52.84829
-7.82531,113.22763,42.000,-42.84419
-7.83547,113.22444,46.000,-29.22767
-7.84555,113.22126,52.000,-5.72097
-7.85554,113.21813,60.000,19.70737
-7.86551,113.21500,69.000,44.03675
-7.87549,113.21188,87.000,29.45393
-7.88551,113.20876,102.000,-1.58863
-7.89558,113.20560,115.000,-77.46349
-7.90565,113.20246,158.000,-172.71639
-7.91578,113.19927,255.000,-286.48455
-7.92594,113.19611,333.000,-336.95755
-7.93609,113.19296,406.000,-354.26082
-7.94625,113.18971,488.000,-302.52234
-7.95639,113.18648,552.000,-209.45302
-7.96658,113.18331,674.000,-86.93864
-7.97681,113.18014,705.000,20.37852
-7.98708,113.17695,667.000,100.74720
-7.99739,113.17373,604.000,145.56081
-8.00767,113.17052,643.000,162.37478
-8.01790,113.16730,556.000,167.59445
-8.02805,113.16412,494.000,154.72191
-8.03820,113.16093,406.000,141.32214
-8.04844,113.15773,394.000,127.13676
-8.05871,113.15452,327.000,117.81808
-8.06894,113.15132,299.000,110.93621
-8.07914,113.14811,283.000,110.72649
-8.08937,113.14490,253.000,112.07774
-8.09964,113.14167,243.000,114.79974
-8.10988,113.13845,228.000,116.28560
-8.12011,113.13523,235.000,118.04182
-8.13037,113.13202,211.000,118.18170
-8.14064,113.12879,228.000,117.74643
-8.15090,113.12556,224.000,117.96508
-8.16120,113.12233,224.000,121.19011
-8.17155,113.11909,209.000,126.29437
-8.18191,113.11586,207.000,133.27400
-8.19226,113.11262,195.000,136.74722
-8.20256,113.10939,191.000,136.97184
-8.21282,113.10617,168.000,131.20791
-8.22307,113.10295,160.000,122.30166
-8.23332,113.09973,148.000,111.03364
-8.24355,113.09650,119.000,102.57241
-8.25376,113.09328,114.000,95.98228
-8.26398,113.09006,86.000,92.24136
-8.27423,113.08685,25.000,91.61413
-8.28454,113.08362,7.000,93.23235
-8.29487,113.08038,-45.346,98.26155
-8.30519,113.07714,-71.077,102.15214
-8.31551,113.07390,-78.981,105.17459
-8.32580,113.07066,-111.986,101.39795
-8.33607,113.06743,-134.854,94.49271
-8.34633,113.06421,-170.595,79.63300
-8.35656,113.06100,-198.801,64.27598
-8.36680,113.05778,-240.909,48.40617
-8.37703,113.05457,-260.301,39.07331
-8.38725,113.05136,-295.127,33.09685
-8.39747,113.04815,-336.721,36.06946
-8.40771,113.04495,-364.788,44.63332
-8.41794,113.04173,-384.075,53.33816
-8.42816,113.03851,-404.737,61.46462
-8.43835,113.03529,-424.222,67.42537
-8.44850,113.03208,-443.749,71.08752
-8.45865,113.02889,-478.073,70.47274
-8.46883,113.02570,-493.841,68.52201
-8.47903,113.02251,-532.460,65.30208
-8.48925,113.01931,-585.587,64.34785
-8.49947,113.01611,-626.520,65.53308
-8.50971,113.01290,-652.676,73.07208
-8.51997,113.00969,-678.532,82.95889
-8.53021,113.00648,-694.283,95.36837
-8.54042,113.00326,-694.872,102.22156
-8.55062,113.00004,-701.628,106.24000
-8.56085,112.99681,-692.075,103.22383
-8.57109,112.99359,-676.836,99.75884
-8.58135,112.99038,-659.951,95.60940
-8.59165,112.98712,-668.012,91.17237
-8.60196,112.98390,-818.442,86.19310
-8.61225,112.98067,-951.245,77.89835
-8.62252,112.97743,-1050.840,69.05968
-8.63278,112.97418,-1101.012,59.70983
-8.64305,112.97095,-1155.203,54.70907
-8.65333,112.96772,-1197.694,52.47570
-8.66363,112.96449,-1257.077,57.58960
-8.67391,112.96125,-1301.622,65.70140
-8.68417,112.95802,-1360.521,74.44816
-8.69441,112.95480,-1387.999,80.90208
-8.70467,112.95158,-1421.290,85.49382
-8.71494,112.94835,-1448.494,87.16143
-8.72522,112.94510,-1493.344,88.03520
-8.73549,112.94187,-1516.054,89.58533
-8.74572,112.93865,-1550.300,92.31327
-8.75596,112.93541,-1565.351,95.08402
-8.76622,112.93217,-1562.288,97.42619
-8.77653,112.92893,-1550.258,96.72879
-8.78683,112.92569,-1554.496,94.69471
-8.79709,112.92246,-1568.742,90.45530
-8.80736,112.91923,-1593.999,83.89856
-8.81769,112.91598,-1620.509,75.86884
-8.82803,112.91274,-1651.971,69.87586
-8.83835,112.90951,-1711.895,66.78722
-8.84864,112.90628,-1755.178,66.30562
-8.85894,112.90305,-1828.850,70.26497
-8.86925,112.89981,-1883.737,75.01615
-8.87959,112.89655,-1903.142,80.26003
-8.88996,112.89331,-1884.555,82.66538
-8.90033,112.89006,-1833.557,83.36413
-8.91070,112.88684,-1784.575,79.53266
-8.92107,112.88359,-1757.995,74.35640
-8.93145,112.88039,-1734.485,69.19333
-8.94184,112.87729,-1732.193,67.29842
-8.95223,112.87422,-1734.586,67.76457
-8.96260,112.87117,-1744.237,75.48493
-8.97293,112.86812,-1751.901,82.35249
-8.98323,112.86509,-1760.034,85.74178
-8.99352,112.86207,-1770.929,47.24195
-9.00378,112.85903,-1776.518,-6.61753
-9.01404,112.85601,-1779.265,-85.74961
-9.02431,112.85301,-1780.869,-142.22201
-9.03458,112.84998,-1796.450,-183.78225
-6.43790,112.66271,-52.368,-26.99920
-6.44778,112.65963,-53.156,-27.65609
-6.45766,112.65656,-54.171,-31.00953
-6.46754,112.65349,-55.062,-35.32066
-6.47738,112.65043,-54.783,-35.64965
-6.48719,112.64736,-54.504,-29.19632
-6.49702,112.64428,-53.259,-16.59091
-6.50687,112.64122,-52.539,0.07149
-6.51672,112.63814,-53.719,18.58474
-6.52662,112.63505,-53.734,34.93157
-6.53658,112.63192,-52.000,46.09606
-6.54656,112.62880,-50.476,46.29891
-6.55652,112.62570,-51.549,39.92569
-6.56643,112.62261,-51.460,30.14546
-6.57631,112.61952,-50.899,20.86168
-6.58617,112.61643,-50.797,14.05630
-6.59605,112.61334,-51.407,16.66210
-6.60593,112.61025,-51.335,23.72319
-6.61578,112.60719,-51.307,33.63475
-6.62561,112.60413,-51.738,45.40838
-6.63546,112.60105,-51.896,57.24467
-6.64530,112.59797,-51.876,64.26002
-6.65509,112.59491,-54.168,64.37242
-6.66485,112.59186,-53.943,59.42149
-6.67457,112.58884,-50.925,45.65459
-6.68428,112.58581,-47.668,28.98240
-6.69407,112.58276,-46.222,8.44633
-6.70387,112.57972,-46.259,-7.01703
-6.71363,112.57667,-45.557,-16.64898
-6.72342,112.57360,-45.073,-16.48370
-6.73324,112.57053,-44.252,-12.17966
-6.74310,112.56744,-41.152,5.02843
-6.75300,112.56436,-37.207,24.48278
-6.76292,112.56127,-30.798,43.81857
-6.77282,112.55818,-24.331,56.55392
-6.78275,112.55508,-19.152,65.96586
-6.79271,112.55196,-11.111,65.88116
-6.80278,112.54883,-5.919,63.45673
-6.81288,112.54566,-3.427,57.96605
-6.82303,112.54248,-1.934,52.85673
-6.83317,112.53932,-1.899,47.75772
-6.84326,112.53616,-3.952,36.24187
-6.85328,112.53302,-5.647,21.97871
-6.86329,112.52988,-2.820,4.54652
-6.87332,112.52675,-2.787,-6.69450
-6.88338,112.52361,-4.928,-15.41011
-6.89347,112.52045,-4.937,-11.83891
-6.90361,112.51729,-2.208,-6.84817
-6.91372,112.51413,82.000,2.45463
-6.92377,112.51099,27.000,9.46035
-6.93375,112.50787,50.000,15.12009
-6.94365,112.50478,72.000,22.02663
-6.95347,112.50172,40.000,30.95577
-6.96325,112.49865,24.000,44.28504
-6.97309,112.49558,17.000,57.69699
-6.98297,112.49250,12.000,71.00275
-6.99288,112.48940,6.000,78.29730
-7.00282,112.48627,6.000,83.65234
-7.01277,112.48315,4.000,83.45108
-7.02275,112.48001,5.000,78.71376
-7.03276,112.47687,5.000,72.89679
-7.04275,112.47376,5.000,67.71847
-7.05276,112.47063,6.000,63.12562
-7.06278,112.46749,5.000,60.20748
-7.07278,112.46437,5.000,57.17763
-7.08277,112.46125,5.000,53.80920
-7.09275,112.45813,5.000,46.37841
-7.10273,112.45501,5.000,36.85075
-7.11273,112.45187,5.000,22.38092
-7.12284,112.44873,5.000,8.07623
-7.13296,112.44558,6.000,-4.33657
-7.14301,112.44244,12.000,-5.26435
-7.15305,112.43929,17.000,-1.18723
-7.16308,112.43613,18.000,14.32338
-7.17309,112.43301,15.000,37.76218
-7.18308,112.42986,15.000,65.52702
-7.19303,112.42673,16.000,81.38677
-7.20295,112.42363,26.000,89.45495
-7.21273,112.42057,35.000,80.83405
-7.22231,112.41758,38.000,65.53209
-7.23182,112.41457,40.000,45.50486
-7.24135,112.41159,35.000,38.81057
-7.25097,112.40862,33.000,36.02255
-7.26070,112.40558,42.000,40.79126
-7.27058,112.40246,42.000,42.86974
-7.28052,112.39936,40.000,38.94024
-7.29049,112.39626,39.000,22.97462
-7.30058,112.39307,40.000,4.29267
-7.31067,112.38992,35.000,-17.18545
-7.32068,112.38681,36.000,-37.69369
-7.33067,112.38366,33.000,-57.99520
-7.34070,112.38053,49.000,-79.09449
-7.35073,112.37737,62.000,-100.39178
-7.36080,112.37419,75.000,-118.16219
-7.37081,112.37112,64.000,-135.34077
-7.38069,112.36799,57.000,-153.65915
-7.39057,112.36491,41.000,-171.64860
-7.40044,112.36177,30.000,-185.00006
-7.41033,112.35868,28.000,-154.92310
-7.42019,112.35561,28.000,-99.54916
-8.29915,112.07958,107.000,142.97955
-8.30862,112.07659,96.000,137.90286
-8.31815,112.07360,3.666,133.87828
-8.32766,112.07060,-91.215,130.77240
-8.33715,112.06761,-115.164,126.36288
-8.34669,112.06461,-90.767,118.47483
-8.35631,112.06159,-116.494,110.08371
-8.36590,112.05857,-148.342,101.27628
-8.37544,112.05557,-175.313,91.14686
-8.38499,112.05257,-181.080,80.49659
-8.39457,112.04956,-180.674,73.77921
-8.40412,112.04654,-183.389,76.50760
-8.41366,112.04352,-175.004,87.66512
-8.42318,112.04051,-165.480,106.03962
-8.43269,112.03751,-167.680,128.61646
-8.44227,112.03449,-165.785,146.75959
-8.45189,112.03147,-167.813,157.49276
-8.46145,112.02848,-183.378,148.08413
-8.47095,112.02551,-254.997,132.41644
-8.48041,112.02253,-310.157,108.83786
-8.48979,112.01957,-356.753,87.79679
-8.49909,112.01663,-386.247,67.62326
-8.50841,112.01368,-387.574,71.10230
-8.51781,112.01072,-374.924,78.67300
-8.52725,112.00775,-360.781,97.10119
-8.53671,112.00478,-347.068,113.62980
-8.54625,112.00176,-332.033,126.97806
-8.55585,111.99872,-329.008,127.65293
-8.56544,111.99570,-330.332,118.60893
-8.57500,111.99269,-329.965,103.52185
-8.58455,111.98967,-341.680,88.44446
-8.59409,111.98666,-361.568,77.37397
-8.60363,111.98365,-378.433,70.16258
-8.61317,111.98064,-430.736,72.53590
-8.62279,111.97760,-478.699,78.49374
-8.63239,111.97458,-530.366,86.11766
-8.64195,111.97159,-597.466,95.55623
-8.65150,111.96857,-644.526,104.88486
-8.66106,111.96555,-680.730,110.06780
-8.67066,111.96252,-707.543,109.48771
-8.68033,111.95947,-737.840,103.33014
-8.69001,111.95643,-753.618,93.40821
-8.69965,111.95339,-768.493,81.73805
-8.70924,111.95035,-794.287,73.71468
-8.71882,111.94732,-815.724,67.78399
-8.72833,111.94431,-843.655,65.29943
-8.74729,112.08364,-1018.311,49.27412
-8.73667,112.08699,-999.000,49.39589
-8.72609,112.09031,-944.696,53.37099
-8.71545,112.09364,-865.831,58.47117
-8.70473,112.09701,-830.633,60.70487
-8.69401,112.10038,-808.876,59.16557
-8.68325,112.10376,-781.859,54.39597
-8.67244,112.10717,-767.942,51.31448
-8.66161,112.11057,-758.939,51.81568
-8.65077,112.11398,-745.463,56.26146
-8.63992,112.11740,-711.815,65.51855
-8.62910,112.12082,-669.566,73.86043
-8.61831,112.12422,-631.959,80.31621
-8.60755,112.12760,-576.421,79.78317
-8.59674,112.13101,-539.028,75.11306
-8.58585,112.13443,-495.523,63.59763
-8.57492,112.13786,-465.160,55.20343
-8.56396,112.14130,-457.485,50.67762
-8.55301,112.14473,-445.387,55.07511
-8.54208,112.14815,-441.403,65.85419
-8.53125,112.15156,-443.839,78.69709
-8.52048,112.15495,-450.722,87.40229
-8.50968,112.15835,-436.999,90.52358
-8.49883,112.16178,-363.401,91.25532
-8.48804,112.16516,-311.142,87.40856
-8.47720,112.16857,-256.839,81.31622
-8.46627,112.17202,-245.398,73.90614
-8.45522,112.17552,-252.884,65.18115
-8.44414,112.17899,-275.503,58.34500
-8.43306,112.18248,-308.519,52.87532
-8.42200,112.18594,-327.354,57.96496
-8.41101,112.18940,-346.399,67.83894
-8.40013,112.19282,-337.845,81.15464
-8.38930,112.19623,-306.863,91.65455
-8.37849,112.19964,-265.534,97.29137
-8.36773,112.20300,-205.203,95.15759
-8.35703,112.20637,-113.200,88.57549
-8.34632,112.20975,-46.880,84.86869
-8.33559,112.21313,9.069,87.51902
-8.32486,112.21649,27.000,95.32892
-8.31408,112.21987,56.000,104.66657
-8.30331,112.22325,99.000,112.11450
-8.29256,112.22661,79.000,114.01480
-8.28181,112.22998,96.000,115.54563
-8.27107,112.23334,140.000,129.21918
-8.26029,112.23672,158.000,132.05466
-8.24948,112.24011,182.000,125.56932
-8.23865,112.24350,236.000,126.56133
-8.22774,112.24693,261.000,124.63480
-8.21673,112.25039,243.000,119.59154
-8.20570,112.25388,259.000,111.03273
-8.19463,112.25735,171.000,100.82926
-8.18363,112.26080,166.000,89.33353
-7.30120,112.53710,14.000,-67.71352
-7.29055,112.54041,11.000,-54.31008
-7.28000,112.54372,9.000,-33.33938
-7.26946,112.54704,11.000,1.95020
-7.25891,112.55032,9.000,53.06353
-7.24823,112.55366,7.000,107.32149
-7.23745,112.55705,10.000,146.96647
-7.22665,112.56045,19.000,160.08636
-7.21592,112.56378,6.000,153.97008
-7.20530,112.56704,5.000,114.63867
-7.19479,112.57030,5.000,85.14878
-7.18424,112.57364,5.000,69.27622
-7.17358,112.57700,4.000,90.34858
-7.16288,112.58037,4.000,119.69565
-7.15215,112.58367,4.387,156.10836
-7.14134,112.58706,4.457,149.96576
-7.13042,112.59047,6.000,125.27357
-7.11952,112.59386,6.000,73.69322
-7.10872,112.59719,2.000,22.56953
-7.09791,112.60063,2.000,-22.12726
-7.08716,112.60398,3.000,-29.99091
-7.07650,112.60730,2.000,-20.72491
-7.06583,112.61060,1.000,-2.64954
-7.05509,112.61394,2.000,21.72390
-7.04430,112.61731,4.000,42.27465
-7.03351,112.62067,3.000,56.84564
-7.02276,112.62402,2.000,57.60777
-7.01204,112.62737,2.000,53.16946
-7.00126,112.63074,4.000,41.49032
-6.99044,112.63410,-3.832,27.74564
-6.97968,112.63744,-2.802,19.81140
-6.96899,112.64077,-0.876,20.70493
-6.95831,112.64409,-1.553,31.04516
-6.94751,112.64747,-3.000,45.15918
-6.93654,112.65093,-2.554,61.97158
-6.92549,112.65438,-2.341,72.76509
-6.91450,112.65780,-3.608,79.80150
-6.90362,112.66119,-5.661,79.30988
-6.89282,112.66457,-5.575,69.17140
-6.88209,112.66794,-5.008,50.53300
-6.87144,112.67125,-5.678,21.60004
-6.86088,112.67453,-10.583,-0.42684
-6.85031,112.67783,-16.001,-17.89208
-6.83961,112.68116,-27.787,-15.01228
-6.82887,112.68450,-33.744,-3.70715
-6.81807,112.68788,-34.482,16.97140
-6.80721,112.69127,-35.528,33.15156
-6.79637,112.69464,-38.167,45.02306
-6.78551,112.69804,-41.058,49.86304
-6.77461,112.70143,-42.644,46.12564
-6.76369,112.70484,-42.953,39.82827
-6.75272,112.70825,-41.802,34.48663
-6.74177,112.71166,-40.815,33.36801
-6.73085,112.71506,-41.306,34.17100
-6.72002,112.71844,-42.671,35.87988
-6.70923,112.72184,-41.717,33.44655
-6.69848,112.72517,-37.737,29.10375
-6.68778,112.72850,-36.835,22.69170
-6.67710,112.73182,-39.592,19.29448
-6.66643,112.73514,-46.022,19.61281
-6.65568,112.73849,-49.686,27.77978
-6.64490,112.74184,-50.501,36.30625
-6.63418,112.74516,-50.657,45.36284
-6.62350,112.74852,-50.617,52.47010
-6.61278,112.75185,-50.987,59.25520
-6.60209,112.75519,-51.758,66.22738
-6.59144,112.75849,-52.775,75.18619
-6.58078,112.76183,-53.688,85.62143
-6.57012,112.76516,-52.471,98.55625
-6.55955,112.76844,-50.971,96.73006
-8.78186,112.21501,-1071.453,68.14811
-8.77168,112.21820,-1055.783,84.07957
-8.76149,112.22141,-1025.918,88.15441
-8.75127,112.22464,-1000.386,82.08118
-8.74092,112.22790,-961.347,61.55730
-8.73044,112.23119,-937.655,37.34708
-8.72002,112.23446,-903.607,11.56424
-8.70964,112.23772,-884.821,0.91175
-8.69920,112.24102,-863.228,-2.27919
-8.68879,112.24431,-851.609,7.51539
-8.67836,112.24757,-826.080,17.24063
-8.66781,112.25089,-802.653,26.07238
-8.65733,112.25422,-761.217,16.25796
-8.64692,112.25749,-732.842,1.71044
-8.63655,112.26074,-695.759,-19.53626
-8.62630,112.26395,-673.353,-33.11403
-8.61617,112.26710,-642.969,-41.70235
-8.60614,112.27026,-624.585,-26.99993
-8.59613,112.27343,-610.344,-13.53840
-8.58607,112.27659,-590.966,-0.09716
-8.57593,112.27980,-576.353,7.44387
-8.56576,112.28299,-546.843,11.96002
-8.55554,112.28620,-524.432,12.74449
-8.54531,112.28942,-494.775,16.99528
-8.53510,112.29260,-487.931,24.93923
-8.52493,112.29584,-482.368,40.36689
-8.51466,112.29907,-469.444,58.55616
-8.50434,112.30232,-423.493,76.99089
-8.49404,112.30556,-330.739,86.57932
-8.48379,112.30878,-276.461,90.44971
-8.47360,112.31198,-207.485,78.04316
-8.46338,112.31520,-194.401,60.96485
-8.45316,112.31840,-186.981,37.35927
-8.44298,112.32159,-200.506,24.42273
-8.43291,112.32473,-205.781,16.94777
-8.42294,112.32786,-228.060,32.22850
-8.41297,112.33100,-243.280,54.55062
-8.40298,112.33415,-234.468,90.14386
-8.39300,112.33728,-206.820,113.94372
-8.38305,112.34041,-146.645,131.36029
-8.37299,112.34356,-92.626,121.48950
-8.36277,112.34678,-39.851,103.03586
-8.35246,112.35002,23.647,66.79527
-8.34211,112.35328,42.000,50.61213
-8.33174,112.35654,197.000,43.87663
-8.32140,112.35978,274.000,57.85669
-8.31109,112.36303,322.000,93.94578
-8.30079,112.36628,206.000,149.53583
-8.29050,112.36951,294.000,147.40101
-8.28023,112.37272,375.000,148.55689
-8.27000,112.37592,410.000,172.36022
-8.25981,112.37913,421.000,190.02993
-8.24958,112.38232,434.000,206.31996
-8.23929,112.38556,464.000,201.62422
-8.22894,112.38880,302.000,183.81366
-8.21858,112.39205,256.000,152.31554
-8.20822,112.39531,262.000,118.62989
-8.19786,112.39855,271.000,86.57079
-8.18755,112.40177,291.000,69.80588
-8.17730,112.40500,271.000,66.41324
-8.16710,112.40820,275.000,69.08369
-8.15693,112.41140,247.000,76.80217
-8.14669,112.41460,301.000,85.19906
-8.13640,112.41782,338.000,95.92123
-8.12607,112.42106,315.000,107.23772
-8.11569,112.42431,312.000,117.29420
-7.37527,112.65616,10.000,12.82012
-7.36488,112.65938,10.000,12.01262
-7.35455,112.66261,8.000,4.72352
-7.34427,112.66584,18.000,-2.33840
-7.33402,112.66905,25.000,-8.74225
-7.32376,112.67225,9.000,-9.06004
-7.31344,112.67545,7.000,-7.83803
-7.30307,112.67868,18.000,-4.71948
-7.29268,112.68192,27.000,-2.40000
-7.28227,112.68518,25.000,-0.99338
-7.27186,112.68845,19.000,-1.04913
-7.26143,112.69172,7.000,-1.35984
-7.25101,112.69499,3.000,-2.18668
-7.24062,112.69822,1.000,-3.40984
-7.23028,112.70146,4.000,-4.99203
-7.22002,112.70468,0.779,-6.72265
-7.20977,112.70787,0.682,-8.76419
-7.19953,112.71107,-10.000,-11.14605
-7.18930,112.71425,-14.097,-10.81137
-7.17907,112.71744,-9.000,-7.48604
-7.16884,112.72064,4.000,1.16865
-7.15862,112.72385,22.000,11.26622
-7.14840,112.72703,27.000,21.23329
-7.13820,112.73020,18.000,28.40774
-7.12800,112.73337,22.000,33.12384
-7.11781,112.73655,11.000,34.45457
-7.10764,112.73973,52.000,34.69061
-7.09745,112.74292,54.000,35.29169
-7.08723,112.74611,22.000,36.98120
-7.07704,112.74929,19.000,40.16932
-7.06686,112.75248,5.000,44.24087
-7.05668,112.75566,2.000,48.44824
-7.04658,112.75882,2.000,51.08761
-7.03653,112.76192,1.000,51.03694
-7.02649,112.76509,1.000,44.79903
-7.01631,112.76829,4.000,33.54971
-7.00607,112.77148,1.000,13.67394
-6.99579,112.77467,-1.246,-5.12556
-6.98552,112.77785,-2.978,-23.58930
-6.97530,112.78103,-2.942,-34.64183
-6.96516,112.78420,-1.852,-40.22747
-6.95503,112.78738,-0.852,-27.82494
-6.94488,112.79053,-1.734,-11.16573
-6.93473,112.79373,-2.560,9.94663
-6.92451,112.79692,-4.154,29.53655
-6.91421,112.80011,-5.210,46.16960
-6.90393,112.80331,-6.809,49.32033
-6.89373,112.80650,-8.651,44.61861
-6.88360,112.80963,-10.806,35.34176
-6.87346,112.81281,-14.467,24.34851
-6.86329,112.81601,-18.407,16.39395
-6.85308,112.81918,-26.248,18.19716
-6.84284,112.82238,-31.390,26.38314
-6.83260,112.82559,-33.262,36.46338
-6.82238,112.82877,-34.305,41.74238
-6.81220,112.83194,-37.000,40.63612
-6.80211,112.83509,-37.838,29.03860
-6.79199,112.83825,-38.349,12.08801
-6.78182,112.84146,-40.854,-4.12574
-6.77164,112.84461,-43.158,-12.95243
-6.76150,112.84775,-46.623,-14.86184
-6.75141,112.85090,-47.998,-8.64549
-6.74133,112.85406,-44.476,6.54526
-6.73123,112.85721,-43.856,21.23431
-6.72110,112.86035,-43.213,33.69332
-6.71098,112.86350,-43.288,40.75184
-6.70081,112.86666,-42.722,43.42003
-6.69056,112.86984,-43.191,35.42111
-6.68031,112.87304,-43.100,27.63684
-6.67016,112.87618,-41.314,20.91208
-6.66006,112.87932,-39.725,18.38409
-6.65000,112.88248,-29.872,18.23096
-6.63992,112.88563,-24.732,21.06849
-6.62977,112.88880,-25.717,22.03166
-6.61964,112.89197,-28.780,20.12131
-6.60946,112.89512,-35.936,16.56262
-6.59928,112.89829,-41.404,12.31949
-6.58911,112.90149,-43.767,10.54206
-6.57890,112.90464,-53.043,9.75916
-6.56866,112.90780,-55.197,9.42823
-6.55838,112.91100,-56.467,7.80655
-6.54804,112.91422,-57.657,5.87655
-6.53771,112.91744,-58.039,5.78444
-6.52735,112.92065,-58.427,10.38443
-6.51696,112.92388,-58.790,17.34185
-6.50651,112.92715,-56.754,26.17156
-6.49608,112.93040,-54.846,32.52952
-6.41448,113.09835,-58.255,18.13992
-6.42399,113.09548,-58.697,19.73291
-6.43354,113.09259,-56.640,22.11050
-6.44309,113.08964,-55.386,24.23711
-6.45266,113.08665,-51.359,25.02731
-6.46221,113.08366,-47.458,21.97859
-6.47174,113.08068,-45.786,19.62585
-6.48126,113.07772,-46.352,18.54608
-6.49074,113.07476,-46.903,22.20039
-6.50020,113.07179,-49.199,27.40656
-6.50969,113.06884,-49.539,31.86855
-6.51922,113.06588,-49.787,33.78882
-6.52881,113.06290,-51.896,28.08229
-6.53841,113.05991,-52.292,21.41232
-6.54796,113.05694,-51.853,13.87535
-6.55750,113.05397,-51.817,10.24191
-6.56706,113.05100,-51.846,7.95740
-6.57662,113.04803,-51.002,13.54597
-6.58618,113.04505,-46.934,19.39006
-6.59575,113.04209,-40.789,25.31188
-6.60530,113.03912,-35.858,28.44931
-6.61484,113.03614,-37.001,29.44040
-6.62443,113.03315,-40.590,26.12782
-6.63404,113.03014,-48.600,21.25157
-6.64367,113.02713,-53.691,16.91465
-6.65330,113.02413,-52.879,14.09578
-6.66293,113.02115,-51.709,13.76146
-6.67256,113.01816,-51.172,17.65752
-6.68223,113.01513,-50.682,25.56692
-6.69194,113.01211,-49.892,38.51928
-6.70166,113.00909,-49.164,51.08641
-6.71139,113.00607,-47.809,61.55192
-6.72110,113.00304,-48.502,68.79629
-6.73081,113.00002,-46.278,72.12104
-6.74052,112.99700,-43.426,66.32694
-6.75023,112.99398,-41.117,58.65306
-6.75996,112.99094,-40.403,48.74032
-6.76969,112.98790,-38.958,39.87942
-6.77946,112.98486,-35.028,33.13737
-6.78926,112.98180,-35.070,28.22237
-6.79909,112.97873,-35.254,24.24768
-6.80895,112.97566,-32.973,17.06745
-6.81881,112.97256,-30.516,8.80457
-6.82867,112.96952,-28.071,-2.47697
-6.83845,112.96646,-22.702,-9.80792
-6.84827,112.96341,-20.558,-9.17421
-6.85802,112.96036,-18.095,8.25981
-6.86774,112.95735,-13.114,30.72221
-6.87746,112.95433,-8.862,60.85525
-6.88705,112.95131,-0.334,85.13197
-6.89649,112.94837,12.000,94.03809
-6.90583,112.94545,67.000,85.55197
-6.91514,112.94254,69.000,69.79654
-6.92447,112.93961,86.000,57.50159
-6.93392,112.93666,55.000,47.16930
-6.94340,112.93370,53.000,50.92161
-6.95287,112.93076,55.000,55.04043
-6.96238,112.92780,67.000,57.72150
-6.97198,112.92479,116.000,53.97049
-6.98166,112.92175,40.000,45.20395
-6.99136,112.91873,37.000,34.59531
-7.00111,112.91570,51.000,24.68847
-7.01089,112.91264,71.000,26.40166
-7.02069,112.90958,66.000,31.52145
-7.03048,112.90654,105.000,41.31983
-7.04025,112.90351,139.000,49.76870
-7.04998,112.90047,86.000,58.08515
-7.05970,112.89743,59.000,56.63944
-7.06940,112.89440,56.000,53.66499
-7.07908,112.89139,42.000,47.34443
-7.08876,112.88836,49.000,40.50896
-7.09847,112.88533,60.000,32.79178
-7.10821,112.88229,77.000,25.37485
-7.11797,112.87926,85.000,18.85866
-7.12771,112.87622,98.000,15.06058
-7.13746,112.87318,56.000,13.34426
-7.14718,112.87016,16.000,14.82978
-7.15688,112.86714,3.000,20.31119
-7.16655,112.86411,2.000,27.86642
-7.17619,112.86108,-3.282,31.91906
-7.18581,112.85807,-2.272,33.54570
-7.19539,112.85507,-3.621,28.90645
-7.20495,112.85210,-5.040,21.73431
-7.21453,112.84911,-5.000,11.91111
-7.22414,112.84611,-6.000,7.64298
-7.23374,112.84314,-3.000,5.98950
-7.24336,112.84013,-2.761,10.36333
-7.25304,112.83711,-3.125,13.51544
-7.26272,112.83409,-2.231,12.54554
-7.27238,112.83106,-1.628,2.25139
-7.28209,112.82800,-4.707,-13.29223
-7.29185,112.82492,-1.000,-26.58509
-7.30164,112.82187,0.000,-37.58332
-7.31143,112.81880,1.000,-37.66298
-7.32124,112.81573,2.000,-32.08520
-7.33106,112.81266,2.000,-20.24034
-7.34092,112.80958,3.000,-11.41564
-7.35077,112.80652,2.000,-3.89880
-7.36056,112.80347,2.000,-3.02208
-7.37032,112.80041,2.000,-4.06506
-7.38009,112.79736,1.000,-10.12916
-7.38990,112.79430,1.000,-15.62804
-7.39973,112.79123,3.000,-20.32540
-7.40958,112.78816,0.000,-22.15336
-7.41945,112.78507,0.000,-23.24739
-7.42932,112.78199,0.000,-23.82882
-7.43918,112.77891,0.000,-26.87830
-7.44905,112.77582,0.000,-31.66439
-7.45893,112.77273,1.000,-37.43332
-7.46884,112.76963,1.000,-42.56799
-7.47880,112.76652,0.000,-43.35911
-7.48877,112.76338,1.000,-40.19104
-7.49872,112.76027,0.000,-35.24691
-7.50865,112.75716,0.000,-35.04241
-7.51860,112.75405,1.000,-37.55395
-7.52855,112.75097,0.000,-48.06506
-7.53847,112.74786,2.000,-49.26744
-7.54836,112.74476,4.000,-39.57690
-7.55823,112.74167,3.000,-28.73893
-7.56810,112.73856,4.000,-23.51647
-7.57799,112.73545,4.000,-11.27307
-7.58785,112.73236,11.000,1.77322
-7.59769,112.72928,18.000,12.60738
-7.60757,112.72620,40.000,12.07508
-7.61746,112.72312,117.000,7.24813
-7.62734,112.72006,112.000,-7.84299
-7.63716,112.71698,112.000,-22.89513
-7.64695,112.71392,133.000,-34.96621
-7.65678,112.71085,153.000,-36.15798
-7.66658,112.70779,175.000,-31.99218
-7.67636,112.70473,206.000,-13.95482
-7.68619,112.70164,236.000,6.45046
-7.69606,112.69854,277.000,28.87474
-7.70596,112.69546,317.000,47.28097
-7.71585,112.69235,348.000,64.31317
-7.72572,112.68925,411.000,76.67013
-7.73561,112.68615,477.000,88.46197
-7.74551,112.68304,550.000,96.99245
-7.75545,112.67993,592.000,106.18583
-7.76535,112.67685,657.000,115.95222
-7.77522,112.67376,719.000,126.11397
-7.78513,112.67065,748.000,133.83310
-7.79514,112.66752,746.000,135.93915
-7.80528,112.66434,784.000,133.51333
-7.81545,112.66118,808.000,127.78285
-7.82556,112.65802,806.000,122.52700
-7.83554,112.65491,771.000,115.77870
-7.84546,112.65178,744.000,108.18150
-7.85534,112.64867,673.000,100.32824
-7.86513,112.64560,637.000,93.36713
-7.87489,112.64253,590.000,90.11886
-7.88467,112.63946,553.000,88.78787
-7.89450,112.63638,541.000,91.92512
-7.90433,112.63330,504.000,97.26330
-7.91423,112.63021,499.000,107.31019
-7.92410,112.62712,502.000,122.90712
-7.93391,112.62405,506.000,142.02683
-7.94368,112.62097,499.000,166.71515
-7.95345,112.61792,490.000,188.89512
-7.96339,112.61480,479.000,194.27758
-7.97346,112.61165,468.000,158.61389
-7.98345,112.60853,447.000,105.93451
-7.99337,112.60539,454.000,1.30206
-8.00324,112.60229,447.000,-106.88956
-8.01314,112.59921,447.000,-215.79369
-8.02310,112.59610,424.000,-253.58542
-8.03295,112.59304,411.000,-260.36874
-8.04262,112.59004,396.000,-192.09783
-8.05238,112.58686,385.000,-114.09405
-8.06225,112.58379,379.000,-14.27834
-8.07212,112.58069,382.000,61.47753
-8.08184,112.57769,368.000,116.30623
-8.09127,112.57474,359.000,133.03445
-8.10063,112.57177,355.000,142.19803
-8.11006,112.56880,354.000,128.11807
-8.11944,112.56588,329.000,113.82844
-8.12883,112.56292,336.000,103.53344
-8.13825,112.55996,330.000,101.33497
-8.14768,112.55702,326.000,105.33940
-8.15710,112.55408,321.000,115.74374
-8.16647,112.55115,315.000,128.76244
-8.17585,112.54822,304.000,137.84692
-8.18532,112.54525,299.000,142.70838
-8.19477,112.54230,324.000,137.45568
-8.20413,112.53936,472.000,129.00957
-8.21337,112.53646,513.000,116.45020
-8.22255,112.53355,494.000,107.70427
-8.23175,112.53064,507.000,103.92101
-8.24102,112.52773,492.000,110.69452
-8.25034,112.52481,479.000,119.40716
-8.25967,112.52187,462.000,132.29752
-8.26908,112.51890,454.000,144.31393
-8.27856,112.51593,430.000,154.30986
-8.28810,112.51293,412.000,160.45427
-8.29762,112.50994,395.000,163.32278
-8.30712,112.50695,366.000,162.45496
-8.31660,112.50396,336.000,159.61172
-8.32600,112.50101,287.000,151.00202
-8.33537,112.49806,267.000,142.71608
-8.34472,112.49513,223.000,133.97118
-8.35399,112.49222,164.000,122.82125
-8.36320,112.48934,109.000,110.53589
-8.37241,112.48647,105.000,110.82964
-8.38165,112.48358,69.000,120.84699
-8.39092,112.48068,31.000,133.66560
-8.40023,112.47776,18.672,145.63609
-8.40963,112.47480,4.133,138.61117
-8.41913,112.47180,2.259,126.58911
-8.42873,112.46877,-2.974,98.66930
-8.43837,112.46575,-21.763,69.91039
-8.44793,112.46275,-31.397,43.36817
-8.45742,112.45977,-58.173,31.83057
-8.46684,112.45680,-107.809,23.30650
-8.47628,112.45380,-155.450,31.86034
-8.48581,112.45082,-208.533,43.19203
-8.49537,112.44783,-279.647,67.76406
-8.50489,112.44484,-399.253,90.43691
-8.51446,112.44181,-479.983,111.41311
-8.52399,112.43886,-555.260,118.21072
-8.53358,112.43582,-601.077,121.17833
-8.54314,112.43284,-609.678,99.81721
-8.55272,112.42979,-635.533,68.80766
-8.56228,112.42677,-661.480,28.24565
-8.57187,112.42375,-698.638,-12.92123
-8.58148,112.42075,-718.861,-56.33921
-8.59113,112.41768,-743.216,-88.00431
-8.60081,112.41467,-771.758,-106.13349
-8.61036,112.41169,-787.564,-82.38907
-8.61986,112.40863,-808.447,-46.79022
-8.62949,112.40567,-834.565,13.87046
-8.63924,112.40258,-850.779,81.50579
-8.64898,112.39949,-865.629,154.36605
-8.65861,112.39648,-892.567,187.46876
-8.66823,112.39346,-906.001,207.55854
-8.67769,112.39049,-924.661,190.01480
-8.68703,112.38754,-950.023,162.73335
-8.69635,112.38461,-972.436,118.47395
-8.70579,112.38164,-982.503,76.55047
-8.71544,112.37859,-996.971,39.04471
-8.72516,112.37555,-1028.822,22.75852
-8.73489,112.37250,-1049.107,13.05240
-8.74464,112.36941,-1069.158,20.17502
-8.75437,112.36635,-1099.597,30.96319
-8.76410,112.36328,-1121.380,44.67921
-8.77379,112.36023,-1140.341,50.12252
-8.78342,112.35720,-1175.329,53.09600
-8.79302,112.35417,-1194.445,43.50164
-8.80257,112.35117,-1215.567,31.72081
-8.81209,112.34817,-1237.117,18.99963
-8.82160,112.34517,-1272.610,21.72609
-8.83106,112.34219,-1302.851,38.21828
-8.84052,112.33922,-1321.743,93.87537
-8.84995,112.33624,-1337.590,165.84531
-6.30113,111.71650,-38.458,32.74034
-6.31080,111.71338,-42.883,36.32277
-6.32059,111.71024,-44.705,40.84571
-6.33042,111.70709,-43.270,46.65913
-6.34021,111.70396,-42.064,49.28024
-6.34998,111.70084,-40.713,51.22690
-6.35971,111.69771,-39.614,51.40573
-6.36942,111.69460,-39.043,55.25671
-6.37913,111.69148,-39.646,63.56497
-6.38887,111.68835,-39.928,73.75475
-6.39869,111.68521,-39.830,85.14457
-6.40850,111.68208,-39.752,85.63715
-6.41826,111.67895,-39.727,79.29796
-6.42795,111.67584,-39.752,65.01294
-6.43757,111.67274,-39.771,51.53471
-6.44719,111.66966,-39.673,38.20033
-6.45677,111.66657,-39.680,31.97639
-6.46641,111.66346,-39.773,30.24761
-6.47607,111.66036,-39.676,32.94412
-6.48570,111.65726,-39.007,35.10106
-6.49528,111.65417,-37.969,36.07555
-6.50484,111.65110,-37.714,35.69035
-6.51435,111.64806,-38.398,33.93357
-6.52382,111.64504,-39.275,35.25690
-6.53325,111.64201,-39.659,38.15937
-6.54259,111.63901,-39.592,47.03092
-6.55186,111.63607,-39.798,56.63207
-6.56114,111.63309,-39.459,65.57560
-6.57032,111.63013,-37.977,68.25567
-6.57941,111.62722,-33.523,65.06599
-6.58849,111.62429,-30.075,61.14552
-6.59764,111.62138,-28.793,56.73055
-6.60674,111.61845,-29.213,59.67449
-6.61582,111.61553,-30.087,66.38088
-6.62498,111.61258,-30.136,78.15318
-6.63421,111.60959,-31.223,89.38096
-6.64355,111.60658,-33.317,93.74082
-6.65294,111.60356,-36.625,94.62258
-6.66234,111.60054,-33.609,86.77443
-6.67177,111.59751,-13.654,70.79168
-6.68126,111.59447,4.000,50.73354
-6.69079,111.59142,10.000,30.70847
-6.70030,111.58836,14.000,10.62879
-6.70976,111.58532,23.000,1.29492
-6.71918,111.58229,17.000,-1.25620
-6.72860,111.57928,22.000,13.43512
-6.73808,111.57623,26.000,30.30647
-6.74765,111.57317,38.000,49.54708
-6.75727,111.57009,37.000,61.51419
-6.76690,111.56702,41.000,70.54878
-6.77651,111.56392,42.000,71.50867
-6.78606,111.56086,55.000,74.73722
-6.79555,111.55782,113.000,82.58315
-6.80504,111.55474,164.000,95.55350
-6.81452,111.55170,149.000,113.76681
-6.82408,111.54863,178.000,127.49354
-6.83371,111.54553,172.000,136.80777
-6.84342,111.54241,256.000,128.23113
-6.85307,111.53933,270.000,116.28238
-6.86269,111.53626,268.000,96.09985
-6.87230,111.53316,303.000,80.12306
-6.88189,111.53007,277.000,70.15863
-6.89144,111.52700,283.000,72.31879
-6.90105,111.52389,303.000,75.99404
-6.91077,111.52077,345.000,77.90258
-6.92051,111.51764,208.000,75.88803
-6.93012,111.51456,135.000,66.44312
-6.93973,111.51145,122.000,59.34660
-6.94937,111.50833,137.000,54.12823
-6.95900,111.50523,198.000,57.58408
-6.96862,111.50212,146.000,61.83095
-6.97820,111.49904,117.000,62.18270
-6.98772,111.49597,114.000,54.05594
-6.99719,111.49297,110.000,39.21042
-7.00659,111.48994,116.000,23.73956
-7.01600,111.48694,126.000,7.98459
-7.02552,111.48396,151.000,5.07010
-7.03509,111.48100,166.000,8.09840
-7.04465,111.47803,157.000,19.15272
-7.05420,111.47507,158.000,27.31927
-7.06370,111.47210,149.000,32.44163
-7.07319,111.46912,119.000,28.90041
-7.08273,111.46614,103.000,19.82240
-7.09230,111.46315,103.000,19.71508
-7.10192,111.46012,114.000,24.49212
-7.11157,111.45713,125.000,46.73187
-7.12118,111.45414,112.000,69.61728
-7.13075,111.45114,108.000,96.54412
-7.14027,111.44816,119.000,86.24522
-7.14976,111.44518,104.000,74.14280
-7.15922,111.44223,79.000,104.41443
-7.16868,111.43926,79.000,133.23182
-7.17826,111.43628,59.000,119.47851
-7.18791,111.43327,48.000,69.17994
-7.19754,111.43028,46.000,-22.15329
-7.20715,111.42725,45.000,-19.64546
-7.21679,111.42425,54.000,13.64043
-7.22645,111.42126,60.000,20.43561
-7.23619,111.41822,67.000,29.91021
-7.24601,111.41520,91.000,28.08230
-7.25589,111.41207,86.000,-13.57370
-7.26584,111.40896,101.000,-74.93305
-7.27576,111.40584,96.000,-135.08900
-7.28564,111.40272,101.000,-202.29079
-7.29550,111.39966,119.000,-185.79626
-7.30530,111.39661,101.000,-52.73328
-7.81619,111.23671,473.000,135.57575
-7.82614,111.23361,416.000,170.10741
-7.83614,111.23047,394.000,200.07603
-7.84612,111.22734,728.000,215.23305
-7.85601,111.22420,811.000,207.61827
-7.86586,111.22114,741.000,185.41345
-7.87563,111.21806,681.000,148.09890
-7.88535,111.21501,705.000,115.94441
-7.89512,111.21196,731.000,109.61993
-7.90495,111.20886,768.000,117.31132
-7.91475,111.20581,867.000,139.29422
-7.92461,111.20271,988.000,160.71667
-7.93457,111.19964,1032.000,186.38869
-7.94452,111.19661,1059.000,203.79103
-7.95449,111.19346,1142.000,219.85488
-7.96456,111.19018,1117.000,231.04130
-7.97459,111.18704,1064.000,232.71781
-7.98465,111.18391,816.000,230.49430
-7.99465,111.18078,732.000,209.55141
-8.00462,111.17763,581.000,189.31757
-8.01454,111.17452,539.000,168.10706
-8.02444,111.17141,436.000,155.40589
-8.03436,111.16828,506.000,145.17615
-8.04429,111.16519,416.000,148.28265
-8.05423,111.16207,315.000,153.52028
-8.06423,111.15893,549.000,160.86430
-8.07432,111.15577,360.000,166.98052
-8.08447,111.15260,320.000,173.98411
-8.09456,111.14943,205.000,176.45826
-8.10466,111.14626,62.000,173.61789
-8.11483,111.14306,30.000,167.91701
-8.12510,111.13983,128.000,159.85660
-8.13540,111.13659,116.000,151.85245
-8.14573,111.13338,30.000,146.81859
-8.15617,111.13008,35.000,147.41153
-8.16673,111.12676,19.000,150.51288
-8.17730,111.12347,18.000,153.55784
-8.18774,111.12019,14.000,154.17728
-8.19808,111.11693,11.000,151.90353
-8.20837,111.11368,11.000,146.55979
-8.21865,111.11045,4.000,141.15877
-8.22900,111.10718,66.459,136.48255
-8.23944,111.10393,80.000,130.60663
-8.24996,111.10065,48.000,123.72823
-8.26056,111.09733,2.623,113.42568
-8.27119,111.09398,7.162,106.26518
-8.28180,111.09065,3.884,102.68972
-8.29237,111.08732,-48.341,107.73838
-8.30289,111.08399,-89.060,116.48058
-8.31338,111.08068,-145.961,129.36393
-8.32389,111.07735,-174.276,137.89310
-8.33444,111.07403,-195.165,143.67048
-8.34499,111.07072,-199.157,141.27624
-8.35547,111.06744,-201.844,134.70760
-8.36589,111.06417,-202.361,122.89567
-8.37625,111.06091,-209.332,112.35318
-8.38662,111.05765,-221.239,104.86529
-8.39703,111.05438,-233.257,103.00128
-8.40747,111.05110,-236.688,106.80211
-8.41795,111.04780,-240.945,113.46361
-8.42847,111.04449,-242.964,118.89663
-8.43898,111.04119,-248.262,120.84208
-8.44944,111.03792,-252.529,120.02205
-8.45988,111.03464,-263.984,114.84968
-8.47030,111.03136,-275.638,110.17754
-8.48067,111.02809,-314.504,107.90496
-8.49103,111.02483,-374.595,109.34247
-8.50139,111.02159,-484.608,111.91329
-8.51175,111.01834,-551.556,113.15569
-8.52209,111.01509,-573.704,110.61001
-8.53233,111.01187,-565.117,104.94487
-8.54260,111.00863,-532.616,100.94686
-8.55292,111.00538,-519.135,97.80114
-8.78819,111.21461,-950.871,68.87754
-8.77822,111.21784,-924.953,88.08129
-8.76823,111.22107,-910.040,107.13473
-8.75824,111.22428,-890.027,102.44789
-8.74822,111.22752,-873.838,94.72993
-8.73823,111.23075,-854.982,88.19170
-8.72828,111.23396,-818.798,84.61014
-8.71830,111.23716,-797.433,83.73358
-8.70823,111.24033,-769.313,84.60392
-8.69812,111.24349,-753.315,85.72174
-8.68805,111.24663,-740.052,87.11572
-8.67802,111.24976,-722.340,88.91432
-8.66800,111.25291,-705.973,91.02328
-8.65801,111.25606,-677.075,92.74305
-8.64804,111.25922,-656.081,93.84012
-8.63806,111.26238,-635.719,93.53604
-8.62813,111.26550,-607.588,92.64548
-8.61822,111.26862,-590.533,91.55822
-8.60831,111.27174,-565.092,93.22299
-8.59837,111.27489,-545.301,96.10319
-8.58842,111.27803,-523.511,101.76154
-8.57846,111.28117,-483.453,107.87850
-8.56851,111.28432,-453.083,114.24494
-8.55851,111.28747,-419.990,117.44104
-8.54844,111.29065,-370.749,119.76662
-8.53838,111.29382,-344.878,119.82259
-8.52830,111.29698,-316.365,119.17767
-8.51817,111.30016,-305.677,117.54184
-8.50806,111.30335,-292.972,115.85919
-8.49798,111.30653,-296.538,114.50248
-8.48796,111.30969,-303.691,114.43176
-8.47798,111.31284,-309.775,114.85902
-8.46800,111.31599,-303.340,115.92657
-8.45806,111.31912,-292.414,114.56569
-8.44821,111.32220,-279.299,112.36912
-8.43843,111.32527,-274.770,108.58122
-8.42868,111.32835,-273.749,105.83973
-8.41886,111.33144,-259.157,104.33524
-8.40901,111.33453,-237.528,104.40199
-8.39924,111.33759,-199.250,105.02574
-8.38957,111.34062,-180.628,104.27679
-8.37993,111.34364,-172.462,103.66819
-8.37022,111.34673,-186.111,102.82255
-8.36046,111.34983,-204.166,103.63038
-8.35070,111.35290,-217.924,106.06547
-8.34096,111.35597,-226.843,109.85283
-8.33115,111.35906,-213.498,113.10951
-7.12529,111.73756,27.000,55.40033
-7.11479,111.74085,25.000,54.48895
-7.10429,111.74412,33.000,45.64559
-7.09379,111.74740,91.000,35.70924
-7.08330,111.75071,107.000,25.12858
-7.07286,111.75397,78.000,21.52455
-7.06247,111.75722,55.000,18.11566
-7.05208,111.76047,45.000,14.68047
-7.04173,111.76370,39.000,8.01446
-7.03142,111.76691,34.000,0.73601
-7.02116,111.77012,33.000,1.75001
-7.01092,111.77333,35.000,14.69083
-7.00068,111.77657,37.000,36.72384
-6.99040,111.77980,42.000,76.45068
-6.98002,111.78306,42.000,119.15970
-6.96956,111.78635,60.000,155.91266
-6.95911,111.78959,133.000,170.15791
-6.94871,111.79281,256.000,173.20511
-6.93833,111.79607,209.000,150.13663
-6.92795,111.79932,186.000,118.08830
-6.91754,111.80259,210.000,75.46991
-6.90707,111.80584,181.000,42.20173
-6.89658,111.80911,156.000,15.40206
-6.88607,111.81239,142.000,-0.86787
-6.87557,111.81569,119.000,-7.67937
-6.86507,111.81899,51.000,-6.40420
-6.85456,111.82228,31.000,2.96652
-6.84404,111.82558,56.000,15.53864
-6.83349,111.82888,54.000,31.41160
-6.82294,111.83218,35.000,53.10542
-6.81241,111.83546,5.000,73.64704
-6.80194,111.83871,4.000,91.45805
-6.79154,111.84197,-26.741,101.84619
-6.78121,111.84519,-19.965,109.38020
-6.77091,111.84844,-15.035,108.62131
-6.76056,111.85168,-13.893,99.92460
-6.75022,111.85492,-15.362,86.02702
-6.73985,111.85817,-17.780,70.91334
-6.72946,111.86140,-19.148,58.04666
-6.71908,111.86465,-21.050,48.15246
-6.70872,111.86786,-21.793,44.60027
-6.69839,111.87107,-24.183,43.69497
-6.68806,111.87429,-25.855,44.41416
-6.67777,111.87751,-25.962,43.51948
-6.66753,111.88071,-25.496,41.23576
-6.65723,111.88393,-26.276,39.10283
-6.64693,111.88714,-28.430,39.56878
-6.63665,111.89034,-30.859,44.63664
-6.62631,111.89359,-31.671,52.10164
-6.61594,111.89685,-31.858,60.75100
-6.60553,111.90008,-31.873,65.76396
-6.59514,111.90330,-32.613,67.36879
-6.58479,111.90653,-33.910,67.31844
-6.57437,111.90980,-35.885,69.50857
-6.56394,111.91305,-36.059,72.89654
-6.55351,111.91629,-35.954,77.78441
-6.54294,111.91960,-36.358,76.59858
-6.53229,111.92292,-37.866,71.94311
-6.52171,111.92624,-39.283,60.61843
-6.51118,111.92951,-40.559,49.08491
-6.50062,111.93279,-40.618,36.97063
-6.49001,111.93613,-41.415,31.49011
-6.47939,111.93944,-41.831,27.88768
-6.46887,111.94272,-43.345,26.31036
-6.45842,111.94598,-43.919,25.17516
-6.44798,111.94923,-43.428,24.55775
-6.41468,112.10228,-54.401,2.29836
-6.42480,112.09911,-52.616,9.13453
-6.43491,112.09594,-50.996,18.28398
-6.44500,112.09280,-50.299,27.10090
-6.45508,112.08964,-51.158,37.18498
-6.46514,112.08650,-50.526,49.17800
-6.47523,112.08334,-49.110,58.23086
-6.48532,112.08017,-48.726,61.71108
-6.49534,112.07706,-48.142,56.45261
-6.50527,112.07395,-47.446,49.04424
-6.51521,112.07084,-47.359,39.60038
-6.52515,112.06773,-46.197,32.82600
-6.53509,112.06464,-45.274,28.50658
-6.54502,112.06156,-44.110,29.12067
-6.55495,112.05846,-42.411,31.54271
-6.56488,112.05535,-42.169,35.64003
-6.57483,112.05225,-41.480,43.14885
-6.58482,112.04914,-39.564,52.34634
-6.59483,112.04600,-37.625,64.10625
-6.60485,112.04287,-34.780,73.32890
-6.61486,112.03975,-32.854,80.40054
-6.62484,112.03664,-31.519,78.29174
-6.63475,112.03356,-29.306,72.15617
-6.64463,112.03047,-29.172,53.28312
-6.65454,112.02737,-28.447,36.24688
-6.66449,112.02427,-28.472,20.87496
-6.67441,112.02118,-28.326,16.45554
-6.68428,112.01810,-28.975,17.01049
-6.69414,112.01500,-29.116,32.37685
-6.70410,112.01190,-29.237,46.40729
-6.71421,112.00873,-27.357,57.58906
-6.72442,112.00556,-22.892,58.06526
-6.73466,112.00236,-17.601,53.64647
-6.74485,111.99916,-14.488,40.77599
-6.75495,111.99599,-14.353,33.08496
-6.76505,111.99284,-20.542,30.34878
-6.77513,111.98969,-32.300,38.51306
-6.78520,111.98657,-25.200,48.98416
-6.79529,111.98342,5.000,60.28191
-6.80528,111.98031,17.000,60.38058
-6.81525,111.97721,23.000,52.31868
-6.82522,111.97407,41.000,35.97816
-6.83508,111.97098,40.000,19.41683
-6.84486,111.96791,8.000,8.94297
-6.85469,111.96485,4.000,9.05247
-6.86466,111.96174,7.000,19.94738
-6.87477,111.95859,14.000,38.50100
-6.88485,111.95545,48.000,59.35424
-6.89483,111.95233,68.000,82.57733
-6.90474,111.94923,96.000,102.10821
-6.91479,111.94609,102.000,115.32687
-6.92509,111.94286,221.000,120.72844
-6.93544,111.93963,182.000,124.70878
-6.94574,111.93641,166.000,126.02990
-6.95602,111.93320,196.000,125.59847
-6.96621,111.92999,203.000,122.39518
-6.97625,111.92686,256.000,117.01883
-6.98619,111.92376,291.000,112.50112
-6.99614,111.92060,259.000,110.63742
-7.00627,111.91749,278.000,108.84876
-7.01655,111.91428,270.000,105.50006
-7.02667,111.91112,318.000,89.03840
-7.03667,111.90795,219.000,71.06415
-7.04658,111.90481,136.000,49.59377
-7.05649,111.90174,107.000,37.28244
-7.06637,111.89864,112.000,32.26889
-7.07627,111.89555,71.000,44.17662
-7.08616,111.89247,55.000,54.39518
-7.09597,111.88941,42.000,61.16645
-7.10572,111.88636,53.000,64.11711
-7.11556,111.88326,37.000,64.54345
-7.12544,111.88019,24.000,76.81712
-7.13524,111.87714,21.000,92.56138
-7.14507,111.87408,21.000,113.45371
-7.15492,111.87099,21.000,123.01901
-7.16477,111.86792,20.000,119.31512
-7.17462,111.86484,19.000,82.23142
-7.18455,111.86170,23.000,42.47140
-7.19455,111.85858,24.000,29.05557
-8.18609,111.54737,556.000,190.94878
-8.19629,111.54419,493.000,169.67715
-8.20652,111.54095,594.000,152.42535
-8.21684,111.53773,517.000,139.57795
-8.22720,111.53449,478.000,138.91943
-8.23754,111.53124,363.000,143.02518
-8.24788,111.52797,449.000,150.84756
-8.25821,111.52472,437.000,157.21446
-8.26850,111.52151,508.000,162.82937
-8.27878,111.51826,457.000,163.98375
-8.28905,111.51504,350.000,161.16947
-8.29924,111.51181,406.000,155.26315
-8.30943,111.50857,296.000,150.37245
-8.31961,111.50538,110.000,146.95517
-8.32977,111.50219,-18.473,145.93746
-8.33996,111.49898,-134.805,146.56382
-8.35018,111.49576,-83.772,147.05302
-8.36047,111.49252,-46.861,144.53165
-8.37076,111.48928,-6.381,139.88265
-8.38100,111.48606,-6.223,132.53141
-8.39119,111.48286,-46.395,124.89229
-8.40139,111.47966,-112.766,118.19519
-8.41167,111.47643,-149.666,115.38319
-8.42194,111.47322,-185.612,113.83406
-8.43226,111.46994,-209.800,113.74092
-8.44266,111.46666,-288.711,110.99345
-8.45301,111.46338,-291.719,105.96866
-8.46332,111.46015,-228.880,98.65690
-8.47365,111.45690,-224.876,91.38362
-8.48394,111.45366,-233.498,84.12790
-8.49423,111.45043,-241.453,80.22252
-8.50458,111.44717,-260.628,81.06528
-8.51494,111.44390,-279.741,85.62223
-8.52530,111.44065,-312.543,92.21949
-8.53565,111.43739,-335.038,98.37756
-8.54598,111.43414,-368.670,102.76881
-8.55631,111.43087,-388.559,102.23736
-8.56664,111.42761,-408.936,98.78242
-8.57698,111.42434,-446.262,90.09754
-8.58735,111.42105,-475.437,80.43865
-8.59771,111.41778,-520.276,69.10464
-8.60805,111.41452,-550.216,62.90335
-8.61841,111.41127,-592.041,60.75086
-8.62878,111.40799,-614.704,66.64444
-8.63913,111.40473,-651.190,72.14095
-7.12758,111.39928,89.000,-11.89039
-7.13066,111.40886,101.000,-24.52900
-7.13374,111.41841,97.000,-38.35691
-7.13681,111.42798,91.000,-29.74732
-7.13989,111.43758,101.000,15.22520
-7.14294,111.44716,111.000,79.47231
-7.14597,111.45672,93.000,44.53440
-7.14903,111.46628,80.000,-31.34689
-7.15210,111.47586,76.000,-17.07240
-7.15516,111.48542,66.000,-1.74882
-7.15823,111.49498,61.000,8.93722
-7.16129,111.50453,65.000,16.57644
-7.16436,111.51411,62.000,22.07176
-7.16744,111.52371,58.000,27.59075
-7.17053,111.53331,57.000,32.87889
-7.17361,111.54288,50.000,38.75043
-7.17669,111.55247,39.000,44.74150
-7.17977,111.56210,35.000,49.66038
-7.18284,111.57174,31.000,57.10049
-7.18594,111.58140,31.000,41.63344
-7.18905,111.59111,35.000,32.88466
-7.19218,111.60089,51.000,34.65845
-7.19530,111.61068,38.000,28.33137
-7.19842,111.62040,39.000,24.67312
-7.20153,111.63008,53.000,19.43953
-7.20460,111.63972,59.000,19.11674
-7.20770,111.64934,52.000,20.81531
-7.21078,111.65896,42.000,21.95243
-7.21385,111.66855,52.000,22.64061
-7.21693,111.67817,49.000,22.52842
-7.22002,111.68783,49.000,21.37263
-7.22310,111.69750,48.000,19.22465
-7.22616,111.70712,47.000,17.02348
-7.22926,111.71675,55.000,14.46930
-7.23237,111.72644,62.000,12.68487
-7.23547,111.73616,65.000,11.99887
-7.23859,111.74590,69.000,11.52794
-7.24171,111.75565,63.000,11.98705
-7.24484,111.76544,64.000,14.01681
-7.24797,111.77525,68.000,9.51324
-7.25110,111.78507,76.000,2.70015
-7.25426,111.79496,80.000,-2.69795
-7.25745,111.80485,73.000,-10.61294
-7.26059,111.81471,83.000,-25.35056
-7.26373,111.82454,78.000,29.65464
-7.26688,111.83436,95.000,88.44993
-7.27003,111.84418,78.000,14.90720
-7.27317,111.85399,78.000,-22.42741
-7.27630,111.86377,72.000,-11.66056
-7.27941,111.87354,93.000,-4.98956
-7.28253,111.88330,72.000,1.23879
-7.28566,111.89310,81.000,13.03905
-7.28879,111.90295,54.000,20.22810
-7.29194,111.91283,50.000,22.34468
-7.29511,111.92272,46.000,27.11869
-7.29827,111.93262,54.000,32.89971
-7.30143,111.94251,52.000,34.65435
-7.30458,111.95240,57.000,30.90288
-7.30774,111.96229,59.000,19.36972
-7.31089,111.97216,62.000,22.08248
-7.31402,111.98202,66.000,34.85990
-7.31716,111.99188,60.000,33.86691
-7.32029,112.00169,71.000,28.48591
-7.32341,112.01147,68.000,27.23857
-7.32652,112.02125,84.000,25.85772
-7.32965,112.03103,80.000,22.44507
-7.33279,112.04085,79.000,31.17640
-7.33593,112.05072,74.000,43.27828
-7.33908,112.06059,84.000,50.14708
-7.34220,112.07043,84.000,59.86252
-7.34534,112.08024,84.000,79.33000
-7.34848,112.09008,91.000,48.38402
-7.35165,112.09999,100.000,-19.84225
-7.35486,112.10999,104.000,33.36213
-7.35807,112.12004,102.000,64.20630
-7.36128,112.13013,95.000,47.27754
-7.36450,112.14022,107.000,34.47837
-7.36771,112.15032,108.000,21.13419
-7.37092,112.16041,116.000,10.13985
-7.37413,112.17048,101.000,-1.92123
-7.37732,112.18053,84.000,-20.31908
-7.38052,112.19053,79.000,-49.42291
-7.38368,112.20048,78.000,-82.59012
-7.38682,112.21037,57.000,-2.18509
-7.38996,112.22021,60.000,53.03169
-7.39308,112.23000,62.000,20.10570
-7.39619,112.23975,51.000,-37.35678
-7.39931,112.24950,50.000,-86.48050
-7.40244,112.25926,47.000,-65.09343
-7.40555,112.26907,39.000,-43.67109
-7.40869,112.27892,35.000,-26.51977
-7.41184,112.28879,34.000,-18.93728
-7.41496,112.29864,32.000,-14.96688
-7.41807,112.30843,31.000,-8.52999
-7.42119,112.31820,27.000,-2.11590
-7.42430,112.32797,28.000,-0.70717
-7.42741,112.33776,28.000,2.10808
-7.43052,112.34754,27.000,8.68045
-7.43362,112.35733,26.000,18.05308
-7.43674,112.36714,25.000,9.09376
-7.43986,112.37695,23.000,5.55818
-7.44299,112.38674,23.000,1.88119
-7.44611,112.39654,23.000,-1.75336
-7.44921,112.40637,23.000,-4.58682
-7.45232,112.41618,25.000,-9.22725
-7.45543,112.42598,24.000,-11.78701
-7.45856,112.43578,24.000,-13.99749
-7.46168,112.44557,23.000,-15.03438
-7.46480,112.45535,24.000,-15.70650
-7.46792,112.46514,23.000,-16.31311
-7.47103,112.47494,21.000,-16.48473
-7.47414,112.48476,22.000,-16.56195
-7.47727,112.49458,21.000,-16.04388
-7.48037,112.50440,18.000,-15.25312
-7.48349,112.51423,20.000,-13.97357
-7.48661,112.52411,16.000,-12.37902
-7.48975,112.53399,16.000,-10.72657
-7.49289,112.54388,15.000,-8.94437
-7.49605,112.55380,16.000,-7.46726
-7.49924,112.56375,14.000,-6.42438
-7.50242,112.57373,17.000,-6.30752
-7.50557,112.58375,14.000,-6.66825
-7.50871,112.59377,13.000,-7.38370
-7.51191,112.60378,14.000,-8.15966
-7.51515,112.61379,12.000,-9.01931
-7.51835,112.62380,10.000,-9.36830
-7.52150,112.63383,9.000,-9.44928
-7.52464,112.64386,8.000,-9.46722
-7.52778,112.65385,9.000,-9.60833
-7.53096,112.66378,7.000,-9.69537
-7.53415,112.67367,7.000,-10.68794
-7.53729,112.68363,7.000,-12.18834
-7.54043,112.69363,8.000,-12.33700
-7.54362,112.70364,7.000,-12.22234
-7.54684,112.71362,6.000,-11.68360
-7.55004,112.72365,4.000,-13.17231
-7.55321,112.73374,3.000,-20.77365
-7.55635,112.74387,3.000,-31.81515
-7.55956,112.75397,1.000,-28.88421
-7.56280,112.76405,2.000,-16.43041
-7.56604,112.77413,4.000,-13.16638
-7.56923,112.78421,1.000,-15.02091
-7.57238,112.79429,3.000,-16.34621
-7.57556,112.80438,0.000,-16.46334
-7.57877,112.81452,0.000,-14.49487
-7.58203,112.82465,0.000,-9.77664
-7.58527,112.83478,0.000,-5.53532
-7.58847,112.84490,1.000,-4.09981
-7.59165,112.85501,2.425,-16.56195
-7.59484,112.86512,-2.969,-39.82811
-7.59804,112.87526,-7.740,-22.01421
-7.60125,112.88544,-15.303,1.98931
-7.60448,112.89563,-23.312,-1.96715
-7.60771,112.90581,-18.989,-6.99301
-7.61092,112.91598,-12.648,-13.19592
-7.61414,112.92614,-1.986,-19.36175
-7.61733,112.93628,-4.929,-24.29649
-7.62053,112.94640,-8.663,-27.29322
-7.62376,112.95654,-7.558,-29.62076
-7.62698,112.96668,-2.712,-31.32312
-7.63019,112.97682,-2.523,-30.95175
-7.63339,112.98695,-2.946,-30.30233
-7.63658,112.99703,-2.690,-29.38922
-7.63976,113.00705,-1.420,-29.05891
-7.64295,113.01705,3.241,-29.03033
-7.64611,113.02702,6.608,-29.52086
-7.64926,113.03699,6.830,-30.32865
-7.65241,113.04697,8.425,-32.64485
-7.65557,113.05698,7.470,-33.10376
-7.65875,113.06703,-1.109,-32.12727
-7.66192,113.07708,-7.134,-34.02156
-7.66509,113.08713,-6.969,-35.91863
-7.66828,113.09719,-4.033,-36.59950
-7.67145,113.10728,-2.257,-32.44077
-7.67464,113.11739,-7.457,-22.88069
-7.67783,113.12750,-11.805,8.93973
-7.68104,113.13763,-11.917,6.61430
-7.68424,113.14779,-9.881,-34.86033
-7.68744,113.15797,-9.903,-36.38456
-7.69067,113.16815,-6.798,-31.10093
-7.69389,113.17834,-7.742,-28.29057
-7.69713,113.18856,-17.132,-25.83471
-7.70038,113.19883,-14.342,-23.59455
-7.70361,113.20909,-6.833,-25.40615
-7.70687,113.21937,-7.127,-26.35756
-7.71014,113.22968,-10.233,-26.73751
-7.71339,113.24000,-12.377,-28.15219
-7.71663,113.25027,-18.485,-29.08178
-7.71986,113.26052,-20.348,-30.59585
-7.72308,113.27077,-21.523,-30.27635
-7.72630,113.28097,-23.367,-29.13035
-7.72950,113.29118,-22.695,-26.98978
-7.73272,113.30139,-23.932,-24.94189
-7.73594,113.31163,-24.644,-21.16964
-7.73917,113.32190,-23.281,-16.99868
-7.74241,113.33216,-19.591,-12.30571
-7.74564,113.34238,-14.877,-5.91199
-7.74889,113.35259,-9.617,1.20312
-7.75214,113.36285,-3.465,7.02946
-7.75539,113.37314,2.000,7.57941
-7.75864,113.38344,6.000,5.94618
-7.76188,113.39370,4.000,9.16437
-7.76509,113.40392,5.000,15.20827
-7.76830,113.41413,5.000,16.23847
-7.77151,113.42432,7.000,13.21600
-7.77470,113.43445,13.000,10.70080
-7.77788,113.44455,19.000,10.16062
-7.78105,113.45464,26.000,11.67672
-7.78423,113.46471,36.000,15.84996
-7.78743,113.47482,44.000,22.38798
-7.79062,113.48494,59.000,29.85944
-7.79380,113.49509,67.000,38.24131
-7.79699,113.50526,73.000,46.48419
-7.80020,113.51545,75.000,54.65741
-7.80342,113.52562,89.000,61.20929
-7.80659,113.53573,167.000,68.65578
-7.80977,113.54581,362.000,77.02230
-7.81296,113.55588,514.000,86.55201
-7.81613,113.56598,533.000,96.58684
-7.81934,113.57612,458.000,110.37797
-7.82255,113.58630,635.000,124.15013
-7.82577,113.59650,1058.000,136.54369
-7.82896,113.60666,901.000,147.73054
-7.83216,113.61683,980.000,156.48151
-7.83536,113.62701,1075.000,157.80606
-7.83858,113.63723,827.000,163.07076
-7.84180,113.64749,671.000,170.59878
-7.84490,113.65779,717.000,154.83381
-7.84838,113.66796,755.000,130.27033
-7.85173,113.67818,670.000,119.23284
-7.85491,113.68841,592.000,111.13663
-7.85808,113.69864,605.000,104.59330
-7.86121,113.70883,603.000,101.05471
-7.86434,113.71901,593.000,98.93758
-7.86753,113.72921,606.000,102.85806
-7.87071,113.73942,587.000,108.22641
-7.87390,113.74957,547.000,114.72374
-7.87710,113.75969,524.000,115.24240
-7.88027,113.76980,442.000,116.99877
-7.88344,113.77989,371.000,119.29540
-7.88661,113.78996,367.000,113.30390
-7.88979,113.80004,318.000,115.49722
-7.89297,113.81022,300.000,106.58983
-7.89617,113.82040,284.000,99.49370
-7.89938,113.83058,263.000,91.98064
-7.90257,113.84076,249.000,85.19916
-7.90574,113.85091,240.000,80.58501
-7.90895,113.86104,243.000,84.68203
-7.91214,113.87117,250.000,90.98349
-7.91530,113.88130,262.000,102.33570
-7.91845,113.89141,281.000,99.44483
-7.92162,113.90150,314.000,85.17712
-7.92479,113.91159,332.000,75.69143
-7.92796,113.92172,364.000,94.52079
-7.93116,113.93191,393.000,124.05046
-7.93436,113.94213,427.000,125.27378
-7.93755,113.95228,461.000,117.55688
-7.94072,113.96244,483.000,111.70712
-7.94388,113.97254,519.000,109.12928
-7.94707,113.98264,553.000,108.00938
-7.95026,113.99280,587.000,105.88144
-7.95347,114.00299,588.000,103.83409
-7.95664,114.01317,714.000,103.34336
-7.95983,114.02331,790.000,104.21941
-7.96303,114.03350,786.000,105.73737
-7.96622,114.04370,805.000,110.03382
-7.96939,114.05384,815.000,116.36431
-7.97256,114.06397,950.000,124.76373
-7.97574,114.07412,1001.000,133.61516
-7.97894,114.08429,1109.000,142.35476
-7.98214,114.09453,1190.000,152.83471
-7.98535,114.10478,1321.000,161.30420
-7.98855,114.11498,1489.000,166.53885
-7.99175,114.12515,1587.000,170.37630
-7.99492,114.13532,1276.000,175.13161
-7.99811,114.14551,1108.000,169.96297
-8.00131,114.15573,1091.000,191.54699
-8.00450,114.16593,1099.000,241.14121
-8.00770,114.17611,1077.000,219.33363
-8.01091,114.18628,1179.000,196.09531
-8.01405,114.19639,1264.000,204.96653
-8.01720,114.20650,1380.000,213.20035
-8.02035,114.21659,1373.000,223.77940
-8.02348,114.22665,1483.000,235.31983
-8.02662,114.23670,1657.000,239.74601
-8.02977,114.24674,1768.000,239.62100
-8.03291,114.25674,1534.000,243.13256
-8.03604,114.26675,1442.000,237.33658
-8.03918,114.27685,1401.000,220.87044
-8.04236,114.28701,1313.000,201.02825
-8.04554,114.29719,982.000,178.69064
-8.04871,114.30732,880.000,164.60067
-8.05189,114.31742,706.000,152.04356
-8.05507,114.32748,612.000,130.40862
-8.05825,114.33759,489.000,112.04388
-8.06142,114.34778,424.000,96.79061
-8.06458,114.35803,365.000,84.40442
-8.06777,114.36826,304.000,74.95724
-8.07097,114.37848,264.000,69.07858
-8.07416,114.38865,192.000,61.55771
-8.76626,113.83624,-897.501,-148.69849
-8.76301,113.82583,-930.720,-64.96123
-8.75978,113.81548,-1111.223,30.32164
-8.75657,113.80521,-1279.596,65.00847
-8.75337,113.79498,-1382.947,71.53403
-8.75016,113.78470,-1197.807,50.71142
-8.74692,113.77441,-845.821,57.22525
-8.74369,113.76413,-744.618,66.62575
-8.74048,113.75389,-703.163,84.46151
-8.73728,113.74362,-694.528,99.67095
-8.73406,113.73330,-766.279,115.12834
-8.73082,113.72295,-848.313,126.31245
-8.72761,113.71264,-950.025,134.80134
-8.72441,113.70240,-1232.032,141.17499
-8.72122,113.69223,-1164.065,146.60420
-8.71803,113.68210,-937.622,152.79954
-8.71485,113.67202,-875.074,98.71647
-8.71168,113.66193,-876.962,67.80474
-8.70850,113.65180,-901.507,104.05037
-8.70532,113.64163,-965.767,132.89204
-8.70214,113.63146,-927.759,152.92600
-8.69895,113.62129,-926.978,148.61403
-8.69576,113.61111,-917.006,134.89443
-8.69257,113.60092,-947.999,120.09226
-8.68937,113.59071,-953.000,123.45697
-8.68617,113.58051,-949.000,129.19940
-8.68295,113.57030,-945.181,135.25446
-8.67974,113.56006,-968.179,128.83754
-8.67652,113.54981,-980.233,120.84522
-8.67331,113.53959,-1008.083,84.32392
-8.67011,113.52938,-1062.202,94.26238
-8.66690,113.51917,-1152.160,139.26129
-8.66371,113.50897,-1189.965,127.68731
-8.66051,113.49877,-1172.006,116.51463
-8.65732,113.48855,-1140.311,111.70838
-8.65410,113.47831,-1109.956,106.37708
-8.65091,113.46806,-1118.620,97.45110
-8.64769,113.45785,-1208.917,85.33430
-8.64444,113.44757,-1329.990,75.08557
-8.64119,113.43722,-1403.425,69.87182
-8.63795,113.42688,-1332.332,73.98755
-8.63470,113.41655,-1186.400,84.18955
-8.63147,113.40626,-1093.185,85.58136
-8.62824,113.39603,-962.320,92.16468
-8.62505,113.38580,-839.490,105.21964
-8.62183,113.37559,-711.619,112.86590
-8.61863,113.36538,-557.057,119.09997
-8.61542,113.35513,-450.619,131.57763
-8.61219,113.34484,-336.099,144.75359
-8.60894,113.33451,-289.537,158.54109
-8.60567,113.32414,-188.970,173.89036
-8.60243,113.31375,-128.327,189.05304
-8.59918,113.30341,-111.304,198.55330
-8.59591,113.29310,-121.628,175.57420
-8.59265,113.28276,-137.023,142.36603
-8.58942,113.27244,-151.044,139.06119
-8.58617,113.26213,-158.905,166.34323
-8.58289,113.25178,-153.018,201.00711
-8.57962,113.24140,-161.930,191.82497
-8.57635,113.23103,-169.901,180.69094
-8.57307,113.22066,-203.905,165.69230
-8.56979,113.21028,-237.276,152.21053
-8.56653,113.19983,-298.173,138.71129
-8.56323,113.18937,-343.517,129.84998
-8.55993,113.17893,-397.614,123.01192
-8.55664,113.16848,-422.115,118.34026
-8.55334,113.15803,-455.367,111.13700
-8.55007,113.14764,-472.149,103.33077
-8.54683,113.13730,-463.722,91.08221
-8.54358,113.12695,-444.877,87.11738
-8.54032,113.11655,-422.007,87.91959
-8.53704,113.10616,-403.236,98.99854
-8.53376,113.09577,-415.930,112.29528
-8.53049,113.08539,-421.886,125.84721
-8.52721,113.07501,-429.291,130.03842
-8.52392,113.06460,-452.742,129.84839
-8.52063,113.05416,-493.484,119.85779
-8.51734,113.04370,-534.234,105.78385
-8.51404,113.03324,-588.629,87.99865
-8.51074,113.02279,-618.820,79.20200
-8.50743,113.01231,-661.395,70.67025
-8.50410,113.00180,-678.176,62.28879
-8.50073,112.99118,-685.553,61.84980
-8.49738,112.98053,-672.982,67.33906
-8.49405,112.96996,-651.151,75.31911
-8.49075,112.95947,-627.920,81.38124
-8.48743,112.94898,-589.706,86.99373
-8.48413,112.93848,-569.936,94.17257
-8.48081,112.92796,-522.463,103.10220
-8.47749,112.91743,-477.084,113.99053
-8.47414,112.90680,-408.345,125.39509
-8.47074,112.89605,-346.434,136.30832
-8.46733,112.88523,-267.511,146.22491
-8.46390,112.87441,-179.721,144.52776
-8.46054,112.86367,-127.493,137.95341
-8.45721,112.85308,-70.413,116.74363
-8.45389,112.84259,-45.394,95.49606
-8.45055,112.83211,-39.781,73.05731
-8.44721,112.82162,-34.541,65.85936
-8.44390,112.81113,-47.079,68.81822
-8.44060,112.80069,-58.974,78.74772
-8.43729,112.79025,-76.994,96.84622
-8.43395,112.77976,-88.399,116.06571
-8.43062,112.76922,-65.416,135.29919
-8.42730,112.75866,-24.615,145.33969
-8.42398,112.74808,42.407,151.10011
-8.42063,112.73752,54.000,147.80760
-8.41732,112.72696,49.142,140.99912
-8.41399,112.71643,5.000,131.15127
-8.41067,112.70591,48.000,125.28217
-8.40733,112.69539,113.000,123.18554
-8.40400,112.68484,112.000,124.92819
-8.40065,112.67426,133.000,131.17036
-8.39732,112.66374,25.000,137.86745
-8.39400,112.65329,94.000,142.74045
-8.39068,112.64289,174.000,143.66021
-8.38739,112.63244,156.000,142.32144
-8.38409,112.62201,147.000,137.97966
-8.38076,112.61155,178.000,133.80689
-8.37742,112.60104,184.000,130.42777
-8.37410,112.59055,120.000,128.91369
-8.37078,112.58007,147.000,127.66423
-8.36747,112.56957,120.000,127.04797
-8.36417,112.55908,160.000,126.73835
-8.36084,112.54860,195.000,127.14801
-8.35751,112.53808,203.000,128.39277
-8.35416,112.52752,210.000,130.44282
-8.35082,112.51698,218.000,134.07835
-8.34751,112.50649,237.000,132.29116
-8.34417,112.49602,214.000,134.31456
-8.34087,112.48558,239.000,143.03248
-8.33754,112.47510,271.000,149.04989
-8.33421,112.46458,266.000,151.30190
-8.33087,112.45406,296.000,150.72929
-8.32754,112.44357,304.000,151.74989
-8.32421,112.43308,271.000,153.59429
-8.32089,112.42259,281.000,161.61477
-8.31756,112.41209,264.000,168.46103
-8.31422,112.40154,265.000,170.78606
-8.31082,112.39087,294.000,165.53400
-8.30740,112.38014,340.000,154.75580
-8.30400,112.36946,304.000,136.09632
-8.30066,112.35887,150.000,173.32198
-8.29729,112.34832,326.000,204.20765
-8.29393,112.33775,282.000,204.86796
-8.29058,112.32722,282.000,200.25036
-8.28723,112.31665,303.000,189.71059
-8.28385,112.30606,302.000,167.22415
-8.28053,112.29551,283.000,147.36583
-8.27721,112.28499,231.000,134.62447
-8.27384,112.27449,132.000,132.65403
-8.27049,112.26396,162.000,135.53892
-8.26712,112.25344,154.000,146.74591
-8.26379,112.24291,89.000,140.79545
-8.26042,112.23237,178.000,128.46648
-8.25703,112.22178,222.000,118.74962
-8.25368,112.21119,160.000,103.86006
-8.25037,112.20068,181.000,81.45341
-8.24703,112.19020,111.000,69.89657
-8.24371,112.17974,179.000,64.56606
-8.24036,112.16926,278.000,68.41408
-8.23704,112.15877,293.000,78.66654
-8.23370,112.14826,331.000,90.47914
-8.23038,112.13777,320.000,101.03424
-8.22705,112.12727,304.000,105.81334
-8.22370,112.11677,264.000,106.17881
-8.22033,112.10623,247.000,106.46831
-8.21695,112.09561,226.000,99.86816
-8.21360,112.08502,232.000,91.95623
-8.21022,112.07441,277.000,100.59422
-8.20683,112.06377,279.000,112.76553
-8.20343,112.05309,296.000,131.23252
-8.20005,112.04240,295.000,152.50616
-8.19664,112.03168,311.000,171.48337
-8.19321,112.02092,311.000,189.85661
-8.18979,112.01021,295.000,197.80152
-8.18640,111.99953,305.000,205.66538
-8.18300,111.98885,157.000,186.87246
-8.17959,111.97823,108.000,107.74806
-8.17620,111.96765,105.000,55.41701
-8.17286,111.95713,101.000,78.34483
-8.16952,111.94666,100.000,99.28703
-8.16623,111.93623,99.000,89.35441
-8.16293,111.92590,103.000,79.01156
-8.15963,111.91559,194.000,75.58465
-8.15633,111.90525,227.000,90.71592
-8.15301,111.89487,105.000,105.48929
-8.14971,111.88451,88.000,119.33425
-8.14642,111.87418,86.000,115.44928
-8.14313,111.86385,86.000,108.02025
-8.13983,111.85354,86.000,94.87114
-8.13653,111.84317,89.000,84.29672
-8.13322,111.83279,89.000,75.09298
-8.12992,111.82241,89.000,75.33937
-8.12662,111.81202,90.000,78.82660
-8.12330,111.80161,93.000,85.42008
-8.12000,111.79120,95.000,102.34824
-8.11670,111.78082,93.000,124.97776
-8.11339,111.77045,96.000,158.21131
-8.11005,111.76007,97.000,187.22637
-8.10670,111.74963,98.000,211.70148
-8.10354,111.73919,99.000,214.48926
-8.10028,111.72864,101.000,211.82839
-8.09682,111.71817,172.000,159.44333
-8.09338,111.70772,323.000,117.25266
-8.09001,111.69730,119.000,102.91714
-8.08664,111.68683,122.000,87.76567
-8.08327,111.67631,114.000,84.29404
-8.07992,111.66577,121.000,85.33361
-8.07654,111.65522,125.000,91.21946
-8.07318,111.64465,262.000,106.58488
-8.06977,111.63403,169.000,127.07218
-8.06639,111.62343,199.000,142.58852
-8.06300,111.61281,337.000,153.92369
-8.05959,111.60216,240.000,160.57887
-8.05618,111.59151,531.000,165.14074
-8.05275,111.58087,516.000,170.49654
-8.04935,111.57024,365.000,179.31729
-8.04596,111.55960,438.000,182.34676
-8.04256,111.54898,612.000,180.11628
-8.03918,111.53840,814.000,167.27476
-8.03584,111.52789,984.000,150.91155
-8.03248,111.51743,897.000,132.71219
-8.02911,111.50697,864.000,126.26337
-8.02575,111.49647,841.000,125.02241
-8.02240,111.48593,367.000,132.95701
-8.01901,111.47540,264.000,144.12115
-8.01565,111.46486,128.000,155.04344
-8.01230,111.45442,132.000,153.99401
-8.00901,111.44406,132.000,146.36470
-8.00569,111.43373,137.000,135.29543
-8.00236,111.42332,134.000,120.35178
-7.99902,111.41293,131.000,108.53978
-7.99569,111.40254,138.000,102.25966
-7.99237,111.39222,187.000,100.11947
-7.98909,111.38193,180.000,99.10508
-7.98580,111.37163,195.000,99.68627
-7.98247,111.36131,449.000,100.25714
-7.97915,111.35096,724.000,103.69829
-7.97583,111.34054,865.000,131.01578
-7.97246,111.33009,937.000,144.87204
-7.96915,111.31965,817.000,130.38653
-7.96581,111.30925,757.000,140.38233
-7.96249,111.29886,765.000,167.94626
-7.95915,111.28847,846.000,196.75787
-7.95585,111.27813,825.000,222.12273
-7.95251,111.26780,962.000,243.66313
-7.94918,111.25746,919.000,242.83850
-7.94586,111.24711,1007.000,227.81701
-7.94254,111.23675,864.000,204.20199
-7.93918,111.22635,868.000,174.66710
-7.93585,111.21592,1006.000,141.67644
-7.93252,111.20549,1009.000,166.21464
-7.92920,111.19511,994.000,158.51281
-7.92589,111.18477,972.000,112.28897
-6.41143,112.24491,-57.344,-12.57877
-6.42214,112.24156,-56.510,-3.60007
-6.43290,112.23823,-55.603,10.60505
-6.44370,112.23489,-54.979,24.16142
-6.45450,112.23153,-54.849,33.96694
-6.46523,112.22820,-54.603,38.42097
-6.47587,112.22488,-55.681,37.36009
-6.48650,112.22154,-56.059,35.38536
-6.49721,112.21820,-53.890,33.09322
-6.50792,112.21484,-51.430,33.28043
-6.51862,112.21151,-49.936,34.87851
-6.52926,112.20819,-49.794,37.86361
-6.53991,112.20487,-49.914,41.00787
-6.55055,112.20155,-49.004,44.57679
-6.56119,112.19823,-48.338,49.11591
-6.57185,112.19491,-47.897,53.45659
-6.58246,112.19160,-46.745,57.75076
-6.59304,112.18829,-44.040,60.67352
-6.60363,112.18499,-43.818,63.36475
-6.61411,112.18172,-43.434,65.37542
-6.62454,112.17847,-42.500,68.32239
-6.63503,112.17519,-41.159,71.29488
-6.64558,112.17190,-39.422,71.93561
-6.65610,112.16861,-35.583,68.01924
-6.66658,112.16533,-32.969,59.67872
-6.67702,112.16209,-30.080,50.15056
-6.68741,112.15885,-28.236,43.64777
-6.69780,112.15558,-25.054,41.14661
-6.70818,112.15233,-23.303,39.14437
-6.71851,112.14910,-20.763,36.31308
-6.72881,112.14588,-18.784,30.18882
-6.73910,112.14266,-16.248,28.21911
-6.74944,112.13942,-16.219,29.77123
-6.75985,112.13619,-17.414,43.26646
-6.77029,112.13294,-17.030,58.15191
-6.78083,112.12964,-15.392,69.50943
-6.79140,112.12634,-13.980,67.01244
-6.80197,112.12305,-12.613,58.20910
-6.81248,112.11975,-11.971,39.66637
-6.82301,112.11646,-10.633,22.52279
-6.83356,112.11315,-9.650,9.06390
-6.84408,112.10986,-8.400,7.81810
-6.85450,112.10660,-5.783,9.93507
-6.86487,112.10336,-4.871,17.00113
-6.87525,112.10012,-8.539,28.32604
-6.88568,112.09687,-16.349,39.29397
-6.89615,112.09360,10.000,44.95826
-7.67667,111.99101,52.000,-52.36667
-7.66611,111.99432,53.000,-48.53430
-7.65558,111.99762,52.000,-12.01055
-7.64498,112.00094,51.000,15.76065
-7.63434,112.00431,50.000,29.49468
-7.62359,112.00766,50.000,31.95156
-7.61286,112.01103,48.000,34.53375
-7.60222,112.01437,48.000,35.92027
-7.59173,112.01763,46.000,29.88353
-7.58124,112.02091,45.000,19.83889
-7.57068,112.02425,44.000,8.22015
-7.56023,112.02756,46.000,-1.71401
-7.54992,112.03079,44.000,-10.39102
-7.53965,112.03399,48.000,-11.60431
-7.52935,112.03723,52.000,-8.40987
-7.51916,112.04044,64.000,-0.44848
-7.50901,112.04358,62.000,6.73395
-7.49892,112.04676,75.000,13.40839
-7.48885,112.04993,72.000,11.70288
-7.47875,112.05312,122.000,4.21420
-7.46861,112.05630,143.000,-7.07367
-7.45838,112.05951,108.000,-15.93304
-7.44799,112.06276,151.000,-23.09897
-7.43754,112.06604,156.000,-27.96218
-7.42707,112.06931,165.000,-27.23701
-7.41675,112.07250,142.000,-22.26029
-7.40656,112.07567,145.000,-30.75391
-7.39629,112.07892,181.000,-44.46002
-7.38596,112.08221,162.000,-66.50065
-7.37568,112.08538,139.000,-76.73774
-7.36547,112.08858,103.000,-66.58393
-7.35539,112.09172,98.000,7.85114
-7.34534,112.09485,103.000,-5.37885
-7.33525,112.09802,97.000,-90.19457
-7.32515,112.10120,83.000,-85.57710
-7.31510,112.10433,78.000,-48.17368
-7.30506,112.10747,73.000,-19.04463
-7.29500,112.11064,64.000,5.09093
-7.28487,112.11382,63.000,27.33214
-7.27468,112.11700,58.000,40.75014
-7.26447,112.12019,62.000,51.55444
-7.25424,112.12341,60.000,59.78534
-7.24403,112.12662,38.000,63.70885
-7.23377,112.12984,40.000,65.23197
-7.22347,112.13306,41.000,64.11950
-7.21319,112.13627,37.000,60.73573
-7.20290,112.13950,27.000,56.74275
-7.19262,112.14270,22.000,53.41196
-7.18230,112.14593,19.000,50.40657
-7.17204,112.14913,18.000,47.79837
-7.16179,112.15233,15.000,44.80419
-7.15159,112.15553,14.000,41.88084
-7.14149,112.15868,30.000,40.08768
-7.13140,112.16186,56.000,39.22589
-7.12126,112.16504,26.000,40.52610
-7.11111,112.16823,12.000,43.39757
-7.10099,112.17139,13.000,47.51334
-7.09087,112.17454,11.000,52.33956
-7.08073,112.17771,11.000,57.61463
-7.07058,112.18086,8.000,63.34121
-7.06040,112.18404,7.000,68.93037
-7.05016,112.18726,8.000,73.71904
-7.03992,112.19048,7.000,78.35289
-7.02963,112.19369,7.000,83.00036
-7.01929,112.19691,7.000,87.07879
-7.00893,112.20015,7.000,90.27638
-6.99860,112.20338,7.000,91.10900
-6.98835,112.20659,7.000,89.11097
-6.97813,112.20979,21.000,86.59553
-6.96796,112.21299,33.000,83.53231
-6.95780,112.21617,43.000,79.03931
-6.94764,112.21935,25.000,74.11140
-6.93749,112.22253,18.000,70.16775
-6.92732,112.22572,16.000,66.37497
-6.91711,112.22892,16.000,62.71729
-6.90687,112.23211,54.000,58.70425
-6.89666,112.23529,55.000,54.33456
-6.88649,112.23846,18.000,49.86884
-6.87630,112.24165,3.000,46.13096
-6.86606,112.24485,-11.007,42.55823
-6.85575,112.24808,-13.626,40.03909
-6.84539,112.25134,-11.235,37.78045
-6.83497,112.25459,-11.202,35.98211
-6.82458,112.25781,-13.729,34.48114
-6.81423,112.26105,-15.673,33.06564
-6.80382,112.26429,-17.296,32.14361
-6.79336,112.26755,-18.567,32.30040
-6.78289,112.27081,-20.300,33.56151
-6.77244,112.27406,-22.251,36.37979
-6.76199,112.27733,-25.785,39.54472
-6.75158,112.28057,-28.455,43.20170
-6.74118,112.28383,-32.074,46.13721
-6.73080,112.28709,-34.105,48.16855
-6.72048,112.29030,-35.965,49.17490
-6.71013,112.29354,-36.436,50.12433
-6.69977,112.29678,-38.407,51.04080
-6.68947,112.29999,-39.427,52.37356
-6.67921,112.30319,-40.465,52.74429
-6.66901,112.30638,-42.971,52.28132
-6.65885,112.30955,-44.196,49.96356
-6.64862,112.31275,-47.172,46.87264
-6.63829,112.31600,-48.120,41.98533
-6.62790,112.31924,-48.115,36.60418
-6.61754,112.32247,-47.220,31.11620
-6.60723,112.32567,-46.406,26.61671
-6.59701,112.32886,-47.304,22.80796
-6.58682,112.33205,-48.843,20.40749
-6.57659,112.33524,-49.272,20.30661
-6.56636,112.33844,-50.985,21.37680
-6.55615,112.34163,-51.856,23.39999
-6.54592,112.34481,-52.051,25.91201
-6.53570,112.34801,-53.294,29.52153
-6.52552,112.35120,-55.332,30.97152
-6.38006,112.53901,-59.594,-36.39118
-6.39005,112.53591,-60.206,-16.87761
-6.40014,112.53279,-61.257,10.66305
-6.41030,112.52965,-63.766,18.29040
-6.42050,112.52648,-68.130,23.07344
-6.43067,112.52331,-72.515,23.98742
-6.44079,112.52014,-71.505,24.56010
-6.45086,112.51699,-68.299,25.29986
-6.46084,112.51388,-65.881,27.70241
-6.47074,112.51080,-63.093,30.55355
-6.48059,112.50773,-58.515,33.98852
-6.49047,112.50464,-55.255,37.59875
-6.50039,112.50153,-52.612,41.29741
-6.51043,112.49839,-51.758,43.13547
-6.52053,112.49525,-50.767,43.65343
-6.53063,112.49211,-49.682,42.85342
-6.54060,112.48898,-49.631,40.90130
-6.55040,112.48590,-50.562,38.44408
-6.56016,112.48285,-51.730,36.03289
-6.56999,112.47980,-53.074,34.25222
-6.57994,112.47672,-54.197,33.63553
-6.59006,112.47356,-53.753,33.75141
-6.60027,112.47039,-52.902,34.40684
-6.61046,112.46721,-53.120,35.19067
-6.62059,112.46403,-53.271,35.71220
-6.63067,112.46087,-54.928,36.08783
-6.64069,112.45774,-56.125,36.44431
-6.65065,112.45463,-55.405,37.10841
-6.66062,112.45150,-54.119,37.87262
-6.67060,112.44839,-52.223,38.73136
-6.68055,112.44528,-48.786,39.56084
-6.69056,112.44215,-46.743,40.39407
-6.70068,112.43900,-44.184,41.23894
-6.71081,112.43585,-42.958,41.31038
-6.72098,112.43265,-40.391,40.82640
-6.73119,112.42949,-39.572,39.56926
-6.74142,112.42627,-39.068,38.86618
-6.75164,112.42309,-37.055,38.50939
-6.76184,112.41990,-34.196,39.65769
-6.77213,112.41667,-30.296,42.01412
-6.78250,112.41342,-26.919,46.09702
-6.79287,112.41019,-21.216,51.32722
-6.80304,112.40703,-16.878,56.63535
-6.81307,112.40388,-11.810,62.04171
-6.82308,112.40074,-10.644,66.53640
-6.83319,112.39758,-14.134,69.57244
-6.84336,112.39442,-21.140,70.26691
-6.85354,112.39121,-27.615,70.85003
-6.86379,112.38802,-15.975,70.82690
-6.87408,112.38481,2.792,70.28126
-6.88437,112.38160,24.000,68.87288
-6.89462,112.37839,32.000,67.12820
-6.90487,112.37520,50.000,65.71994
-6.91513,112.37199,54.000,64.62333
-6.92541,112.36876,46.000,64.06515
-6.93570,112.36555,38.000,63.14182
-6.94597,112.36235,25.000,61.02050
-6.95619,112.35914,22.000,57.69993
-6.96630,112.35598,10.000,53.68780
-6.97630,112.35287,6.000,47.94522
-6.98638,112.34972,6.000,42.08417
-6.99657,112.34653,9.000,36.85494
-7.00686,112.34332,5.000,32.41638
-7.01713,112.34011,4.000,28.39072
-7.02734,112.33690,5.000,25.04038
-7.03761,112.33367,5.000,21.98638
-7.04789,112.33045,6.000,20.43373
-7.05811,112.32726,5.000,20.29523
-7.06834,112.32409,6.000,20.54171
-7.07864,112.32087,4.000,21.50072
-7.08898,112.31764,7.000,21.28346
-7.09936,112.31440,7.000,19.27696
-7.10971,112.31116,7.000,12.53247
-7.11997,112.30796,13.000,5.00519
-7.13021,112.30475,16.000,-3.78417
-7.14060,112.30148,17.000,-10.89005
-7.15098,112.29824,19.000,-15.70936
-7.16136,112.29502,22.000,-14.88979
-7.17186,112.29170,24.000,-13.12808
-7.18247,112.28839,34.000,-10.32510
-7.19304,112.28512,41.000,-7.83544
-7.20367,112.28174,59.000,-6.08769
-7.21424,112.27841,40.000,-5.92251
-7.22479,112.27511,52.000,-7.88941
-7.23540,112.27184,55.000,-11.10494
-7.24597,112.26852,70.000,-15.99583
-7.25646,112.26523,73.000,-20.19941
-7.26678,112.26200,97.000,-23.40470
-7.27691,112.25878,139.000,-21.95082
-7.28694,112.25564,102.000,-18.39432
-7.29685,112.25255,83.000,-10.86406
-7.30664,112.24947,77.000,1.20327
-7.31643,112.24640,72.000,15.12700
-7.32643,112.24328,59.000,25.65340
-7.33654,112.24014,70.000,38.15550
-7.34664,112.23700,83.000,57.32144
-7.35678,112.23382,100.000,82.72833
-7.36704,112.23059,92.000,97.47042
-7.37726,112.22741,109.000,55.28989
-7.38748,112.22421,60.000,36.36518
-7.39766,112.22103,44.000,90.24356
-7.40783,112.21782,40.000,142.31391
-7.41799,112.21463,40.000,144.55104
-7.42812,112.21145,37.000,115.14826
-7.43828,112.20826,36.000,89.92576
-7.44859,112.20505,35.000,62.44165
-7.45891,112.20183,33.000,45.23244
-7.46918,112.19862,34.000,28.97816
-7.47945,112.19541,35.000,15.25991
-7.48979,112.19213,35.000,8.52138
-7.50004,112.18894,33.000,5.16561
-7.51013,112.18580,34.000,2.01675
-7.52025,112.18260,34.000,-1.22160
-7.53040,112.17939,42.000,-7.00905
-7.54057,112.17622,48.000,-18.42471
-7.55064,112.17307,43.000,-31.94379
-7.56069,112.16993,45.000,-53.09760
-7.57059,112.16686,46.000,-76.88347
-7.58039,112.16373,48.000,-103.65137
-7.59041,112.16051,48.000,-126.60235
-7.60057,112.15736,51.000,-147.89492
-7.61046,112.15429,58.000,-159.34832
-7.62016,112.15126,55.000,-166.51264
-7.62997,112.14815,56.000,-162.06979
-7.63994,112.14500,56.000,-155.36680
-7.65011,112.14184,57.000,-149.57544
-7.66047,112.13861,55.000,-151.87954
-7.67081,112.13535,57.000,-158.10249
-7.68119,112.13210,60.000,-168.56275
-7.69147,112.12885,62.000,-174.74743
-7.70173,112.12559,68.000,-179.33079
-7.71200,112.12240,69.000,-177.81679
-7.72227,112.11920,72.000,-172.70328
-7.73248,112.11599,73.000,-163.24692
-7.74268,112.11279,79.000,-146.39971
-7.75293,112.10960,83.000,-130.36629
-7.76314,112.10637,87.000,-115.32430
-7.77343,112.10317,88.000,-102.54620
-7.78378,112.09993,93.000,-91.17953
-7.79406,112.09669,101.000,-85.40202
-7.80421,112.09347,104.000,-83.46942
-7.81439,112.09025,104.000,-86.82739
-7.82455,112.08708,108.000,-94.60529
-7.83453,112.08394,118.000,-104.50861
-7.84461,112.08079,115.000,-102.95664
-7.85480,112.07760,123.000,-94.98028
-7.86508,112.07436,128.000,-82.30729
-7.87538,112.07116,138.000,-64.10436
-7.88561,112.06797,140.000,-44.95842
-7.89566,112.06479,139.000,-26.63440
-7.90567,112.06164,143.000,-16.44807
-7.91580,112.05847,143.000,-12.72004
-7.92604,112.05526,143.000,-17.29108
-7.93638,112.05203,140.000,-23.43637
-7.94685,112.04921,140.000,-29.09031
-7.95720,112.04617,141.000,-28.42994
-7.96743,112.04289,132.000,-26.42060
-7.97779,112.03939,135.000,-21.75596
-7.98825,112.03591,128.000,-16.98118
-7.99871,112.03244,125.000,-10.60670
-8.00912,112.02911,114.000,2.51535
-8.01955,112.02581,114.000,15.88658
-8.02997,112.02257,112.000,30.52138
-8.04030,112.01928,108.000,41.62914
-8.05058,112.01608,107.000,50.16339
-8.06092,112.01280,104.000,44.80014
-8.07141,112.00953,101.000,36.89089
-8.08193,112.00624,104.000,26.72977
-8.09239,112.00297,106.000,15.41617
-8.10281,111.99970,108.000,5.87839
-8.11314,111.99642,103.000,7.10276
-8.12338,111.99321,104.000,1.80158
-8.13365,111.98997,109.000,-11.72704
-8.14390,111.98676,100.000,-28.29171
-8.15409,111.98356,98.000,-44.91632
-8.16437,111.98033,101.000,-24.03310
-8.17482,111.97704,103.000,62.70471
-8.18530,111.97374,111.000,96.84669
-8.19580,111.97045,135.000,3.39713
-8.20624,111.96721,138.000,-26.64405
-8.21664,111.96390,199.000,7.94233
-8.22700,111.96063,241.000,30.18635
-8.23736,111.95737,207.000,45.97779
-8.24776,111.95409,244.000,56.42392
-8.25818,111.95081,235.000,61.95125
-8.26865,111.94751,159.000,68.38896
-8.27912,111.94420,83.000,74.52332
-8.28953,111.94093,56.817,78.19477
-8.29992,111.93763,132.000,80.88607
-8.31031,111.93438,-22.180,81.60190
-8.32066,111.93114,-86.062,81.58668
-8.33100,111.92787,-180.322,80.56862
-8.34140,111.92457,-232.415,79.11734
-8.35188,111.92127,-285.186,77.43987
-8.36243,111.91798,-309.326,75.52857
-8.37299,111.91465,-328.103,74.46110
-8.38348,111.91135,-329.864,73.98258
-8.39386,111.90808,-322.662,74.94970
-8.40418,111.90482,-316.007,76.05146
-8.41449,111.90159,-305.153,77.69760
-8.42481,111.89835,-294.046,78.23621
-8.43512,111.89510,-285.362,77.98817
-8.44543,111.89186,-293.974,75.90806
-8.45576,111.88861,-302.200,73.36332
-8.46612,111.88534,-309.439,70.41743
-8.47643,111.88210,-334.247,68.53745
-8.48668,111.87888,-346.786,68.26920
-8.49698,111.87562,-348.880,69.61813
-8.50735,111.87235,-330.632,72.10643
-8.51776,111.86907,-323.878,74.92345
-8.52818,111.86578,-332.233,77.93910
-8.53860,111.86251,-346.242,80.28870
-8.54894,111.85925,-362.643,81.69399
-8.55921,111.85601,-385.174,82.12423
-8.56948,111.85275,-400.584,81.94245
-8.57979,111.84948,-421.359,81.48303
-8.59010,111.84623,-431.915,81.29659
-8.60035,111.84299,-460.879,81.11427
-8.61058,111.83977,-484.548,81.15736
-8.62085,111.83655,-522.222,81.04496
-8.63112,111.83332,-549.687,80.82271
-8.64132,111.83012,-576.982,79.67682
-8.65149,111.82689,-617.496,78.54043
-8.66175,111.82365,-645.026,77.28496
-8.67204,111.82044,-688.592,76.33570
-8.68232,111.81721,-712.538,75.60447
-8.69265,111.81394,-739.333,75.44623
-8.70303,111.81067,-756.184,75.52937
-8.71338,111.80743,-800.650,75.96456
-8.72369,111.80418,-840.314,75.67828
-8.73403,111.80088,-910.998,74.81539
-7.91879,112.19863,417.000,-54.58098
-7.90846,112.20188,414.000,35.62743
-7.89808,112.20511,402.000,183.34898
-7.88769,112.20839,396.000,331.67047
-7.87737,112.21161,359.000,458.64496
-7.86719,112.21477,348.000,586.62794
-7.85714,112.21796,331.000,216.10186
-8.01244,112.31408,503.000,123.40086
-8.02277,112.31086,422.000,135.09603
-8.03305,112.30764,406.000,145.35780
-8.04332,112.30443,364.000,151.99193
-8.05354,112.30123,341.000,158.42484
-8.06368,112.29804,308.000,161.06169
-8.59020,110.85078,-386.782,33.71046
-8.58017,110.85394,-408.777,46.38482
-8.57016,110.85708,-460.226,66.22248
-8.56017,110.86024,-498.315,79.98930
-8.55017,110.86339,-533.243,91.00383
-8.54014,110.86656,-552.025,93.25327
-8.53005,110.86974,-573.948,92.88096
-8.51991,110.87292,-595.011,92.60260
-8.50976,110.87611,-616.772,95.21462
-8.49962,110.87931,-611.253,99.28452
-8.48955,110.88248,-574.822,101.94741
-8.47953,110.88565,-561.435,100.40878
-8.46949,110.88883,-528.157,94.13681
-8.45943,110.89201,-510.935,87.45974
-8.44935,110.89517,-464.144,80.53757
-8.43932,110.89832,-443.909,78.53646
-8.42933,110.90145,-418.734,79.10249
-8.41935,110.90460,-377.213,83.00151
-8.40936,110.90775,-350.189,86.20438
-8.39934,110.91092,-308.376,88.69856
-8.38934,110.91408,-280.731,88.69387
-8.37936,110.91721,-253.806,87.02314
-8.36936,110.92036,-223.815,83.40130
-8.35933,110.92350,-201.828,80.05276
-8.34930,110.92665,-178.935,76.86937
-8.33925,110.92981,-163.374,79.39971
-8.32920,110.93298,-145.734,84.12329
-8.31914,110.93614,-116.000,92.91008
-8.30909,110.93931,-92.974,97.24755
-8.29902,110.94247,-56.982,99.20526
-8.28890,110.94567,-35.528,95.29853
-8.27875,110.94889,-16.929,91.33111
-8.26855,110.95211,-16.130,87.64155
-8.25834,110.95533,-14.934,83.96246
-8.24812,110.95853,-9.301,79.24878
-8.23787,110.96175,-2.687,69.05115
-8.22759,110.96499,27.000,57.25538
-8.21727,110.96823,63.000,45.94511
-8.20694,110.97150,127.000,53.76770
-8.19662,110.97475,154.000,69.06302
-8.18634,110.97798,312.000,96.84270
-8.17609,110.98120,240.000,128.71868
-8.16586,110.98445,380.000,159.62559
-8.15564,110.98768,366.000,172.08938
-8.14548,110.99087,352.000,174.82410
-8.13535,110.99406,375.000,166.22650
-8.12520,110.99725,353.000,151.42332
-8.11506,111.00042,377.000,134.85671
-8.10495,111.00356,398.000,126.13729
-8.09486,111.00672,366.000,122.12865
-8.08478,111.00991,284.000,121.97451
-8.07471,111.01307,267.000,124.01135
-8.06465,111.01623,402.000,125.92176
-8.05461,111.01940,521.000,129.66866
-8.04458,111.02257,387.000,135.80222
-8.03453,111.02573,349.000,142.86365
-8.02445,111.02890,316.000,151.40491
-8.01439,111.03205,403.000,158.62690
-8.00436,111.03518,481.000,159.66537
-7.99433,111.03834,465.000,154.70994
-7.98428,111.04149,481.000,145.44910
-7.97424,111.04464,272.000,137.51524
-7.96420,111.04779,304.000,129.89574
-7.95415,111.05097,173.000,129.09394
-7.94413,111.05412,230.000,130.13207
-7.93415,111.05725,236.000,131.91551
-7.92422,111.06036,569.000,129.98718
-7.91435,111.06348,513.000,126.42396
-7.90448,111.06657,281.000,119.58724
-7.89459,111.06968,206.000,117.48045
-7.88468,111.07281,217.000,120.61850
-7.87480,111.07591,231.000,133.17537
-7.86496,111.07899,244.000,149.13900
-7.85517,111.08204,266.000,167.38906
-7.84542,111.08509,281.000,177.75589
-7.83568,111.08815,313.000,178.94362
-7.82595,111.09121,341.000,169.15376
-7.81624,111.09426,366.000,156.11633
-7.80658,111.09730,402.000,132.23628
-7.79700,111.10031,450.000,106.62866
-7.78749,111.10329,493.000,80.23505
-7.77803,111.10626,537.000,61.91451
-7.76857,111.10924,591.000,48.82988
-7.75910,111.11221,659.000,51.07499
-7.74965,111.11518,763.000,58.01966
-7.74025,111.11814,819.000,79.99532
-7.73085,111.12110,885.000,101.01021
-7.72144,111.12405,914.000,116.99485
-7.71199,111.12700,1010.000,126.81848
-7.70247,111.12999,1151.000,130.15339
-7.69290,111.13300,1030.000,134.84709
-7.68336,111.13598,1193.000,137.37959
-7.67390,111.13898,1177.000,154.78520
-7.66450,111.14192,1207.000,172.37145
-7.65511,111.14488,1191.000,196.28421
-7.64561,111.14786,1497.000,210.90526
-7.63591,111.15092,1683.000,225.28771
-7.62611,111.15398,1659.000,236.76139
-7.61629,111.15706,1656.000,243.46756
-7.60640,111.16014,1691.000,239.41735
-7.59641,111.16326,1632.000,231.04438
-7.58630,111.16646,1419.000,215.22039
-7.57616,111.16962,1264.000,189.19468
-7.56608,111.17277,1057.000,161.33236
-7.55607,111.17590,879.000,136.42456
-7.54612,111.17903,776.000,112.09045
-7.53619,111.18214,653.000,91.29940
-7.52628,111.18526,571.000,71.88116
-7.51636,111.18837,474.000,54.08144
-7.50646,111.19147,421.000,39.14938
-7.49656,111.19458,361.000,28.62273
-7.48663,111.19770,293.000,25.06310
-7.47666,111.20084,253.000,26.61404
-7.46671,111.20397,221.000,30.65609
-7.45676,111.20709,174.000,25.96634
-7.44683,111.21019,152.000,18.08182
-7.43695,111.21328,128.000,1.47725
-7.42711,111.21635,115.000,-16.93326
-7.41732,111.21939,105.000,-34.15392
-7.40750,111.22247,85.000,-38.22937
-7.39768,111.22556,79.000,-38.26774
-7.38789,111.22863,71.000,-28.21876
-7.37814,111.23170,68.000,-15.19199
-7.36839,111.23477,65.000,0.95521
-7.35866,111.23780,79.000,9.57306
-7.34897,111.24082,95.000,15.88072
-7.33932,111.24386,114.000,10.23565
-7.32968,111.24689,116.000,1.30056
-7.31999,111.24993,114.000,-14.86184
-7.31027,111.25297,139.000,-29.20830
-7.30052,111.25603,126.000,-41.99482
-7.29078,111.25907,120.000,-45.08495
-7.28101,111.26214,110.000,-45.28205
-7.27120,111.26521,133.000,-37.71780
-7.26138,111.26827,147.000,-25.31663
-7.25154,111.27136,163.000,-10.41397
-7.20566,111.42769,45.000,-24.61016
-7.21598,111.42446,48.000,11.23342
-7.22633,111.42122,60.000,20.59229
-7.23665,111.41800,67.000,30.12259
-7.24689,111.41478,91.000,29.28610
-7.25713,111.41156,86.000,-20.93845
-7.26739,111.40835,93.000,-81.14358
-7.27760,111.40513,96.000,-149.65653
-7.28775,111.40195,109.000,-199.14019
-7.29790,111.39879,105.000,-165.86700
-7.30807,111.39561,111.000,-5.62166
-7.31823,111.39244,105.000,98.32685
-7.32833,111.38929,109.000,66.70079
-7.33838,111.38615,89.000,44.96633
-7.34849,111.38298,81.000,41.30396
-7.35859,111.37981,76.000,45.47163
-7.36870,111.37666,61.000,48.82988
-7.37891,111.37348,58.000,46.66080
-7.38921,111.37027,54.000,39.08015
-7.39956,111.36703,51.000,27.82978
-7.40988,111.36380,56.000,12.22655
-7.42015,111.36059,59.000,-1.29194
-7.43042,111.35738,65.000,-12.11061
-7.44072,111.35415,69.000,-21.20247
-7.45100,111.35092,73.000,-29.94570
-7.46125,111.34773,78.000,-34.14033
-7.47151,111.34453,83.000,-33.57246
-7.48180,111.34130,87.000,-28.51655
-7.49207,111.33808,96.000,-17.02879
-7.50231,111.33486,108.000,-3.56754
-7.51249,111.33167,126.000,11.95755
-7.52265,111.32847,141.000,25.42144
-7.53284,111.32528,150.000,38.51833
-7.54304,111.32209,178.000,46.74793
-7.55328,111.31888,196.000,52.10148
-7.56359,111.31567,254.000,48.33152
-7.57384,111.31243,290.000,37.40153
-7.58401,111.30923,312.000,26.18585
-7.59418,111.30604,349.000,23.39950
-7.60435,111.30284,409.000,29.56104
-7.61449,111.29965,441.000,48.45805
-7.62461,111.29648,445.000,73.51192
-7.63477,111.29328,497.000,95.62847
-7.64495,111.29010,520.000,102.72923
-7.65507,111.28693,573.000,101.49886
-7.66512,111.28378,568.000,91.28003
-7.67514,111.28064,605.000,92.58818
-6.72873,111.71990,-3.751,-39.95184
-6.73922,111.71662,-2.634,-36.18696
-6.74969,111.71334,-10.712,-23.78598
-6.76015,111.71007,-16.288,-9.39397
-6.77062,111.70680,11.000,4.47925
-6.78109,111.70352,28.000,18.58095
-6.79154,111.70024,42.000,29.96863
-6.80200,111.69698,40.000,38.53871
-6.81248,111.69372,53.000,42.42468
-6.82293,111.69046,54.000,44.27125
-6.83335,111.68721,79.000,44.58630
-6.84377,111.68397,122.000,43.17578
-6.85422,111.68071,100.000,42.01973
-6.86474,111.67743,99.000,41.27259
-6.87529,111.67412,76.000,41.52410
-6.88584,111.67082,66.000,41.83099
-6.89630,111.66755,64.000,42.67783
-6.90670,111.66430,78.000,43.30254
-6.91709,111.66106,69.000,43.48337
-6.92748,111.65781,75.000,42.01669
-6.93791,111.65455,105.000,39.93214
-6.94838,111.65127,134.000,37.06135
-6.95883,111.64798,178.000,33.97901
-6.96922,111.64472,161.000,31.31251
-6.97958,111.64146,142.000,29.26622
-6.98994,111.63822,157.000,28.29103
-7.00031,111.63498,272.000,27.80816
-7.01067,111.63175,158.000,30.34703
-7.02106,111.62851,98.000,34.41939
-7.03149,111.62524,120.000,39.74552
-7.04194,111.62198,88.000,45.45936
-7.05238,111.61871,83.000,50.26434
-7.06281,111.61543,95.000,50.67713
-7.07329,111.61215,72.000,44.44099
-7.08381,111.60885,55.000,35.28040
-7.09434,111.60556,54.000,20.28771
-7.10483,111.60226,65.000,6.71376
-7.11525,111.59880,46.000,-3.29774
-7.12559,111.59509,45.000,-10.21465
-7.13599,111.59131,47.000,-17.89283
-7.14651,111.58803,38.000,-25.95271
-7.15716,111.58516,31.000,-41.28989
-7.16777,111.58216,29.000,-47.79269
-7.17825,111.57907,30.000,25.20196
-7.18866,111.57593,30.000,26.23084
-7.19906,111.57274,40.000,-42.14319
-7.20945,111.56953,33.000,-51.35488
-7.21982,111.56629,44.000,-43.25490
-7.23017,111.56306,47.000,-15.64659
-7.24049,111.55982,42.000,10.53370
-7.25082,111.55657,49.000,34.12588
-7.26117,111.55335,56.000,46.25595
-7.27155,111.55011,74.000,57.37705
-7.28195,111.54685,98.000,60.11103
-7.29234,111.54359,117.000,56.51822
-7.30272,111.54034,105.000,52.81858
-7.31309,111.53709,106.000,49.59136
-7.32346,111.53385,122.000,46.16137
-7.33379,111.53061,97.000,40.22628
-7.34406,111.52740,113.000,33.20934
-7.35427,111.52419,136.000,27.11946
-7.36441,111.52101,136.000,21.20908
-7.37459,111.51782,136.000,13.89730
-7.38481,111.51462,135.000,5.30191
-7.39506,111.51141,104.000,-5.38986
-7.40535,111.50820,67.000,-15.59055
-7.41563,111.50497,68.000,-25.54888
-7.42594,111.50174,67.000,-33.67428
-7.43626,111.49850,65.000,-40.09350
-7.44658,111.49527,60.000,-43.58013
-7.45689,111.49204,58.000,-45.92698
-7.46719,111.48881,53.000,-47.58089
-7.47747,111.48558,50.000,-48.61246
-7.48773,111.48236,48.000,-48.85492
-7.49798,111.47915,48.000,-47.92172
-7.50828,111.47591,50.000,-45.16264
-7.51862,111.47267,51.000,-40.82147
-7.52904,111.46941,54.000,-34.14423
-7.53955,111.46612,58.000,-26.48006
-7.55011,111.46281,63.000,-18.47094
-7.56064,111.45952,68.000,-11.49344
-7.57113,111.45622,73.000,-4.73133
-7.58158,111.45294,80.000,1.12623
-7.59195,111.44969,88.000,5.64460
-7.60223,111.44647,95.000,9.11820
-7.61239,111.44328,102.000,12.42401
-7.62245,111.44012,110.000,15.83023
-7.63249,111.43696,117.000,19.07001
-7.64257,111.43386,120.000,22.32910
-7.65267,111.43066,127.000,24.95989
-7.66274,111.42749,134.000,26.85829
-7.67284,111.42432,140.000,28.89189
-7.68292,111.42116,138.000,31.14835
-7.69303,111.41798,131.000,33.58061
-7.70313,111.41480,132.000,36.68765
-7.71326,111.41162,134.000,41.25070
-7.72339,111.40843,140.000,46.85679
-7.73353,111.40524,140.000,53.08319
-7.74364,111.40207,146.000,61.06083
-7.75372,111.39892,150.000,68.66675
-7.76376,111.39578,148.000,75.28930
-7.77377,111.39263,150.000,80.25384
-7.78378,111.38947,158.000,84.21372
-7.79377,111.38632,161.000,85.69132
-7.80377,111.38317,164.000,86.46733
-7.81379,111.38001,147.000,86.20806
-7.82388,111.37685,140.000,86.48081
-7.83399,111.37368,131.000,87.27911
-7.84410,111.37053,125.000,89.54763
-7.85419,111.36736,118.000,92.72942
-7.86428,111.36419,120.000,96.85029
-7.87444,111.36100,122.000,101.26248
-7.88460,111.35781,125.000,106.62236
-7.89475,111.35463,131.000,111.53215
-7.90486,111.35146,151.000,117.06905
-7.91496,111.34828,178.000,123.13687
-7.92508,111.34508,212.000,130.64966
-7.93520,111.34190,283.000,138.95608
-7.94533,111.33873,528.000,148.56771
-7.95550,111.33551,633.000,150.88837
-7.96572,111.33231,887.000,142.17691
-7.97594,111.32910,881.000,148.79887
-7.98616,111.32590,798.000,159.37551
-7.99635,111.32268,712.000,163.24840
-8.00648,111.31950,628.000,163.41592
-8.01662,111.31632,618.000,158.75452
-8.02681,111.31309,642.000,152.70848
-8.03696,111.30990,742.000,148.00352
-8.04706,111.30674,663.000,147.48011
-8.05716,111.30355,434.000,148.42154
-8.06726,111.30039,298.000,149.56584
-8.07731,111.29725,418.000,152.37117
-8.08731,111.29410,465.000,154.79557
-8.09730,111.29096,713.000,155.83025
-8.10730,111.28783,723.000,156.65634
-8.11732,111.28467,703.000,157.18095
-8.12737,111.28150,704.000,156.52074
-8.13747,111.27832,589.000,156.65079
-8.14762,111.27511,419.000,157.24607
-8.15784,111.27190,426.000,157.07990
-8.16805,111.26869,385.000,156.88457
-8.17823,111.26548,398.000,156.31764
-8.18844,111.26227,492.000,154.21439
-8.19868,111.25906,347.000,152.24315
-8.20889,111.25585,261.000,147.75169
-8.21904,111.25264,246.000,142.04447
-8.22919,111.24945,224.000,135.27210
-8.23935,111.24624,152.000,129.74104
-8.24953,111.24305,81.000,125.04968
-8.25968,111.23985,-82.987,122.58122
-8.26982,111.23667,-99.408,120.75225
-8.27994,111.23347,-117.906,120.06694
-8.29004,111.23029,-127.964,118.54499
-8.30011,111.22712,-145.193,116.71352
-8.31017,111.22395,-159.309,113.14584
-8.32026,111.22078,-164.027,109.32657
-8.33036,111.21761,-160.424,104.79689
-8.34047,111.21444,-153.069,101.50941
-8.35055,111.21129,-151.303,98.77888
-8.36057,111.20815,-158.273,97.59155
-8.37057,111.20499,-172.287,96.33862
-8.38060,111.20181,-194.227,95.31821
-8.39066,111.19864,-209.171,94.13457
-8.40075,111.19546,-233.976,93.00234
-8.41087,111.19228,-251.617,91.95535
-8.42098,111.18908,-275.989,91.35804
-8.43104,111.18591,-288.698,91.40648
-8.44109,111.18275,-299.071,92.66394
-8.45115,111.17958,-313.079,94.81121
-8.46123,111.17639,-318.765,97.30246
-8.47135,111.17318,-327.467,99.66882
-8.48146,111.16999,-333.400,101.81913
-8.49155,111.16682,-340.505,103.22307
-8.50161,111.16364,-359.260,104.14018
-8.51162,111.16049,-377.706,104.28742
-8.52159,111.15735,-422.660,104.39424
-8.53155,111.15421,-461.597,104.51797
-8.54151,111.15107,-502.337,106.81493
-8.55146,111.14793,-569.645,109.13313
-8.56142,111.14479,-614.704,108.49883
-7.94673,111.47947,108.000,80.53144
-7.93670,111.48264,111.000,86.56825
-7.92662,111.48586,112.000,75.45706
-7.91650,111.48899,112.000,54.27895
-7.90643,111.49214,107.000,7.48851
-7.89638,111.49531,109.000,-37.73889
-7.88629,111.49852,114.000,-79.58189
-7.87631,111.50161,118.000,-69.92698
-7.86637,111.50467,127.000,-34.09932
-7.85651,111.50777,120.000,28.60517
-7.84655,111.51094,130.000,81.13672
-7.83645,111.51416,137.000,117.55276
-7.82637,111.51728,150.000,123.57362
-7.81630,111.52045,151.000,110.37100
-7.80621,111.52363,148.000,89.65309
-7.79614,111.52679,155.000,73.64386
-7.78610,111.52993,157.000,62.87543
-7.77608,111.53310,156.000,56.27181
-7.76604,111.53626,150.000,50.92735
-7.75600,111.53942,147.000,41.32326
-7.74595,111.54256,150.000,29.23937
-7.73591,111.54572,139.000,13.62042
-7.72585,111.54887,133.000,-0.59415
-7.71586,111.55198,113.000,-11.72968
-7.70590,111.55512,105.000,-11.71753
-7.69593,111.55824,103.000,-8.38408
-7.68596,111.56137,103.000,0.26027
-7.67608,111.56445,128.000,9.37015
-7.66625,111.56755,107.000,18.14261
-7.65638,111.57067,110.000,16.47721
-7.64645,111.57380,90.000,11.60869
-7.63651,111.57692,81.000,1.28512
-7.62658,111.58000,81.000,-10.36718
-7.61665,111.58311,73.000,-23.24657
-7.60666,111.58627,67.000,-29.19640
-7.59659,111.58942,66.000,-32.77623
-7.58652,111.59257,63.000,-32.52438
-7.57643,111.59573,61.000,-32.13979
-7.56627,111.59893,60.000,-31.85754
-7.55607,111.60213,61.000,-31.98809
-7.54586,111.60532,61.000,-29.85615
-7.53569,111.60849,62.000,-24.58787
-7.52555,111.61168,62.000,-15.49746
-7.51543,111.61488,66.000,-4.88201
-7.50536,111.61804,66.000,-0.76771
-7.49542,111.62114,71.000,-3.97943
-7.48556,111.62421,72.000,-13.25473
-7.47569,111.62732,76.000,-23.76502
-7.46583,111.63042,78.000,-33.68888
-7.45592,111.63352,82.000,-35.11252
-7.44596,111.63665,86.000,-30.38497
-7.43599,111.63978,95.000,-21.33876
-7.42598,111.64290,103.000,-12.27289
-7.22711,111.84783,36.000,117.15249
-7.23710,111.84469,39.000,124.73709
-7.24707,111.84157,50.000,114.47673
-7.25700,111.83845,70.000,90.10851
-7.26686,111.83535,95.000,80.62779
-7.27672,111.83224,106.000,101.64286
-7.28656,111.82918,126.000,101.49231
-7.29645,111.82609,133.000,100.07390
-7.30636,111.82300,157.000,110.40533
-7.31625,111.81993,161.000,126.15063
-7.32628,111.81679,175.000,141.03083
-7.33642,111.81363,168.000,146.25216
-7.34656,111.81044,191.000,143.13700
-7.35671,111.80728,219.000,129.51242
-7.36684,111.80412,189.000,111.52806
-7.37699,111.80094,262.000,89.01783
-7.38713,111.79774,270.000,67.10176
-7.39733,111.79454,199.000,48.09360
-7.40754,111.79134,241.000,35.56576
-7.41771,111.78814,344.000,25.52889
-7.42786,111.78497,346.000,25.95455
-7.43800,111.78176,376.000,32.33523
-7.44816,111.77856,489.000,44.50977
-7.45834,111.77537,461.000,55.73781
-7.46849,111.77220,338.000,64.98225
-7.47855,111.76903,280.000,66.14995
-7.48859,111.76589,263.000,61.52027
-7.49864,111.76274,215.000,50.93684
-7.50865,111.75961,165.000,42.95908
-7.51869,111.75648,142.000,37.78820
-7.52878,111.75334,140.000,37.86488
-7.53893,111.75016,136.000,37.95421
-7.54911,111.74697,128.000,35.06291
-7.55926,111.74376,129.000,23.62830
-7.56934,111.74060,125.000,11.72496
-7.57940,111.73746,135.000,-1.45867
-7.58953,111.73428,148.000,-9.98785
-7.59971,111.73108,164.000,-13.81204
-7.60988,111.72789,198.000,-10.56509
-7.62001,111.72471,206.000,-6.43871
-7.63013,111.72155,239.000,-0.03663
-7.64022,111.71836,270.000,9.07194
-7.65032,111.71519,309.000,20.76085
-7.66039,111.71204,317.000,36.54409
-7.67041,111.70890,365.000,52.51254
-7.68041,111.70577,430.000,68.71905
-7.69042,111.70264,435.000,83.77257
-7.70048,111.69949,503.000,98.57396
-7.71062,111.69630,506.000,109.42030
-7.72085,111.69307,599.000,120.89509
-7.73111,111.68986,684.000,132.21761
-8.66651,111.53775,-733.229,64.44539
-8.65647,111.54092,-716.621,72.35528
-8.64641,111.54410,-697.490,77.36876
-8.63633,111.54726,-663.102,77.18852
-8.62621,111.55045,-635.239,73.45177
-8.61602,111.55366,-593.201,68.21377
-8.60582,111.55688,-560.688,65.64208
-8.59567,111.56007,-510.627,65.10209
-8.58557,111.56325,-473.947,67.16545
-8.57547,111.56644,-449.043,71.97814
-8.56531,111.56965,-411.820,78.10544
-8.55519,111.57283,-387.021,83.85715
-8.54510,111.57599,-367.816,88.21217
-8.53503,111.57916,-366.436,91.46121
-8.52496,111.58234,-347.331,93.73110
-8.51488,111.58552,-324.306,95.49533
-8.50480,111.58868,-296.994,96.84493
-8.49474,111.59185,-271.267,96.51309
-8.48471,111.59502,-280.459,94.45093
-8.47464,111.59819,-297.626,87.18724
-8.46451,111.60139,-296.349,79.60748
-8.45434,111.60458,-280.661,75.99447
-8.44417,111.60778,-234.066,79.97802
-8.43399,111.61098,-198.967,89.08339
-8.42376,111.61419,-152.330,108.57926
-8.41355,111.61740,-117.878,129.81408
-8.40337,111.62061,-86.109,151.16754
-8.39314,111.62384,-74.153,165.22492
-8.38283,111.62710,-113.933,175.55266
-8.37246,111.63037,-174.758,174.79315
-8.36205,111.63364,-174.472,169.72382
-8.35160,111.63692,-25.506,158.62730
-8.34116,111.64018,119.000,150.89329
-8.33075,111.64346,295.000,145.75795
-8.32034,111.64673,486.000,146.38114
-8.30993,111.65000,532.000,150.60555
-8.29955,111.65328,524.000,156.46500
-8.28918,111.65655,587.000,157.58417
-8.27889,111.65979,599.000,156.64100
-8.26868,111.66298,397.000,153.70219
-8.25850,111.66618,536.000,148.39344
-8.24822,111.66946,639.000,144.56661
-8.23779,111.67276,620.000,146.25249
-8.22735,111.67603,443.000,151.67026
-8.21688,111.67932,359.000,157.95298
-8.20645,111.68259,227.000,167.78195
-8.19613,111.68582,197.000,174.71092
-8.18595,111.68901,289.000,177.79450
-8.17584,111.69217,370.000,171.03659
-8.16580,111.69532,141.000,159.41538
-8.15586,111.69847,118.000,119.18689
-8.14591,111.70166,115.000,87.33650
-8.13582,111.70489,117.000,80.57974
-8.09011,111.71883,108.000,62.26213
-8.08046,111.72187,105.000,-6.92644
-8.07092,111.72486,124.000,42.60776
-8.06149,111.72783,107.000,71.88025
-8.05204,111.73081,107.000,86.05176
-8.04252,111.73381,121.000,83.73134
-8.03295,111.73681,124.000,75.22817
-8.02334,111.73980,128.000,64.89547
-8.01372,111.74281,192.000,61.85267
-8.00412,111.74583,201.000,73.27712
-7.99453,111.74886,259.000,88.54458
-7.98493,111.75189,449.000,108.57359
-7.97531,111.75490,657.000,122.02362
-7.96569,111.75791,765.000,132.85714
-7.95606,111.76095,833.000,131.66300
-7.94641,111.76400,675.000,130.06440
-7.93673,111.76704,739.000,124.65153
-7.92705,111.77004,811.000,127.91259
-7.91744,111.77303,852.000,135.69690
-7.90785,111.77604,952.000,151.20965
-7.89828,111.77906,1060.000,166.73733
-7.88874,111.78207,1198.000,180.52444
-7.87919,111.78506,1394.000,189.42009
-7.86964,111.78804,1705.000,191.01579
-7.86008,111.79108,1538.000,199.42631
-7.85053,111.79410,1807.000,196.60407
-7.84098,111.79712,2019.000,194.53974
-7.83146,111.80008,1874.000,197.62195
-7.82201,111.80302,1726.000,200.60022
-7.81265,111.80596,1818.000,195.90163
-7.80337,111.80890,1995.000,187.78932
-7.79416,111.81180,1602.000,187.47375
-7.78496,111.81470,1324.000,182.91806
-7.77573,111.81760,1182.000,172.89011
-7.76644,111.82053,941.000,160.75435
-7.75707,111.82348,802.000,137.74943
-7.74765,111.82644,674.000,111.58482
-7.73815,111.82942,607.000,77.42193
-7.72855,111.83245,451.000,43.59138
-7.71886,111.83549,375.000,13.56298
-7.70917,111.83851,325.000,-1.80261
-7.69953,111.84152,241.000,-11.66911
-7.68987,111.84457,223.000,-8.21346
-7.68018,111.84761,160.000,-3.01148
-7.67054,111.85062,125.000,4.66135
-7.66100,111.85359,118.000,7.37412
-7.65154,111.85657,86.000,6.62690
-7.64209,111.85954,74.000,-0.50692
-7.63263,111.86251,71.000,-9.36432
-7.62314,111.86550,69.000,-20.24402
-7.61366,111.86846,66.000,-29.59312
-7.60420,111.87143,62.000,-35.39709
-7.59477,111.87440,59.000,-39.11325
-7.58533,111.87738,61.000,-41.30718
-7.57581,111.88039,62.000,-41.48623
-7.56627,111.88337,60.000,-40.61749
-7.55675,111.88634,61.000,-36.70624
-7.54725,111.88929,59.000,-33.31486
-7.53772,111.89227,60.000,-31.25077
-7.52820,111.89527,62.000,-31.46070
-7.51868,111.89825,67.000,-33.85732
-7.50913,111.90123,72.000,-37.84324
-7.49953,111.90425,75.000,-41.37383
-7.48991,111.90728,85.000,-41.11844
-7.48026,111.91029,92.000,-39.43124
-7.47064,111.91330,110.000,-34.33548
-7.46103,111.91632,146.000,-27.87850
-7.45147,111.91930,168.000,-20.04807
-7.44193,111.92228,271.000,-15.36660
-7.43241,111.92527,344.000,-12.56073
-7.42290,111.92826,257.000,-13.85962
-7.41334,111.93126,217.000,-16.14684
-7.40373,111.93427,168.000,-18.58319
-7.39416,111.93728,154.000,-17.45482
-7.38459,111.94028,119.000,-15.04929
-7.37504,111.94327,158.000,-10.76845
-7.36546,111.94628,135.000,-6.39133
-7.35584,111.94929,108.000,-2.48279
-7.34623,111.95230,103.000,1.50051
-7.33661,111.95530,77.000,5.13113
-7.32706,111.95830,71.000,11.28179
-7.31759,111.96126,61.000,17.78144
-7.30811,111.96425,62.000,17.57090
-7.29857,111.96726,58.000,15.31657
-7.28900,111.97026,57.000,19.15203
-7.27944,111.97324,53.000,21.03062
-7.26993,111.97623,43.000,22.18866
-7.26041,111.97923,38.000,22.04972
-7.25094,111.98219,36.000,21.72920
-7.24151,111.98514,32.000,19.12561
-7.23210,111.98810,30.000,15.96589
-7.22275,111.99102,30.000,12.41370
-7.21339,111.99393,25.000,8.83974
-7.20399,111.99687,23.000,5.73982
-7.19455,111.99984,22.000,3.85843
-7.18507,112.00281,19.000,4.47222
-7.17559,112.00578,19.000,5.67870
-7.16613,112.00874,19.000,6.39579
-7.15664,112.01172,18.000,5.10557
-7.14707,112.01473,18.000,3.13070
-7.13747,112.01772,15.000,0.46415
-7.12790,112.02069,16.000,-0.58403
-7.11841,112.02364,14.000,-0.71528
-7.10896,112.02660,13.000,0.17233
-7.09952,112.02958,14.000,1.37613
-7.09003,112.03256,11.000,1.99794
-7.08052,112.03553,12.000,5.03482
-7.69584,111.98437,55.000,61.78531
-7.70606,111.98120,56.000,84.27106
-7.71626,111.97800,57.000,64.31982
-7.72648,111.97479,65.000,53.11118
-7.73664,111.97162,65.000,45.77351
-7.74670,111.96846,74.000,41.84924
-7.75675,111.96531,80.000,46.36459
-7.76685,111.96216,93.000,55.65396
-7.77701,111.95899,100.000,71.72835
-7.78718,111.95582,108.000,89.09630
-7.79729,111.95265,256.000,108.28595
-7.80733,111.94950,268.000,124.35999
-7.81743,111.94632,183.000,137.01575
-7.82767,111.94308,204.000,150.18248
-7.83801,111.93985,220.000,161.22323
-7.84840,111.93662,296.000,169.46291
-7.85873,111.93336,220.000,160.57426
-7.86894,111.93014,250.000,139.56570
-7.87910,111.92695,225.000,109.73180
-7.88923,111.92376,243.000,86.22279
-7.89930,111.92059,232.000,66.28143
-7.90938,111.91744,242.000,68.10952
-7.91956,111.91427,232.000,79.47776
-7.92980,111.91108,206.000,101.84218
-7.94007,111.90786,170.000,121.78336
-7.95033,111.90463,144.000,140.91379
-7.96065,111.90137,144.000,149.25953
-7.97104,111.89811,130.000,150.89266
-7.98143,111.89485,110.000,145.90913
-7.99185,111.89159,126.000,140.10779
-8.00227,111.88832,106.000,134.41418
-8.01273,111.88503,100.000,128.22347
-8.02313,111.88178,94.000,120.12937
-8.03349,111.87851,92.000,110.89315
-8.04384,111.87524,90.000,104.00105
-8.05415,111.87200,94.000,98.12074
-8.24562,112.09598,204.000,107.73645
-8.23576,112.09909,220.000,113.50188
-8.22592,112.10218,230.000,109.95851
-8.21611,112.10527,255.000,105.08005
-8.20632,112.10833,263.000,114.62592
-8.19656,112.11139,258.000,120.32504
-8.18688,112.11443,224.000,117.36270
-8.17729,112.11744,210.000,113.09979
-8.16766,112.12045,228.000,108.54139
-8.15802,112.12349,183.000,108.66127
-8.14842,112.12650,130.000,109.74695
-8.13885,112.12951,131.000,112.52953
-8.12932,112.13250,127.000,113.83847
-8.11983,112.13548,137.000,112.33607
-8.11037,112.13844,148.000,109.52163
-8.10094,112.14141,157.000,106.82287
-8.09155,112.14437,170.000,107.40391
-8.08223,112.14730,183.000,109.89550
-8.07294,112.15025,202.000,116.86813
-8.06360,112.15318,215.000,121.06019
-8.05420,112.15615,228.000,120.68388
-8.04472,112.15913,244.000,114.28338
-8.03510,112.16216,255.000,103.04185
-8.02537,112.16520,276.000,88.16684
-8.01568,112.16823,290.000,73.81607
-8.00602,112.17123,306.000,71.34800
-7.99641,112.17421,314.000,71.95388
-7.98685,112.17722,335.000,75.27630
-7.97730,112.18025,351.000,85.48566
-7.96774,112.18326,356.000,102.32357
-7.95813,112.18632,372.000,104.72670
-7.94844,112.18932,390.000,101.22079
-7.93867,112.19241,409.000,82.56369
-7.92883,112.19551,406.000,34.14395
-7.91900,112.19858,417.000,-52.66790
-7.90921,112.20162,414.000,24.71690
-7.89945,112.20470,402.000,164.72507
-7.88969,112.20778,381.000,302.58573
-7.87994,112.21082,372.000,430.88201
-7.87029,112.21382,348.000,544.86045
-7.86061,112.21688,339.000,371.52539
-7.85079,112.22000,320.000,-32.92586
-7.84088,112.22312,295.000,-9.54124
-7.83097,112.22621,284.000,43.68491
-7.82107,112.22932,273.000,66.22149
-7.81116,112.23246,241.000,82.53658
-7.80131,112.23552,227.000,87.80771
-7.79163,112.23852,207.000,72.74854
-7.78200,112.24157,188.000,58.84610
-7.77226,112.24466,177.000,47.52888
-7.76238,112.24776,159.000,36.32579
-7.75248,112.25084,147.000,28.32561
-7.74270,112.25389,137.000,26.95738
-7.73295,112.25694,128.000,27.81897
-7.72318,112.26000,128.000,31.30212
-7.71343,112.26304,123.000,35.47277
-7.70376,112.26605,108.000,40.37583
-7.69412,112.26908,99.000,42.77118
-7.68449,112.27212,92.000,43.94478
-7.67485,112.27513,81.000,39.65166
-8.52422,110.44560,-653.379,74.71363
-8.51443,110.44867,-618.456,74.19456
-8.50470,110.45171,-591.518,80.97366
-8.49495,110.45478,-566.241,85.31844
-8.48523,110.45785,-558.020,84.71249
-8.47554,110.46090,-546.048,79.52428
-8.46585,110.46397,-536.963,69.12765
-8.45617,110.46703,-519.630,66.87989
-8.44649,110.47008,-500.639,98.69206
-8.43679,110.47313,-459.363,137.06454
-8.42713,110.47617,-427.502,117.18518
-8.41746,110.47922,-395.712,71.25844
-8.40773,110.48232,-352.588,56.68268
-8.39795,110.48541,-321.507,55.04610
-8.38812,110.48849,-291.914,59.84840
-8.37827,110.49159,-260.468,67.87281
-8.36844,110.49467,-241.463,80.20997
-8.35862,110.49776,-227.731,95.92589
-8.34880,110.50086,-219.208,111.99032
-8.33902,110.50392,-220.404,116.34425
-8.32924,110.50701,-222.192,114.68947
-8.31947,110.51008,-227.235,105.65393
-8.30969,110.51315,-230.313,97.65849
-8.29996,110.51621,-232.046,90.15089
-8.29029,110.51925,-234.724,96.63967
-8.28062,110.52231,-237.087,103.23431
-8.27094,110.52536,-233.280,109.57956
-8.26128,110.52840,-219.937,108.06989
-8.25162,110.53146,-203.607,99.76582
-8.24193,110.53454,-185.401,81.15786
-8.23219,110.53762,-162.371,62.28000
-8.22245,110.54067,-149.293,51.94752
-8.21271,110.54373,-129.009,49.13038
-8.20297,110.54679,-102.142,57.25417
-8.19320,110.54986,-90.873,73.11735
-8.18342,110.55296,-87.883,93.84471
-8.17364,110.55604,-55.777,106.87572
-8.16389,110.55911,-25.680,116.54702
-8.15419,110.56216,-15.770,119.22162
-8.14457,110.56516,-17.043,118.87740
-8.13497,110.56821,20.000,115.56304
-8.12535,110.57125,39.000,111.47026
-8.11573,110.57430,97.000,107.12035
-8.10613,110.57728,132.000,102.96153
-8.09649,110.58036,179.000,99.29605
-8.08682,110.58337,211.000,97.51452
-8.07711,110.58641,225.000,100.48539
-8.06744,110.58942,258.000,104.01164
-8.05782,110.59244,247.000,105.40980
-8.04821,110.59547,210.000,104.81412
-8.03852,110.59855,183.000,99.24386
-8.02878,110.60162,136.000,93.47072
-8.01906,110.60466,147.000,88.37361
-8.00935,110.60774,153.000,87.82343
-7.99959,110.61080,165.000,88.91251
-7.98978,110.61390,173.000,96.00128
-7.97996,110.61698,191.000,105.57935
-7.97023,110.62000,182.000,119.06922
-7.96059,110.62303,192.000,130.60333
-7.95091,110.62613,199.000,141.96069
-7.94121,110.62919,198.000,142.06261
-7.93148,110.63223,181.000,138.05699
-7.92165,110.63534,169.000,115.67915
-7.91174,110.63844,152.000,92.07710
-7.90182,110.64154,187.000,68.18574
-7.89190,110.64466,194.000,57.15870
-7.88199,110.64779,175.000,51.11529
-7.87209,110.65091,161.000,63.38057
-7.86216,110.65402,180.000,79.52550
-7.85227,110.65711,201.000,95.97514
-7.84237,110.66023,261.000,105.91472
-7.83238,110.66338,389.000,112.52557
-7.82228,110.66654,556.000,112.59704
-7.81223,110.66971,404.000,111.81978
-7.80233,110.67278,149.000,110.20536
-7.79245,110.67587,123.000,108.97414
-7.78253,110.67903,113.000,108.28406
-7.77257,110.68215,110.000,109.55117
-7.76264,110.68524,107.000,109.08939
-7.75276,110.68834,107.000,105.53380
-7.74294,110.69144,105.000,96.79558
-7.73314,110.69451,105.000,85.92241
-7.72335,110.69760,109.000,75.85255
-7.71357,110.70066,106.000,69.23726
-7.70389,110.70369,110.000,71.45876
-7.69424,110.70675,111.000,75.53456
-7.68456,110.70980,114.000,80.52044
-7.67482,110.71286,114.000,78.50484
-7.66503,110.71594,114.000,72.97031
-7.65518,110.71903,117.000,57.02882
-7.64522,110.72215,119.000,42.39190
-7.63523,110.72525,117.000,29.35228
-7.62524,110.72838,120.000,24.37144
-7.61534,110.73149,122.000,22.06426
-7.60553,110.73457,120.000,25.38177
-7.59582,110.73763,121.000,26.30150
-7.58609,110.74069,123.000,24.13623
-7.57630,110.74380,120.000,17.60058
-7.56642,110.74689,124.000,9.30372
-7.55650,110.75001,120.000,-0.80899
-7.54658,110.75311,118.000,-10.02471
-7.53670,110.75620,124.000,-17.21759
-7.52681,110.75930,124.000,-23.33365
-7.51684,110.76243,122.000,-28.87657
-7.50682,110.76558,121.000,-34.64799
-7.49678,110.76871,115.000,-39.29461
-7.48672,110.77186,131.000,-41.63189
-7.47672,110.77501,125.000,-41.46510
-7.46679,110.77810,124.000,-39.38076
-7.45692,110.78120,126.000,-37.21147
-7.44702,110.78432,130.000,-36.19228
-7.43699,110.78747,159.000,-39.36697
-7.42693,110.79063,160.000,-44.63517
-7.41689,110.79376,155.000,-50.74889
-7.40689,110.79690,155.000,-55.65088
-7.39687,110.80005,153.000,-58.76600
-7.38688,110.80317,144.000,-56.39696
-7.37693,110.80627,132.000,-50.58515
-7.36698,110.80940,122.000,-42.95531
-7.35701,110.81254,140.000,-33.69060
-7.34703,110.81567,150.000,-25.27331
-7.33710,110.81877,109.000,-20.81856
-7.32723,110.82185,99.000,-20.21966
-7.31732,110.82498,108.000,-21.43454
-7.30732,110.82811,85.000,-24.00695
-7.29732,110.83124,87.000,-25.67224
-7.28730,110.83438,89.000,-24.80807
-7.27725,110.83754,134.000,-21.93837
-7.26712,110.84073,110.000,-18.53212
-7.25695,110.84393,53.000,-16.94931
-7.24681,110.84710,48.000,-16.07645
-7.23679,110.85021,46.000,-17.81087
-7.22685,110.85333,46.000,-19.36238
-7.21688,110.85647,51.000,-20.34811
-7.20683,110.85963,50.000,-16.38556
-7.19675,110.86280,46.000,-11.68850
-7.46038,110.92187,79.000,-53.11159
-7.47051,110.91868,81.000,-52.90182
-7.48064,110.91549,84.000,-54.13216
-7.49081,110.91230,84.000,-55.97479
-7.50096,110.90911,85.000,-57.55882
-7.51110,110.90594,88.000,-58.49388
-7.52123,110.90276,96.000,-58.18824
-7.53138,110.89955,95.000,-56.36362
-7.54157,110.89637,99.000,-49.97452
-7.55179,110.89318,100.000,-42.88092
-7.56202,110.88997,101.000,-35.54697
-7.57228,110.88675,105.000,-29.69343
-7.58252,110.88353,104.000,-25.53936
-7.59271,110.88031,107.000,-17.84728
-7.60286,110.87712,109.000,-7.30453
-7.61309,110.87391,106.000,9.49426
-7.62338,110.87069,102.000,30.32729
-7.63376,110.86746,100.000,54.09513
-7.64421,110.86418,100.000,69.10667
-7.65464,110.86090,102.000,76.30214
-7.66498,110.85766,102.000,75.36769
-7.67518,110.85444,106.000,69.96350
-7.68537,110.85123,103.000,65.28929
-7.69565,110.84803,103.000,73.49927
-7.70602,110.84479,101.000,92.25197
-7.71654,110.84148,103.000,117.02089
-7.72702,110.83819,102.000,141.44247
-7.73742,110.83493,104.000,160.46376
-7.74783,110.83167,107.000,168.29383
-7.75820,110.82839,108.000,162.76089
-7.76849,110.82516,178.000,154.47313
-7.77876,110.82191,209.000,145.37627
-7.78906,110.81866,375.000,139.49872
-7.79939,110.81546,351.000,138.07105
-7.80981,110.81218,270.000,141.48623
-7.82030,110.80888,273.000,143.63393
-7.83083,110.80556,222.000,144.48281
-7.84136,110.80226,224.000,142.96496
-7.85188,110.79894,222.000,140.94347
-7.86238,110.79566,222.000,140.61710
-7.87291,110.79236,332.000,142.73366
-7.88346,110.78904,527.000,146.44389
-7.89404,110.78572,565.000,153.85383
-7.90465,110.78238,667.000,159.91827
-7.91532,110.77902,625.000,164.41800
-7.92606,110.77564,598.000,165.97507
-7.93686,110.77225,572.000,167.29577
-7.94768,110.76883,543.000,168.88220
-7.95846,110.76544,534.000,171.07325
-7.96929,110.76203,454.000,172.19203
-7.98012,110.75861,447.000,169.79839
-7.99087,110.75523,422.000,163.07108
-8.00153,110.75190,412.000,154.01332
-8.01215,110.74857,395.000,145.36642
-8.02280,110.74523,391.000,142.94186
-8.03343,110.74188,396.000,144.54598
-8.04397,110.73856,395.000,152.30332
-8.05449,110.73525,353.000,159.61048
-8.06503,110.73195,346.000,165.07181
-8.07563,110.72862,326.000,165.48286
-8.08635,110.72526,338.000,165.50880
-8.09716,110.72186,305.000,166.62749
-8.10802,110.71841,293.000,170.66381
-8.11885,110.71500,271.000,174.95999
-8.12966,110.71159,263.000,175.92149
-8.14045,110.70818,251.000,171.03981
-8.15116,110.70480,239.000,162.62327
-8.16182,110.70144,205.000,150.99752
-8.17246,110.69809,130.000,146.21779
-8.18304,110.69479,153.000,147.94747
-8.19356,110.69147,-9.701,160.84842
-8.20406,110.68816,-17.598,172.86434
-8.21457,110.68484,-11.855,183.43232
-8.22509,110.68156,-52.769,175.60997
-8.23559,110.67825,-87.718,159.63943
-8.24608,110.67496,-124.000,136.70497
-8.25656,110.67164,-131.893,119.15695
-8.26702,110.66834,-126.829,105.22955
-8.27752,110.66505,-127.005,105.24760
-8.28805,110.66174,-144.629,107.46618
-8.29855,110.65843,-163.163,110.55582
-8.30908,110.65510,-194.062,112.26848
-8.31960,110.65178,-203.921,114.20470
-8.33014,110.64848,-207.639,118.21305
-8.34066,110.64517,-213.334,125.21464
-8.35120,110.64185,-231.675,133.07834
-8.36180,110.63849,-240.956,140.21498
-8.37249,110.63513,-248.316,145.37502
-8.38323,110.63174,-247.561,148.39067
-8.39397,110.62837,-249.014,150.04847
-8.40473,110.62497,-264.546,154.91732
-8.41554,110.62155,-280.414,164.34078
-8.42636,110.61815,-300.357,165.25892
-6.32244,111.42019,-45.243,-9.33435
-6.33257,111.41704,-44.935,0.24822
-6.34273,111.41387,-45.800,9.61873
-6.35289,111.41070,-46.482,16.46266
-6.36308,111.40753,-47.377,19.63596
-6.37330,111.40436,-47.547,20.82529
-6.38356,111.40118,-47.551,20.96959
-6.39381,111.39798,-46.806,19.50725
-6.40402,111.39479,-45.222,17.94052
-6.41422,111.39160,-42.870,16.10626
-6.42445,111.38841,-41.528,16.81162
-6.43466,111.38524,-39.656,18.92669
-6.44486,111.38206,-39.424,24.71089
-6.45506,111.37887,-40.626,30.15087
-6.46521,111.37567,-40.028,35.01523
-6.47528,111.37251,-38.265,35.92115
-6.48535,111.36936,-37.060,35.47085
-6.49547,111.36621,-35.628,31.14408
-6.50565,111.36304,-32.048,24.42067
-6.51590,111.35985,-30.057,16.68276
-6.52621,111.35663,-25.579,10.17522
-6.53650,111.35342,-23.604,5.52205
-6.54676,111.35022,-20.917,5.56819
-6.55701,111.34700,-18.100,12.91299
-6.56725,111.34380,-15.412,21.89118
-6.57750,111.34059,-14.306,28.83919
-6.58776,111.33738,-12.600,31.51898
-6.59798,111.33419,-11.527,28.41825
-6.60818,111.33101,-10.465,18.39173
-6.61834,111.32784,-8.908,7.51168
-6.62848,111.32467,-7.076,-1.15409
-6.63863,111.32152,-5.271,-5.81898
-6.64879,111.31836,-3.858,-6.84673
-6.65892,111.31519,-5.147,0.90836
-6.66904,111.31201,-6.628,10.65342
-6.67913,111.30884,-6.574,20.62326
-6.68924,111.30567,-0.823,27.22218
-6.69934,111.30252,2.000,31.61866
-6.70934,111.29940,12.000,29.91640
-6.71927,111.29629,15.000,26.81315
-6.72917,111.29319,21.000,23.29393
-6.73903,111.29012,23.000,21.03451
-6.74886,111.28706,23.000,19.52432
-6.75866,111.28400,38.000,19.08656
-6.76839,111.28095,46.000,19.78064
-6.77805,111.27793,41.000,22.80200
-6.78771,111.27491,48.000,27.08450
-6.79740,111.27188,59.000,33.10035
-6.80711,111.26884,55.000,36.68978
-6.81689,111.26579,41.000,38.66791
-6.82675,111.26271,50.000,28.59863
-6.83661,111.25962,50.000,18.25110
-6.84645,111.25656,58.000,6.69731
-6.85622,111.25348,71.000,1.94674
-6.86596,111.25045,81.000,1.32014
-6.87567,111.24742,134.000,17.44997
-6.88539,111.24437,167.000,31.86852
-6.51434,111.50185,-38.606,-17.66559
-6.50428,111.50499,-39.262,-7.69128
-6.49423,111.50814,-39.230,0.21672
-6.48417,111.51128,-39.827,6.17354
-6.47409,111.51446,-40.389,3.37570
-6.46400,111.51762,-40.976,-2.07896
-6.45391,111.52077,-41.406,-10.75993
-6.44382,111.52392,-42.060,-18.13250
-6.43373,111.52709,-43.049,-25.25728
-6.42363,111.53023,-43.432,-32.31673
-6.41349,111.53339,-43.217,-35.38627
-6.76676,110.99691,36.000,-36.38624
-6.75755,110.99979,48.000,-56.42926
-6.74831,111.00267,45.000,-67.14809
-6.73907,111.00558,41.000,-51.56941
-6.72987,111.00846,44.000,-32.60637
-6.72067,111.01136,58.000,-7.31909
-6.71147,111.01428,61.000,10.60506
-6.70225,111.01716,64.000,22.03312
-6.69296,111.02008,70.000,18.99799
-6.68360,111.02302,67.000,13.05803
-6.67419,111.02596,82.000,8.09424
-6.66474,111.02890,91.000,5.32000
-6.65527,111.03188,81.000,10.04482
-6.64583,111.03484,79.000,20.35883
-6.63642,111.03778,56.000,36.10918
-6.62703,111.04071,52.000,48.30672
-6.61775,111.04362,46.000,58.91889
-6.60854,111.04650,33.000,55.11532
-6.59934,111.04940,20.000,47.76197
-6.59015,111.05229,11.000,22.39631
-6.58096,111.05516,8.000,-1.70886
-6.57180,111.05804,10.000,-23.45124
-6.56269,111.06087,3.000,-40.24237
-6.55359,111.06372,1.000,-51.36419
-6.54446,111.06658,1.000,-55.40748
-6.53525,111.06947,1.000,-49.89653
-6.52599,111.07237,-9.425,-38.06019
-6.51670,111.07529,-8.016,-25.20755
-6.50745,111.07816,-4.517,-8.08855
-6.49829,111.08100,-2.554,7.97554
-6.48919,111.08384,-2.940,19.77993
-6.48014,111.08666,-4.335,27.29649
-6.47110,111.08949,-6.237,29.73524
-6.46208,111.09234,-6.607,32.84432
-6.45305,111.09517,-6.944,36.95933
-6.44403,111.09797,-5.545,40.79733
-6.43503,111.10079,-4.008,43.90274
-6.42595,111.10366,-3.265,34.04435
-6.41675,111.10657,-3.465,21.42928
-6.40743,111.10946,-3.553,5.27103
-6.39807,111.11239,-3.039,-9.09551
-6.38867,111.11529,-4.967,-15.02216
-6.37926,111.11821,-7.761,-14.55542
-6.36980,111.12117,-13.846,-7.23460
-6.36031,111.12416,-19.038,0.89044
-6.35080,111.12712,-24.181,9.48552
-6.34126,111.13009,-31.220,20.37431
-6.33172,111.13306,-35.105,31.45710
-6.32216,111.13604,-37.786,37.11302
-6.31265,111.13901,-39.731,36.99595
-6.30315,111.14196,-42.630,29.49701
-6.29357,111.14499,-44.639,20.93386
-6.28386,111.14807,-46.419,11.56992
-6.27409,111.15111,-46.769,14.32990
-6.26435,111.15415,-46.801,21.92744
-6.25461,111.15719,-47.345,38.09317
-6.24484,111.16027,-50.408,50.72806
-6.23506,111.16331,-51.996,62.16826
-6.22525,111.16638,-52.863,67.84355
-6.21545,111.16944,-52.722,48.53509
-6.20570,111.17248,-52.557,-2.87426
-6.19595,111.17552,-51.863,-14.41857
-6.18649,111.32015,-49.108,3.90536
-6.19723,111.31679,-47.913,11.01189
-6.20797,111.31343,-47.646,29.09582
-6.21874,111.31006,-47.695,47.93351
-6.22956,111.30667,-49.101,60.78454
-6.24031,111.30329,-49.217,66.50779
-6.25096,111.29995,-48.834,60.79979
-6.26155,111.29665,-48.105,34.70360
-6.27210,111.29335,-47.006,21.44991
-6.28262,111.29004,-46.083,19.13502
-6.29309,111.28678,-47.594,32.89375
-6.30353,111.28353,-47.726,51.01091
-6.31396,111.28029,-46.985,72.00676
-6.32439,111.27704,-46.455,83.90394
-6.33476,111.27381,-43.914,91.48892
-6.34509,111.27059,-41.137,90.24036
-6.35546,111.26736,-39.200,86.35247
-6.36581,111.26412,-37.490,78.76535
-6.37614,111.26088,-36.607,73.43832
-6.38643,111.25766,-36.995,69.14109
-6.39667,111.25446,-38.238,66.36948
-6.40686,111.25128,-38.469,64.65534
-6.41699,111.24810,-39.847,63.41901
-6.42707,111.24495,-40.473,62.89538
-6.43725,111.24176,-39.839,62.84492
-6.44759,111.23853,-37.409,63.59321
-6.45804,111.23528,-35.147,65.02281
-6.46856,111.23202,-30.978,66.80123
-6.47913,111.22871,-27.458,68.13258
-6.48971,111.22542,-23.218,68.34204
-6.50025,111.22213,-16.440,68.02921
-6.51070,111.21885,-11.542,64.14588
-6.52109,111.21558,-6.015,59.92861
-6.53146,111.21233,-2.846,55.35683
-6.54179,111.20909,-1.423,53.75815
-6.55223,111.20581,-2.514,53.03299
-6.56283,111.20250,-4.038,52.93143
-6.57348,111.19918,-4.884,53.26578
-6.58413,111.19586,-5.963,54.35034
-6.59477,111.19255,-5.965,59.93680
-6.60542,111.18920,-5.439,67.23729
-6.61615,111.18585,-4.350,76.74392
-6.62692,111.18246,-3.162,81.79019
-6.63780,111.17905,-1.888,81.14282
-6.64870,111.17565,-0.898,76.34721
-6.65961,111.17225,0.333,66.93528
-6.67051,111.16884,1.000,56.49042
-6.68136,111.16543,1.000,44.30021
-6.69217,111.16204,1.000,34.41738
-6.70301,111.15865,1.000,26.88146
-6.71388,111.15523,5.000,22.90169
-6.72472,111.15184,6.000,20.18157
-6.73555,111.14846,7.000,17.44347
-6.74632,111.14509,9.000,13.28655
-6.75711,111.14170,10.000,10.20447
-6.76799,111.13829,12.000,8.40144
-6.77885,111.13489,12.000,12.32188
-6.78969,111.13150,15.000,20.62597
-6.80051,111.12813,16.000,31.79852
-6.81133,111.12474,20.000,43.65790
-6.82219,111.12132,23.000,54.76391
-6.83305,111.11793,26.000,65.63184
-6.84393,111.11456,32.000,69.84870
-6.85488,111.11111,34.000,71.20327
-6.86593,111.10765,40.000,70.55331
-6.87695,111.10419,78.000,65.22886
-6.88791,111.10074,70.000,58.02846
-6.89884,111.09731,103.000,48.08292
-6.90978,111.09388,191.000,42.24993
-6.92081,111.09042,221.000,40.35779
-6.93191,111.08696,331.000,44.00414
-6.94303,111.08348,318.000,52.18898
-6.95409,111.08001,328.000,61.31901
-6.96507,111.07658,401.000,70.39145
-6.97602,111.07314,369.000,77.95971
-6.98698,111.06972,313.000,87.11271
-6.99795,111.06631,167.000,100.37966
-7.00890,111.06289,101.000,72.79653
-7.01977,111.05947,113.000,59.83457
-7.03055,111.05608,91.000,88.76170
-7.04136,111.05270,84.000,90.52386
-7.05219,111.04929,80.000,77.50336
-7.06300,111.04592,71.000,58.59062
-7.07377,111.04252,61.000,43.75687
-7.08459,111.03914,41.000,32.30242
-7.09546,111.03571,37.000,29.39014
-7.10637,111.03228,36.000,25.87581
-6.45926,109.30263,-51.777,33.57901
-6.46218,109.31173,-54.450,22.34855
-6.46511,109.32086,-53.101,8.52726
-6.46807,109.33005,-49.573,-7.20862
-6.47101,109.33929,-46.047,-9.82891
-6.47392,109.34850,-43.952,-5.07752
-6.47684,109.35770,-41.702,7.91601
-6.47978,109.36689,-41.143,24.54964
-6.48273,109.37611,-41.751,31.81342
-6.48569,109.38536,-40.271,34.37532
-6.48865,109.39464,-37.418,40.54429
-6.49162,109.40392,-35.278,48.94052
-6.49459,109.41314,-34.841,58.10273
-6.49754,109.42233,-35.194,65.77597
-6.50048,109.43152,-36.268,70.59243
-6.50344,109.44075,-36.221,56.43285
-6.50643,109.45006,-38.053,39.74117
-6.50939,109.45941,-39.667,13.11686
-6.51237,109.46873,-39.685,-12.54494
-6.51532,109.47802,-40.631,-33.17966
-6.51827,109.48725,-41.122,-40.59576
-6.52118,109.49642,-42.106,-29.71475
-6.52411,109.50557,-42.530,-14.51806
-6.52706,109.51482,-41.364,-9.80986
-6.53002,109.52407,-39.951,-13.98689
-6.53295,109.53327,-40.016,-14.19282
-6.53588,109.54244,-40.724,15.63358
-6.53884,109.55163,-44.789,41.13056
-6.54181,109.56086,-50.391,56.92386
-6.54477,109.57012,-52.284,63.99845
-6.54770,109.57935,-47.588,57.30949
-6.55064,109.58856,-40.794,40.14251
-6.55362,109.59790,-37.926,14.81861
-6.55660,109.60723,-37.752,-2.71464
-6.55961,109.61653,-38.621,-20.59189
-6.56259,109.62588,-41.151,-18.66061
-6.56556,109.63518,-43.626,-17.96914
-6.56850,109.64445,-45.138,6.31268
-6.57146,109.65375,-49.088,16.03727
-6.57441,109.66310,-52.669,6.74385
-6.57738,109.67241,-54.294,-2.84321
-6.58033,109.68170,-54.388,-12.18264
-6.58328,109.69093,-52.485,-20.14143
-6.58620,109.70009,-51.763,-24.64443
-6.58913,109.70925,-51.669,-25.13264
-6.70806,110.08250,-30.961,30.80745
-6.71093,110.09150,-28.366,33.40156
-6.71381,110.10057,-27.252,36.03996
-6.71670,110.10964,-28.561,34.51649
-6.71958,110.11871,-30.664,30.14713
-6.72246,110.12780,-32.777,24.39314
-6.72533,110.13685,-34.524,17.38144
-6.72820,110.14585,-37.702,8.53433
-6.73106,110.15482,-39.299,8.88862
-6.73392,110.16382,-40.292,18.63737
-6.73680,110.17289,-41.557,21.08927
-6.73970,110.18205,-41.619,24.27120
-6.74260,110.19123,-41.650,33.52711
-6.74550,110.20038,-40.524,45.15785
-6.74840,110.20947,-39.327,57.92070
-6.75126,110.21846,-37.437,69.93980
-6.75407,110.22730,-35.947,77.48333
-6.75685,110.23603,-34.798,81.87496
-6.75963,110.24476,-33.843,78.80488
-6.76244,110.25362,-32.378,68.45451
-6.76531,110.26266,-29.871,44.91827
-6.76827,110.27188,-27.539,19.07736
-6.77117,110.28116,-24.946,-4.93276
-6.77407,110.29037,-24.523,-16.78973
-6.77698,110.29948,-25.639,-25.81416
-6.77986,110.30854,-28.405,-11.91876
-6.78276,110.31756,-27.636,5.45087
-6.78563,110.32655,-26.103,23.14303
-6.78848,110.33554,-25.638,35.60256
-6.79131,110.34450,-25.618,35.95382
-6.79420,110.35355,-21.743,37.76890
-6.79709,110.36270,-19.724,44.26961
-6.79996,110.37180,-19.932,57.61385
-6.80283,110.38085,-20.137,72.19886
-6.80568,110.38992,-19.840,73.11067
-6.80859,110.39905,-19.347,80.92406
-6.81151,110.40823,-19.149,95.50924
-6.81441,110.41743,-18.912,143.31947
-6.81732,110.42666,-18.736,132.26907
-6.82026,110.43592,-18.867,80.98784
-6.82320,110.44516,-18.172,42.37397
-6.82615,110.45443,-15.436,20.84697
-6.82910,110.46370,-13.925,8.15773
-6.83203,110.47289,-12.903,8.82077
-6.83495,110.48204,-11.200,15.11459
-6.83788,110.49124,-9.159,18.18969
-6.84082,110.50050,-6.000,19.25182
-6.84375,110.50975,-3.587,12.06507
-6.84663,110.51892,0.207,4.09516
-6.84951,110.52803,3.494,-2.48653
-6.85243,110.53720,1.000,3.66995
-6.85537,110.54645,1.000,16.88851
-6.85832,110.55573,3.000,21.66063
-6.86121,110.56493,3.000,22.94070
-6.86408,110.57407,4.000,24.41555
-6.86695,110.58311,4.000,26.50388
-6.86977,110.59200,3.000,16.78945
-6.87258,110.60089,4.000,6.79124
-6.87541,110.60981,4.000,-3.90837
-6.87827,110.61875,6.000,-15.46913
-6.88113,110.62774,6.000,-31.98135
-6.88403,110.63682,7.000,-48.63770
-6.88691,110.64597,8.000,-58.58340
-6.88978,110.65518,5.000,-51.00758
-6.89268,110.66436,5.000,-35.35208
-6.89557,110.67348,5.000,-34.37115
-6.89850,110.68271,5.000,-57.99033
-6.90144,110.69204,6.000,-45.56634
-6.90441,110.70138,6.000,-21.06456
-6.90735,110.71065,7.000,2.90604
-6.91024,110.71980,7.000,19.81180
-6.91313,110.72893,7.000,33.03536
-6.91605,110.73811,7.000,39.81184
-6.91898,110.74735,7.000,39.19891
-6.92191,110.75659,7.000,36.22017
-6.92483,110.76581,6.000,33.83676
-6.92772,110.77498,8.000,29.25331
-6.93060,110.78408,11.000,28.11897
-6.93347,110.79314,9.000,33.07109
-6.93631,110.80213,9.000,41.79598
-6.93916,110.81112,9.000,52.68970
-6.94201,110.82018,8.000,60.62756
-6.94490,110.82931,9.000,63.28376
-6.94783,110.83851,9.000,58.00356
-6.95074,110.84773,8.000,44.90310
-6.95360,110.85688,24.000,34.86398
-6.95648,110.86599,142.000,27.13039
-6.95936,110.87512,212.000,33.64240
-6.96227,110.88429,214.000,42.70038
-6.96517,110.89348,259.000,61.31124
-6.96806,110.90266,249.000,77.90562
-6.97097,110.91185,264.000,87.35161
-6.97388,110.92106,295.000,90.10100
-6.97678,110.93027,325.000,86.29866
-6.97973,110.93958,312.000,80.54580
-6.98267,110.94887,319.000,73.50568
-6.98562,110.95816,211.000,73.30543
-6.98856,110.96743,95.000,74.46338
-6.99149,110.97672,82.000,76.79406
-6.99443,110.98602,87.000,78.53982
-6.99734,110.99530,114.000,79.44320
-7.00030,111.00463,122.000,78.51160
-7.00324,111.01396,134.000,75.31743
-7.00620,111.02328,118.000,72.07743
-7.00910,111.03254,106.000,67.96543
-7.01202,111.04175,119.000,65.76170
-7.01497,111.05100,113.000,60.51526
-7.01790,111.06029,113.000,55.02088
-7.02082,111.06958,95.000,55.73426
-7.02373,111.07891,83.000,56.08395
-7.02668,111.08828,71.000,54.84433
-7.02963,111.09760,72.000,54.51565
-7.03257,111.10688,108.000,56.33163
-7.03547,111.11611,84.000,59.65279
-7.03838,111.12528,88.000,61.14606
-7.04127,111.13445,74.000,61.77029
-7.04417,111.14358,66.000,57.40233
-7.04703,111.15267,58.000,52.93275
-7.70280,110.48775,253.000,167.80863
-7.69948,110.47716,266.000,172.43349
-7.69614,110.46661,278.000,172.19670
-7.69282,110.45608,304.000,172.13584
-7.68949,110.44555,322.000,170.75943
-7.68616,110.43498,340.000,170.22157
-7.68282,110.42439,355.000,156.58891
-7.67948,110.41382,355.000,128.49712
-7.67614,110.40327,356.000,113.71460
-7.67278,110.39273,363.000,94.91755
-7.66945,110.38221,362.000,73.34514
-7.66618,110.37175,364.000,54.65605
-7.66286,110.36130,344.000,44.70900
-7.65947,110.35074,349.000,40.13838
-7.65610,110.34004,346.000,39.76501
-7.65275,110.32931,341.000,41.45071
-7.64941,110.31862,315.000,48.25319
-7.64603,110.30795,289.000,37.27864
-7.64263,110.29727,281.000,30.26401
-7.63925,110.28659,250.000,61.11739
-7.63589,110.27594,240.000,81.99471
-7.63254,110.26530,236.000,92.98696
-7.62915,110.25465,233.000,96.72401
-7.62579,110.24401,227.000,98.24285
-7.62243,110.23339,220.000,96.18188
-7.61911,110.22280,232.000,102.21037
-7.61575,110.21219,240.000,108.90756
-7.61240,110.20157,245.000,114.80668
-7.60910,110.19100,253.000,124.82895
-7.60581,110.18051,309.000,107.19452
-7.60251,110.17003,349.000,32.17578
-7.59912,110.15944,284.000,57.69564
-7.59571,110.14874,332.000,139.31440
-7.59234,110.13805,294.000,130.84504
-7.58901,110.12746,295.000,128.00243
-7.58569,110.11694,308.000,131.47582
-7.58236,110.10645,443.000,130.16055
-7.57900,110.09590,419.000,135.90992
-7.57566,110.08529,380.000,149.26228
-7.57229,110.07466,427.000,160.63022
-7.56890,110.06401,435.000,174.98591
-7.56554,110.05340,407.000,172.49135
-7.56218,110.04277,465.000,129.99540
-7.55879,110.03209,525.000,118.44078
-7.55537,110.02129,410.000,159.82468
-7.55194,110.01041,496.000,177.90680
-7.54849,109.99946,563.000,171.72951
-7.54503,109.98853,494.000,161.37459
-7.54158,109.97767,318.000,158.42196
-7.53813,109.96682,318.000,160.47509
-7.53474,109.95606,430.000,168.54587
-7.53128,109.94518,611.000,176.06966
-7.52779,109.93423,654.000,182.44381
-7.52432,109.92328,795.000,143.94128
-7.52084,109.91233,909.000,131.45013
-7.51735,109.90136,999.000,178.38171
-7.51388,109.89043,996.000,161.36305
-7.51045,109.87960,996.000,142.09144
-7.50703,109.86883,782.000,131.23576
-7.50362,109.85807,528.000,123.36215
-7.50017,109.84724,431.000,116.94815
-7.49675,109.83638,446.000,118.03869
-7.49334,109.82554,472.000,117.88221
-7.48992,109.81477,517.000,117.94459
-7.48651,109.80401,331.000,122.55504
-7.48305,109.79318,254.000,114.16128
-7.47961,109.78231,238.000,99.52747
-7.47618,109.77149,306.000,116.56087
-7.47275,109.76067,424.000,128.48254
-7.46933,109.74986,519.000,134.02184
-7.46591,109.73907,491.000,133.62335
-7.46249,109.72834,486.000,133.16934
-7.45910,109.71765,520.000,131.18645
-7.45568,109.70695,505.000,129.22809
-7.45229,109.69625,464.000,126.27096
-7.44890,109.68554,467.000,122.32152
-7.44550,109.67480,363.000,119.24631
-7.44207,109.66402,476.000,115.10411
-7.43865,109.65326,396.000,112.35251
-7.43528,109.64258,299.000,108.37049
-7.43190,109.63196,221.000,103.59524
-7.42854,109.62141,211.000,100.58226
-7.42519,109.61089,196.000,94.54412
-7.42185,109.60035,195.000,86.56699
-7.41848,109.58977,181.000,79.98840
-7.41509,109.57911,155.000,68.70577
-7.41168,109.56839,188.000,53.33519
-7.40828,109.55768,186.000,51.52563
-7.40488,109.54700,157.000,46.89969
-7.40149,109.53631,156.000,41.82437
-7.39810,109.52565,172.000,9.38407
-7.39474,109.51505,153.000,-17.92581
-7.39140,109.50453,158.000,12.14752
-7.38805,109.49407,141.000,44.10170
-7.38471,109.48362,126.000,57.91461
-7.38137,109.47320,100.000,55.96044
-7.37807,109.46282,76.000,50.70803
-7.37477,109.45245,87.000,45.59845
-7.37148,109.44207,83.000,49.32007
-7.36818,109.43166,89.000,54.47916
-7.36484,109.42123,125.000,57.60370
-7.36152,109.41077,129.000,59.55455
-7.35816,109.40023,109.000,59.07216
-7.35478,109.38963,91.000,53.56092
-7.35143,109.37904,88.000,57.19593
-7.34806,109.36846,85.000,69.04194
-7.34469,109.35784,109.000,70.42928
-7.34129,109.34716,133.000,72.02000
-7.33786,109.33643,177.000,76.38547
-7.33446,109.32572,207.000,84.83340
-7.33110,109.31510,258.000,95.65707
-7.32772,109.30456,308.000,108.12514
-7.32433,109.29393,393.000,121.65474
-7.32092,109.28326,451.000,141.72434
-7.31749,109.27250,505.000,153.70446
-7.31404,109.26167,575.000,149.58740
-7.31064,109.25089,644.000,156.28525
-7.30725,109.24021,733.000,172.47878
-7.30388,109.22962,851.000,188.46117
-7.30049,109.21901,945.000,195.75112
-7.29709,109.20838,1106.000,200.35056
-7.29373,109.19784,1231.000,206.17551
-7.29038,109.18737,1424.000,214.23489
-7.28703,109.17690,1561.000,219.39840
-7.28367,109.16637,1782.000,218.48539
-7.28033,109.15588,2021.000,215.84666
-7.27701,109.14545,1956.000,216.61143
-7.27367,109.13498,1801.000,218.06953
-7.27038,109.12461,1590.000,218.01952
-7.26708,109.11433,1550.000,213.70428
-7.26379,109.10411,1408.000,208.97787
-7.26054,109.09384,1237.000,202.26339
-7.25722,109.08351,1196.000,192.43595
-7.25399,109.07325,932.000,183.34809
-7.25067,109.06297,728.000,174.26183
-7.24741,109.05264,574.000,164.53917
-7.24408,109.04226,452.000,151.93211
-7.24077,109.03184,288.000,140.08458
-7.23752,109.02161,225.000,125.85729
-7.23425,109.01143,250.000,112.69196
-7.23100,109.00121,234.000,93.95302
-7.22772,108.99101,212.000,76.16279
-7.22444,108.98084,162.000,61.55827
-7.22124,108.97080,143.000,50.08147
-7.21805,108.96079,113.000,41.19182
-7.21478,108.95070,126.000,34.30416
-7.21152,108.94051,88.000,32.73553
-7.20826,108.93026,64.000,31.36198
-7.20503,108.92006,73.000,26.32855
-7.20180,108.90994,88.000,18.94817
-7.19857,108.89988,259.000,14.35353
-7.19536,108.88985,470.000,49.14217
-7.19216,108.87982,619.000,82.88506
-7.18892,108.86977,496.000,85.82446
-7.18572,108.85970,440.000,63.66305
-7.18246,108.84958,362.000,46.63993
-7.17923,108.83941,476.000,67.39816
-7.17597,108.82918,463.000,84.56271
-7.17269,108.81887,407.000,101.85672
-7.16940,108.80854,347.000,106.80220
-8.26452,109.95899,-319.322,58.61028
-8.25412,109.96227,-356.930,49.37409
-8.24380,109.96550,-362.960,56.18884
-8.23350,109.96875,-368.579,72.14736
-8.22321,109.97201,-388.791,80.13242
-8.21293,109.97524,-409.139,85.55457
-8.20264,109.97847,-418.548,89.56903
-8.19231,109.98172,-418.909,94.05589
-8.18196,109.98497,-397.413,95.90392
-8.17167,109.98820,-373.304,87.58858
-8.16141,109.99142,-350.194,79.25381
-8.15108,109.99469,-337.943,70.30533
-8.14069,109.99797,-332.926,64.50025
-8.13023,110.00126,-329.694,60.63424
-8.11977,110.00454,-315.557,59.17620
-8.10932,110.00784,-299.479,56.55882
-8.09886,110.01114,-268.649,53.09555
-8.08840,110.01442,-247.269,48.84300
-8.07796,110.01770,-219.412,47.39516
-8.06749,110.02099,-199.902,50.15294
-8.05700,110.02428,-186.361,60.73557
-8.04651,110.02757,-168.522,73.64098
-8.03601,110.03087,-141.648,90.55269
-8.02552,110.03416,-113.852,102.53563
-8.01507,110.03747,-76.595,108.38239
-8.00459,110.04079,-41.910,103.06143
-7.99412,110.04408,-8.724,94.99074
-7.98369,110.04736,-1.942,84.28209
-7.97327,110.05063,-8.008,79.57131
-7.96283,110.05392,-11.953,80.02949
-7.95235,110.05724,-22.037,85.64205
-7.94184,110.06055,-21.200,92.56403
-7.93127,110.06389,-4.251,98.14630
-7.92067,110.06723,7.765,92.64332
-7.91010,110.07056,9.000,67.98515
-7.89953,110.07385,7.000,34.69114
-7.88907,110.07712,8.000,1.21283
-7.87864,110.08037,15.000,-16.69492
-7.86827,110.08367,110.000,-12.64833
-7.85789,110.08692,80.000,40.30480
-7.84756,110.09015,112.000,97.65994
-7.83727,110.09340,162.000,155.86741
-7.82690,110.09668,267.000,196.85541
-7.81642,110.09998,268.000,227.66497
-7.80593,110.10326,234.000,221.57167
-7.79549,110.10652,402.000,213.08438
-7.78504,110.10981,444.000,201.95827
-7.77459,110.11312,660.000,191.44119
-7.76415,110.11637,671.000,182.99648
-7.75379,110.11963,740.000,176.53983
-7.74354,110.12282,702.000,176.17502
-7.73324,110.12607,741.000,177.00859
-7.72295,110.12931,774.000,200.60110
-7.71275,110.13252,702.000,240.99417
-7.70252,110.13574,659.000,305.84637
-7.69227,110.13894,673.000,330.47611
-6.81952,110.55354,0.000,61.47833
-6.83005,110.55027,2.000,55.54729
-6.84058,110.54699,2.000,35.43005
-6.85110,110.54372,1.000,12.51132
-6.86161,110.54043,1.000,14.24790
-6.87210,110.53715,2.000,17.88338
-6.88259,110.53388,2.000,18.49683
-6.89295,110.53065,1.000,15.85210
-6.90332,110.52741,2.000,12.89521
-6.91377,110.52414,1.000,9.53116
-6.92423,110.52086,2.000,8.59640
-6.93465,110.51760,3.000,8.81405
-6.94510,110.51433,3.000,9.40092
-6.95557,110.51107,7.000,10.55192
-6.96601,110.50781,9.000,12.06124
-6.97640,110.50457,11.000,12.45496
-6.98675,110.50134,13.000,12.64069
-6.99711,110.49811,17.000,12.60909
-7.00755,110.49483,19.000,13.64635
-7.01805,110.49153,21.000,15.18800
-7.02858,110.48826,21.000,17.53289
-7.03912,110.48494,32.000,20.14117
-7.04955,110.48170,34.000,23.71571
-7.05989,110.47848,35.000,28.36150
-7.07023,110.47525,39.000,32.80736
-7.08061,110.47202,116.000,37.04291
-7.09105,110.46876,68.000,39.98162
-7.10154,110.46550,187.000,43.16409
-7.11200,110.46223,148.000,45.06282
-7.12247,110.45897,278.000,47.88880
-7.13295,110.45568,307.000,50.85688
-7.14347,110.45239,342.000,54.16737
-7.15400,110.44911,385.000,57.70002
-7.16450,110.44582,447.000,61.26330
-7.17503,110.44252,462.000,66.18853
-7.18550,110.43925,466.000,71.43191
-7.19593,110.43599,446.000,77.80581
-7.20634,110.43271,496.000,84.84028
-7.21669,110.42945,539.000,92.00249
-7.22708,110.42621,539.000,96.78971
-7.23763,110.42292,548.000,100.71121
-7.24823,110.41960,532.000,104.38479
-7.25884,110.41629,479.000,107.03737
-7.26945,110.41296,470.000,109.38661
-7.28010,110.40966,466.000,113.43990
-7.29073,110.40634,472.000,117.53781
-7.30134,110.40303,527.000,123.12483
-7.31200,110.39971,618.000,131.67201
-7.32267,110.39636,775.000,145.10539
-7.33327,110.39304,857.000,162.61251
-7.34371,110.38977,1147.000,187.78083
-7.35401,110.38655,1304.000,212.19914
-7.36430,110.38334,1233.000,235.75140
-7.37464,110.38009,1132.000,239.11154
-7.38504,110.37683,1445.000,234.68699
-7.39553,110.37353,1376.000,222.57587
-7.40609,110.37024,1167.000,211.74504
-7.41659,110.36696,1208.000,198.55350
-7.42703,110.36369,1118.000,191.55339
-7.43742,110.36046,1065.000,184.94242
-7.44791,110.35714,1030.000,179.09706
-7.45814,110.35400,967.000,176.75227
-7.46811,110.35095,946.000,176.63991
-7.47817,110.34777,887.000,190.81127
-7.48830,110.34457,810.000,211.18438
-7.49837,110.34141,765.000,237.78927
-7.50839,110.33825,698.000,262.30087
-7.51843,110.33511,626.000,285.66226
-7.52846,110.33203,568.000,289.79890
-7.53845,110.32889,545.000,277.92564
-7.54844,110.32571,538.000,258.09330
-7.55853,110.32251,502.000,227.07215
-7.56866,110.31930,469.000,193.93353
-7.57880,110.31615,444.000,153.47063
-7.58891,110.31299,430.000,112.03494
-7.59899,110.30983,404.000,71.96685
-7.60915,110.30667,377.000,41.71685
-7.61945,110.30346,407.000,16.17286
-7.62979,110.30021,313.000,2.47046
-7.64001,110.29701,289.000,25.61894
-7.65014,110.29383,257.000,53.26726
-7.66018,110.29066,233.000,77.77399
-7.67018,110.28753,217.000,105.35189
-7.68027,110.28439,188.000,143.03800
-7.69042,110.28121,169.000,169.69828
-7.70071,110.27798,147.000,189.38635
-7.71110,110.27468,140.000,194.45465
-7.72159,110.27127,137.000,196.54663
-7.73192,110.26795,131.000,194.82642
-7.74183,110.26462,120.000,184.74925
-7.75177,110.26147,113.000,171.74704
-7.76163,110.25865,111.000,155.09539
-7.77151,110.25569,103.000,138.70033
-7.78143,110.25260,95.000,122.01568
-7.79143,110.24950,88.000,112.76496
-7.80151,110.24636,81.000,108.08109
-7.81165,110.24317,81.000,108.40174
-7.82178,110.24001,68.000,106.93702
-7.83194,110.23683,71.000,103.75878
-7.84207,110.23363,52.000,95.43918
-7.85214,110.23048,54.000,86.11115
-7.86224,110.22732,71.000,77.72811
-7.87242,110.22413,31.000,72.10006
-7.88272,110.22090,26.000,68.23994
-7.89307,110.21766,37.000,68.95453
-7.90345,110.21438,30.000,71.63086
-7.91386,110.21109,50.000,76.17217
-7.92431,110.20782,16.000,81.80540
-7.93479,110.20452,13.000,88.22420
-7.94525,110.20125,12.000,95.27625
-7.95576,110.19794,5.000,100.83088
-7.96627,110.19463,7.000,105.25287
-7.97680,110.19131,-11.164,107.43606
-7.98733,110.18801,-41.510,109.02196
-7.99778,110.18474,-107.016,108.86844
-8.00818,110.18149,-136.525,105.28182
-8.01860,110.17824,-151.924,100.12116
-8.02896,110.17498,-134.679,92.84701
-8.03922,110.17175,-111.293,85.68822
-8.04939,110.16858,-88.739,78.06510
-8.05959,110.16538,-73.677,72.79461
-8.06988,110.16216,-74.293,69.24239
-8.08024,110.15894,-89.186,67.62342
-8.09058,110.15570,-99.433,67.36540
-8.10087,110.15246,-119.023,67.71605
-8.11118,110.14925,-137.048,71.71888
-8.12143,110.14606,-180.395,77.86935
-8.13164,110.14283,-210.208,85.47574
-8.14184,110.13959,-256.408,93.26229
-8.15208,110.13635,-284.947,101.36064
-8.16237,110.13310,-311.631,107.73316
-8.17272,110.12985,-346.576,110.39063
-8.18313,110.12658,-359.951,112.33136
-8.19354,110.12331,-380.863,112.92660
-8.20394,110.12005,-391.857,114.70288
-8.21434,110.11678,-396.768,117.29440
-8.22474,110.11352,-395.942,122.87214
-8.41081,110.19681,-939.063,39.77326
-8.40044,110.20009,-923.540,15.92554
-8.39009,110.20336,-865.534,15.17977
-8.37981,110.20657,-932.658,30.67776
-8.36962,110.20976,-876.518,71.84498
-8.35943,110.21299,-827.183,77.13232
-8.34920,110.21622,-761.110,42.33452
-8.33890,110.21946,-716.444,57.01959
-8.32853,110.22274,-652.844,59.39330
-8.31811,110.22605,-610.711,48.38730
-8.30770,110.22932,-550.279,35.72044
-8.29729,110.23259,-514.488,25.48518
-8.28690,110.23587,-461.117,34.81919
-8.27657,110.23913,-428.163,59.55916
-8.26622,110.24239,-389.323,89.50529
-8.25589,110.24564,-369.957,109.53907
-8.24557,110.24889,-346.562,117.46231
-8.23524,110.25217,-328.091,104.38399
-8.22487,110.25545,-301.894,79.27211
-8.21443,110.25874,-286.685,55.66864
-8.20401,110.26199,-270.289,42.70521
-8.19370,110.26519,-252.334,44.32973
-8.18347,110.26838,-233.564,59.45852
-8.17324,110.27163,-206.328,90.37026
-8.16302,110.27482,-190.161,119.67183
-8.15279,110.27806,-158.120,148.77614
-8.14254,110.28132,-131.068,167.71513
-8.13227,110.28455,-99.093,177.42683
-8.12194,110.28781,-77.251,156.94155
-8.11153,110.29112,-61.025,131.51746
-8.10109,110.29441,-49.683,100.42306
-8.09063,110.29769,-33.289,77.93689
-8.08023,110.30094,-18.234,63.10764
-8.06983,110.30425,-3.776,63.80047
-8.05939,110.30753,-2.240,66.96303
-8.04898,110.31076,-4.000,70.21969
-8.03860,110.31404,-11.284,70.48501
-8.02826,110.31731,-7.415,71.20319
-8.01787,110.32058,6.000,73.83648
-8.00746,110.32386,74.000,79.27520
-7.99704,110.32713,279.000,83.76401
-7.98660,110.33039,22.000,85.58769
-7.97612,110.33367,17.000,81.29025
-7.96558,110.33697,18.000,74.67335
-7.95502,110.34029,19.000,72.01136
-7.94443,110.34364,23.000,76.60719
-7.93386,110.34700,28.000,88.03908
-7.92324,110.35034,32.000,108.28037
-7.91258,110.35369,35.000,125.63986
-7.90189,110.35705,42.000,137.93073
-7.89129,110.36038,46.000,140.69489
-7.88075,110.36368,49.000,139.92275
-7.87023,110.36699,56.000,132.84496
-7.85975,110.37028,61.000,122.29429
-7.84918,110.37360,71.000,111.48962
-7.83859,110.37692,76.000,100.28621
-7.82809,110.38019,85.000,89.79935
-7.81769,110.38348,92.000,79.68130
-7.80741,110.38670,101.000,78.25843
-7.79717,110.38991,110.000,79.43176
-7.78690,110.39318,124.000,85.87834
-7.77654,110.39644,130.000,91.24665
-7.76615,110.39970,148.000,95.63213
-7.75574,110.40299,161.000,93.96555
-7.74532,110.40627,183.000,89.34458
-7.73488,110.40954,199.000,79.33255
-7.72444,110.41279,231.000,70.84448
-7.71404,110.41605,249.000,62.03278
-7.70367,110.41929,287.000,64.57928
-7.69333,110.42256,311.000,107.16033
-7.68301,110.42580,356.000,160.59612
-7.67267,110.42905,388.000,114.06025
-7.66231,110.43231,441.000,82.47058
-7.65193,110.43558,495.000,98.16267
-7.64155,110.43885,551.000,113.98769
-7.63117,110.44210,614.000,126.54696
-7.62079,110.44535,706.000,135.07264
-7.61044,110.44860,773.000,137.26701
-7.60012,110.45182,870.000,135.98240
-7.58980,110.45506,1022.000,139.53422
-7.57952,110.45827,1127.000,142.70642
-7.56937,110.46145,1354.000,144.21195
-7.55932,110.46459,1587.000,145.31407
-7.54933,110.46772,1858.000,145.08758
-7.53939,110.47086,1617.000,152.33732
-7.52947,110.47398,1644.000,154.73117
-7.51958,110.47709,1412.000,159.57641
-7.50968,110.48021,1351.000,160.26389
-7.49972,110.48334,1363.000,158.35203
-7.48968,110.48650,1369.000,153.22577
-7.47959,110.48968,1259.000,146.04338
-7.46947,110.49284,1161.000,134.13882
-7.45932,110.49602,1071.000,116.84603
-7.44919,110.49923,1042.000,95.63876
-7.43905,110.50241,948.000,75.75504
-7.42894,110.50557,824.000,59.82004
-7.41887,110.50870,768.000,47.64502
-7.40887,110.51184,772.000,41.54013
-7.39894,110.51494,766.000,38.27167
-7.38899,110.51806,739.000,41.33372
-7.37901,110.52119,704.000,45.57437
-7.36907,110.52428,709.000,50.07671
-7.35913,110.52742,666.000,50.71569
-7.34911,110.53058,647.000,50.23087
-7.33905,110.53375,640.000,43.16410
-7.32894,110.53691,624.000,36.15269
-7.31883,110.54007,621.000,29.66293
-7.30875,110.54326,506.000,26.99543
-7.29869,110.54642,444.000,25.58418
-7.28866,110.54957,390.000,26.16756
-7.27860,110.55273,336.000,25.96472
-7.26848,110.55589,302.000,23.90872
-7.25837,110.55907,265.000,17.56635
-7.24827,110.56221,273.000,9.12229
-7.23815,110.56538,191.000,-2.45360
-7.22806,110.56853,151.000,-9.50313
-7.21803,110.57167,182.000,-11.45184
-7.20807,110.57476,107.000,-2.66211
-7.19815,110.57787,91.000,8.65131
-7.18823,110.58099,123.000,22.31129
-7.17831,110.58409,103.000,29.52014
-7.16841,110.58719,125.000,28.40446
-7.15855,110.59028,127.000,21.02431
-7.14873,110.59336,142.000,13.52810
-7.13891,110.59644,97.000,11.07757
-7.12908,110.59953,49.000,13.59127
-7.11928,110.60259,38.000,24.72703
-7.10947,110.60567,30.000,37.48617
-7.09960,110.60878,23.000,50.01107
-7.08964,110.61190,22.000,58.67708
-7.07965,110.61502,18.000,66.35530
-7.06969,110.61813,13.000,72.37365
-7.05973,110.62126,10.000,78.95908
-7.04972,110.62441,10.000,86.46709
-7.03972,110.62751,10.000,90.59310
-7.02975,110.63061,12.000,90.58882
-7.01983,110.63373,8.000,80.64328
-7.00987,110.63689,7.000,55.26418
-6.99988,110.64003,6.000,26.04246
-6.98983,110.64320,7.000,-0.75526
-6.97974,110.64633,6.000,-21.88300
-6.96961,110.64949,6.000,-33.73480
-6.95947,110.65264,6.000,-22.67850
-6.94932,110.65582,9.000,-2.28533
-6.93919,110.65899,7.000,27.75534
-6.92908,110.66214,7.000,59.29302
-6.91893,110.66533,7.000,96.16231
-6.90874,110.66854,9.000,33.79059
-6.89852,110.67174,5.000,-42.00585
-6.88826,110.67495,4.000,-4.61989
-6.87793,110.67817,5.000,34.72182
-6.86761,110.68139,4.000,47.60297
-6.85737,110.68458,4.000,40.32995
-6.84718,110.68776,5.000,33.10157
-6.83696,110.69097,4.000,37.22209
-6.82678,110.69415,4.000,53.95780
-6.81667,110.69730,4.000,76.30503
-6.80659,110.70047,3.000,86.92705
-6.79646,110.70365,4.000,88.17632
-6.78627,110.70684,3.000,78.90502
-6.77606,110.71002,5.000,63.80038
-6.76585,110.71321,9.000,46.86818
-6.75563,110.71640,12.000,36.86047
-6.74540,110.71961,12.000,33.06494
-6.73511,110.72284,16.000,34.33900
-6.72480,110.72606,22.000,36.22361
-6.71450,110.72927,28.000,38.12508
-6.70424,110.73248,33.000,40.21310
-6.69405,110.73567,58.000,44.95082
-6.68394,110.73882,73.000,51.78431
-6.67385,110.74199,89.000,58.13751
-6.66375,110.74515,87.000,62.61560
-6.65371,110.74828,114.000,60.54558
-6.64373,110.75139,135.000,48.01560
-6.63375,110.75452,160.000,29.10883
-6.62377,110.75764,146.000,8.90382
-6.61378,110.76075,140.000,-8.01997
-6.60375,110.76388,185.000,-16.34471
-6.59376,110.76701,167.000,1.89829
-6.58394,110.77007,172.000,47.74854
-6.57408,110.77316,162.000,131.84605
-6.56418,110.77627,159.000,215.91805
-6.55415,110.77943,160.000,298.21959
-6.54404,110.78259,134.000,344.03725
-6.53372,110.78580,132.000,344.05878
-6.52332,110.78901,126.000,278.37475
-6.51302,110.79220,116.000,212.89113
-6.50278,110.79539,97.000,145.61714
-6.49256,110.79860,92.000,86.94442
-6.48233,110.80180,77.000,26.08830
-6.47213,110.80499,64.000,-65.76733
-6.46199,110.80815,63.000,-169.53825
-6.45189,110.81134,49.000,-290.93152
-6.44171,110.81443,26.000,-374.78182
-6.43161,110.81763,22.000,-421.25168
-6.42156,110.82078,6.490,-341.04934
-6.41135,110.82391,1.616,-236.57143
-6.40109,110.82714,-2.750,-108.58131
-6.39088,110.83035,-8.862,1.59094
-6.38077,110.83353,-10.521,94.72346
-6.37068,110.83669,-17.463,128.40805
-6.36057,110.83985,-23.325,136.14677
-6.35040,110.84301,-28.230,128.92015
-6.34019,110.84619,-32.432,103.22459
-6.32990,110.84942,-35.007,76.42397
-6.31955,110.85263,-38.897,49.58466
-6.30919,110.85585,-40.723,33.96462
-6.29886,110.85907,-43.437,23.42993
-6.28859,110.86228,-44.277,19.55337
-6.27835,110.86548,-44.910,18.15998
-6.02360,111.08762,-54.081,0.19814
-6.03389,111.08441,-53.804,5.41103
-6.04417,111.08122,-53.156,5.23168
-6.05440,111.07803,-52.326,0.54462
-6.06463,111.07483,-52.234,-8.31599
-6.07485,111.07163,-52.220,-21.89078
-6.08503,111.06847,-51.827,-36.91481
-6.09517,111.06532,-51.789,-45.22731
-6.10530,111.06216,-51.957,-51.71516
-6.11546,111.05896,-51.934,-61.58547
-6.12565,111.05578,-52.287,-67.44673
-6.13585,111.05262,-53.441,-77.26218
-6.14608,111.04945,-55.036,-87.47581
-6.15634,111.04625,-55.282,-25.34084
-6.16665,111.04303,-55.782,42.92431
-6.17693,111.03980,-55.982,-19.97836
-6.18717,111.03661,-56.369,-58.33959
-6.19733,111.03344,-56.227,-46.12632
-6.20746,111.03027,-54.604,-23.13198
-6.21757,111.02713,-51.073,-4.97104
-6.22767,111.02398,-50.316,8.35064
-6.23774,111.02084,-48.852,17.62050
-6.24776,111.01772,-48.212,24.48004
-6.25773,111.01460,-47.658,26.69810
-6.26768,111.01149,-45.921,25.47099
-6.27769,111.00836,-43.919,15.62473
-6.28778,111.00522,-40.922,5.48481
-6.29797,111.00202,-39.058,-5.42667
-6.30816,110.99884,-37.133,-7.96743
-6.31829,110.99567,-34.038,-6.24102
-6.32836,110.99254,-31.199,-1.61611
-6.33836,110.98941,-25.915,-2.13538
-6.34834,110.98629,-22.643,-8.15488
-6.35834,110.98316,-17.251,-23.43857
-6.36835,110.98007,-13.958,-37.80514
-6.37836,110.97695,-12.567,-44.06078
-6.38839,110.97381,-16.768,-41.27733
-6.39847,110.97065,-19.436,-30.06749
-6.40860,110.96748,-10.011,-7.42758
-6.41873,110.96432,5.000,17.66462
-6.42885,110.96116,11.000,40.34863
-6.43903,110.95800,25.000,55.49591
-6.44929,110.95481,52.000,66.09557
-6.45958,110.95160,41.000,63.42922
-6.46985,110.94839,62.000,54.42674
-6.48010,110.94519,92.000,38.42922
-6.49033,110.94200,71.000,28.83339
-6.50055,110.93881,134.000,24.17796
-6.51080,110.93560,183.000,31.62768
-6.52107,110.93240,255.000,43.14635
-6.53133,110.92918,296.000,58.04328
-6.54158,110.92596,342.000,68.03259
-6.55186,110.92276,411.000,76.14746
-6.56214,110.91956,476.000,79.41512
-6.57240,110.91636,621.000,82.77627
-6.58266,110.91316,704.000,89.22207
-6.59297,110.90993,976.000,98.32798
-6.60331,110.90670,915.000,110.34693
-6.61365,110.90348,1168.000,117.31723
-6.62400,110.90026,1410.000,119.29660
-6.63432,110.89703,1317.000,121.63080
-6.64456,110.89382,1165.000,120.56039
-6.65473,110.89063,796.000,123.23700
-6.66486,110.88747,826.000,123.61049
-6.67498,110.88429,624.000,133.75619
-6.68509,110.88112,428.000,142.41544
-6.69521,110.87796,339.000,141.42916
-6.70539,110.87479,236.000,127.65850
-6.71569,110.87156,207.000,103.19126
-6.72611,110.86831,160.000,61.21993
-6.73657,110.86503,135.000,18.49318
-6.74705,110.86176,104.000,-17.66870
-6.75752,110.85848,85.000,-35.53705
-6.76797,110.85523,62.000,-43.86500
-6.77840,110.85198,46.000,-34.02159
-6.78880,110.84872,33.000,-16.08072
-6.79914,110.84547,26.000,8.28113
-6.80938,110.84226,23.000,31.11043
-6.81953,110.83907,19.000,51.07398
-6.82965,110.83589,9.000,64.79387
-6.83976,110.83273,9.000,65.90826
-6.84986,110.82958,8.000,55.46539
-6.85997,110.82640,8.000,31.11340
-6.87008,110.82322,8.000,6.16932
-6.88018,110.82006,8.000,-21.22694
-6.89027,110.81692,6.000,-40.80325
-6.90039,110.81375,6.000,-48.91938
-6.91054,110.81056,6.000,-30.82986
-6.92069,110.80740,6.000,-7.04571
-6.93082,110.80425,9.000,26.48826
-6.94095,110.80110,10.000,53.95623
-6.95111,110.79793,8.000,76.05334
-6.96133,110.79475,10.000,71.98284
-6.97159,110.79156,16.000,56.95146
-6.98184,110.78835,40.000,29.73101
-6.99212,110.78512,14.000,-4.21798
-7.00243,110.78188,15.000,-34.90678
-7.01278,110.77864,17.000,-48.29594
-7.02317,110.77538,18.000,-45.73888
-7.03354,110.77213,15.000,-33.99988
-7.04389,110.76889,15.000,-5.61041
-7.05426,110.76564,15.000,22.31185
-7.06470,110.76236,14.000,46.42232
-7.07518,110.75908,16.000,56.72832
-7.08570,110.75579,15.000,61.69126
-7.09624,110.75250,15.000,56.90474
-7.10678,110.74920,29.000,47.46284
-7.11737,110.74589,71.000,34.81783
-7.12800,110.74256,61.000,22.78740
-7.13864,110.73922,64.000,13.47773
-7.14925,110.73589,79.000,6.33515
-7.15983,110.73256,112.000,11.23125
-7.17037,110.72923,148.000,21.44998
-7.18089,110.72593,91.000,35.48527
-7.19136,110.72266,119.000,44.22345
-7.20179,110.71939,102.000,49.18600
-7.21222,110.71613,135.000,43.05406
-7.22264,110.71288,125.000,32.60397
-7.23307,110.70961,166.000,21.28166
-7.24352,110.70632,185.000,16.43651
-7.25397,110.70303,180.000,15.04702
-7.26439,110.69977,182.000,19.37228
-7.27480,110.69653,168.000,25.97176
-7.28520,110.69329,138.000,32.22628
-7.29559,110.69003,140.000,34.97433
-7.30600,110.68674,148.000,34.92848
-7.31640,110.68349,148.000,33.03232
-7.32676,110.68024,187.000,23.92015
-7.33709,110.67701,212.000,14.51184
-7.34740,110.67378,249.000,3.73601
-7.35770,110.67054,249.000,-8.87615
-7.36800,110.66730,251.000,-21.95874
-7.37831,110.66409,268.000,-29.20709
-7.38860,110.66087,304.000,-30.09742
-7.39894,110.65764,327.000,-26.04050
-7.40931,110.65439,327.000,-15.20658
-7.41967,110.65113,314.000,-2.93379
-7.43008,110.64785,307.000,11.12950
-7.44051,110.64457,280.000,23.94502
-7.45098,110.64129,289.000,36.30108
-7.46138,110.63805,335.000,45.00397
-7.47167,110.63482,363.000,49.08449
-7.48194,110.63158,329.000,45.51347
-7.49225,110.62835,336.000,34.14288
-7.50258,110.62511,348.000,23.68976
-7.51290,110.62187,352.000,15.88503
-7.52324,110.61863,364.000,12.79334
-7.53361,110.61538,360.000,13.38678
-7.54401,110.61212,375.000,19.90356
-7.55442,110.60887,363.000,28.68360
-7.56483,110.60561,364.000,40.77152
-7.57529,110.60233,370.000,60.17894
-7.58576,110.59902,375.000,82.52427
-7.59618,110.59575,369.000,104.66808
-7.60656,110.59248,353.000,115.89410
-7.61690,110.58922,335.000,120.61301
-7.62715,110.58602,325.000,103.77936
-7.63731,110.58284,321.000,82.38266
-7.64740,110.57969,292.000,56.79257
-7.65746,110.57653,278.000,42.84516
-7.66752,110.57338,259.000,33.50530
-7.67755,110.57023,236.000,36.56531
-7.68755,110.56709,206.000,42.17461
-7.69752,110.56395,196.000,54.99872
-7.70749,110.56080,188.000,71.41083
-7.71751,110.55766,175.000,89.14448
-7.72762,110.55449,165.000,111.51765
-7.73776,110.55130,154.000,133.02758
-7.74785,110.54814,147.000,151.06450
-7.75795,110.54497,140.000,154.76442
-7.76809,110.54178,134.000,153.43946
-7.77829,110.53858,133.000,142.80205
-7.78852,110.53537,136.000,132.86555
-7.79873,110.53218,159.000,123.90885
-7.80886,110.52900,364.000,120.98656
-7.81891,110.52583,266.000,118.49515
-7.82896,110.52266,158.000,114.08157
-7.83911,110.51946,362.000,104.86832
-7.84931,110.51626,274.000,92.56145
-7.85952,110.51305,232.000,83.40105
-7.86972,110.50985,157.000,78.70830
-7.87994,110.50665,102.000,82.95955
-7.89013,110.50344,126.000,94.64308
-7.90029,110.50024,150.000,111.25455
-7.91039,110.49703,126.000,121.38065
-7.92041,110.49389,112.000,123.82061
-7.93047,110.49074,141.000,115.33514
-7.94062,110.48753,111.000,98.55167
-7.95076,110.48434,129.000,77.85124
-7.96088,110.48117,123.000,63.29825
-7.97095,110.47800,112.000,58.10710
-7.98098,110.47483,128.000,62.31440
-7.99104,110.47168,128.000,79.36713
-8.00113,110.46848,154.000,101.69541
-8.01125,110.46532,302.000,132.72759
-8.02135,110.46213,306.000,159.67677
-8.03138,110.45899,302.000,181.74579
-8.04132,110.45588,277.000,191.77207
-8.05124,110.45274,262.000,197.49469
-8.06111,110.44965,253.000,190.20405
-8.07094,110.44656,220.000,174.87786
-8.08085,110.44346,168.000,155.28316
-8.09079,110.44034,112.000,131.49545
-8.10063,110.43722,33.068,105.62848
-8.11037,110.43413,-14.194,78.79267
-8.12016,110.43101,-23.353,61.50812
-8.13010,110.42790,-13.389,58.62556
-8.14004,110.42477,-19.357,71.16624
-8.15000,110.42165,-26.962,91.39843
-8.15994,110.41852,-35.324,115.69452
-8.16989,110.41539,-48.691,134.21165
-8.17993,110.41224,-77.713,138.63499
-8.18997,110.40907,-100.136,135.20274
-8.20002,110.40591,-144.122,128.63567
-8.21008,110.40276,-176.607,122.92933
-8.22021,110.39957,-206.317,118.15801
-8.23042,110.39635,-236.669,114.22989
-8.24060,110.39313,-255.866,109.69262
-8.25072,110.38993,-274.050,104.98491
-8.26082,110.38675,-286.333,103.09491
-8.27087,110.38359,-301.143,104.50300
-8.28094,110.38041,-318.365,111.48954
-8.29102,110.37725,-340.038,118.15251
-8.30110,110.37408,-376.474,122.86668
-8.31118,110.37089,-399.810,116.44081
-8.32118,110.36775,-442.070,112.26291
-6.89668,109.82071,-7.874,43.67199
-6.88679,109.82381,-16.444,62.50565
-6.87689,109.82690,-19.146,60.83413
-6.86700,109.82998,-18.620,50.85302
-6.85711,109.83306,-15.275,45.63412
-6.84723,109.83617,-15.380,41.67542
-6.83734,109.83926,-16.568,40.16786
-6.82742,109.84237,-17.601,37.32968
-6.81748,109.84548,-19.583,33.76271
-6.80754,109.84859,-21.802,29.58862
-6.79753,109.85171,-22.189,24.77179
-6.78748,109.85486,-21.471,20.25589
-6.77740,109.85801,-21.485,17.06089
-6.76730,109.86118,-20.298,14.67687
-6.75720,109.86434,-19.388,14.67698
-6.74710,109.86751,-17.643,15.78735
-6.73697,109.87067,-18.467,18.74519
-6.72684,109.87382,-16.468,21.42830
-6.71671,109.87698,-15.459,24.05961
-6.70662,109.88012,-17.679,24.46722
-6.69650,109.88329,-20.603,23.97365
-6.68635,109.88646,-24.607,20.98344
-6.67622,109.88962,-27.500,17.03279
-6.66609,109.89279,-31.528,12.42073
-6.65589,109.89599,-32.760,7.25324
-6.64564,109.89919,-34.028,2.38847
-6.63536,109.90241,-35.835,-0.28180
-6.62510,109.90560,-37.862,2.33501
-6.61487,109.90878,-39.482,6.68174
-6.60463,109.91198,-40.156,14.69693
-6.59441,109.91521,-40.980,20.68508
-6.58415,109.91840,-41.774,23.51100
-6.57388,109.92163,-44.086,13.78765
-6.56361,109.92485,-45.908,1.87514
-6.55332,109.92805,-48.092,-13.82356
-6.54309,109.93122,-48.468,-22.38198
-6.53290,109.93440,-47.628,-24.79584
-6.52270,109.93760,-46.166,-2.99113
-6.51249,109.94080,-43.868,20.86057
-6.50223,109.94401,-42.791,47.89990
-6.53008,110.07706,-42.357,-22.37381
-6.54016,110.07390,-42.183,-23.66813
-6.55025,110.07075,-40.965,-23.98875
-6.56029,110.06760,-39.472,-24.31625
-6.57031,110.06445,-38.241,-17.89906
-6.58036,110.06130,-37.511,-1.55332
-6.59048,110.05814,-38.105,22.50208
-6.60062,110.05499,-38.100,50.31214
-6.61076,110.05183,-38.127,73.69636
-6.62093,110.04863,-38.475,86.71940
-6.63119,110.04542,-39.005,83.92381
-6.64150,110.04222,-38.367,68.39144
-6.65180,110.03902,-36.432,48.57715
-6.66204,110.03582,-35.699,22.21341
-6.67229,110.03261,-35.092,2.04980
-6.68257,110.02939,-34.139,-8.35088
-6.69290,110.02617,-33.859,2.81788
-6.70331,110.02294,-33.763,18.41490
-6.71382,110.01966,-34.359,41.39469
-6.72441,110.01634,-35.341,58.99043
-6.73504,110.01301,-35.124,70.68947
-6.74572,110.00967,-36.025,74.92386
-6.75642,110.00632,-35.450,79.98481
-6.76711,110.00297,-30.816,86.37932
-6.77781,109.99962,-27.526,91.78547
-6.78853,109.99628,-26.537,88.23295
-6.79924,109.99292,-26.346,78.79416
-6.80994,109.98957,-26.316,60.68759
-6.82061,109.98623,-26.147,42.60824
-6.83127,109.98290,-24.970,25.52985
-6.84193,109.97958,-22.718,19.35550
-6.85259,109.97626,-20.994,16.39156
-6.86324,109.97293,-17.770,16.79084
-6.87384,109.96961,-15.436,14.30952
-6.88437,109.96630,-11.399,9.96816
-6.89487,109.96302,-9.084,2.55248
-6.90533,109.95976,-3.031,-1.21336
-6.91576,109.95649,14.607,-1.64850
-6.92619,109.95322,58.000,6.67311
-6.93663,109.94995,41.000,17.86017
-6.94706,109.94668,131.000,31.86147
-6.95749,109.94339,289.000,41.38619
-6.96795,109.94011,230.000,48.01979
-6.97844,109.93683,202.000,46.82865
-6.98893,109.93354,202.000,38.53101
-6.99937,109.93028,234.000,20.82291
-7.00977,109.92704,291.000,-3.35257
-7.02020,109.92375,304.000,-25.26595
-7.03060,109.92051,348.000,-42.03202
-7.04104,109.91726,470.000,-40.66603
-7.05152,109.91398,568.000,-22.77640
-7.06204,109.91067,612.000,10.93243
-7.07261,109.90736,678.000,43.07216
-7.08317,109.90405,706.000,75.40934
-7.09375,109.90074,756.000,92.51308
-7.10434,109.89743,836.000,100.40208
-7.11488,109.89415,900.000,99.03524
-7.12532,109.89084,1127.000,96.62947
-7.13576,109.88757,1243.000,96.88591
-7.14617,109.88433,1370.000,107.41679
-7.15656,109.88107,1432.000,133.35544
-7.16702,109.87779,1649.000,163.03430
-7.17760,109.87446,1839.000,190.32510
-7.18827,109.87114,1957.000,208.58901
-7.19891,109.86784,1861.000,219.17304
-7.20949,109.86450,1805.000,208.77706
-7.22006,109.86119,1634.000,194.47344
-7.23064,109.85788,1652.000,173.56328
-7.24123,109.85455,1493.000,159.98786
-7.25182,109.85123,1317.000,148.35507
-7.26248,109.84788,1239.000,147.37533
-7.27315,109.84454,1129.000,148.64637
-7.28374,109.84122,1043.000,150.50739
-7.29429,109.83792,1091.000,149.19935
-7.30489,109.83460,1076.000,145.78241
-7.31549,109.83130,1203.000,138.83788
-7.32610,109.82797,1176.000,128.11801
-7.33671,109.82466,1151.000,119.50579
-7.34735,109.82131,983.000,112.41054
-7.35803,109.81796,901.000,108.56435
-7.36869,109.81461,780.000,107.38463
-7.37927,109.81130,736.000,109.19394
-7.38986,109.80799,677.000,112.06579
-7.40047,109.80467,492.000,115.30650
-7.41110,109.80136,393.000,118.20770
-7.42179,109.79801,486.000,116.40966
-7.43248,109.79466,613.000,109.92916
-7.44304,109.79133,740.000,98.97097
-7.45356,109.78799,576.000,87.28708
-7.46410,109.78467,429.000,74.35758
-7.47462,109.78136,299.000,91.31372
-7.48518,109.77807,249.000,119.63903
-7.49576,109.77476,175.000,151.17199
-7.50631,109.77144,248.000,192.49272
-7.51686,109.76814,492.000,243.58238
-7.52741,109.76482,441.000,252.86325
-7.53801,109.76150,319.000,236.94885
-7.54867,109.75814,326.000,198.90612
-7.55935,109.75480,284.000,149.84946
-7.57008,109.75143,220.000,103.86785
-7.58081,109.74806,475.000,73.31561
-7.59151,109.74472,423.000,66.74218
-7.60215,109.74137,202.000,67.94225
-7.61278,109.73802,129.000,79.02139
-7.62346,109.73469,56.000,90.59022
-7.63411,109.73135,196.000,101.75189
-7.64469,109.72803,147.000,104.88982
-7.65530,109.72469,131.000,104.23659
-7.66592,109.72135,67.000,100.18321
-7.67646,109.71803,32.000,94.86937
-7.68696,109.71472,53.000,92.07639
-7.69744,109.71143,29.000,93.66639
-7.70784,109.70815,16.000,98.27569
-7.71826,109.70486,11.000,103.79753
-7.72876,109.70156,10.000,106.98034
-7.73924,109.69826,11.000,105.03757
-7.74971,109.69498,10.000,99.06421
-7.76018,109.69169,8.000,91.36227
-7.77060,109.68842,19.000,85.23275
-7.78106,109.68516,16.000,81.58371
-7.79156,109.68187,11.000,82.98544
-7.80206,109.67856,-11.876,86.43593
-7.81255,109.67527,-30.710,90.90230
-7.82297,109.67198,-43.177,94.83539
-7.83339,109.66870,-52.526,98.55002
-7.84382,109.66544,-52.433,101.76086
-7.85422,109.66218,-46.014,104.70482
-7.86462,109.65891,-42.536,107.58376
-7.87501,109.65565,-37.696,108.42351
-7.88542,109.65239,-36.767,107.78825
-7.89584,109.64912,-37.524,102.39612
-7.90629,109.64582,-38.180,95.26979
-7.91676,109.64252,-33.127,87.70101
-7.92719,109.63925,-32.290,84.56180
-7.93759,109.63595,-33.614,84.52718
-7.94803,109.63266,-40.103,89.87971
-7.95848,109.62938,-55.781,99.85898
-7.96893,109.62610,-72.394,109.64412
-7.97937,109.62282,-95.037,117.30808
-7.98974,109.61956,-104.122,122.69197
-8.00002,109.61634,-114.418,126.63315
-8.01024,109.61313,-124.643,130.08633
-8.02048,109.60991,-127.803,134.22347
-8.03076,109.60670,-145.100,138.89562
-8.04112,109.60345,-163.880,139.87705
-8.05153,109.60019,-203.205,138.05297
-8.06194,109.59691,-237.512,126.62711
-8.07234,109.59365,-300.311,115.71550
-8.08269,109.59039,-339.049,104.86945
-8.09306,109.58713,-384.394,100.17880
-8.10351,109.58384,-437.036,96.72133
-8.11397,109.58053,-506.805,98.83079
-8.12437,109.57725,-540.418,98.82040
-8.13470,109.57399,-608.875,98.82524
-8.14497,109.57073,-656.765,112.04983
-8.15524,109.56750,-741.357,101.53415
-8.16550,109.56427,-792.664,79.19355
-8.10079,109.72714,-491.028,81.00218
-8.09076,109.73031,-469.125,77.03216
-8.08071,109.73349,-447.611,72.83978
-8.07061,109.73666,-422.321,73.28810
-8.06046,109.73985,-392.728,77.39146
-8.05029,109.74304,-359.465,83.44288
-8.04017,109.74623,-304.676,90.42915
-8.03011,109.74940,-270.169,96.67732
-8.02010,109.75255,-208.482,100.96048
-8.01013,109.75568,-167.821,103.44745
-8.00020,109.75879,-130.107,105.29557
-7.99029,109.76191,-94.515,105.14151
-7.98037,109.76502,-82.175,104.67801
-7.97044,109.76812,-78.724,102.96613
-7.96054,109.77123,-77.985,101.37910
-7.95068,109.77434,-75.823,99.93707
-7.94087,109.77743,-61.774,98.33088
-7.93105,109.78052,-50.751,96.30061
-7.92122,109.78362,-42.724,93.57324
-7.91136,109.78673,-36.137,93.25625
-7.90145,109.78987,-33.976,94.25986
-7.89148,109.79300,-30.418,99.42739
-7.88148,109.79613,-27.506,105.31254
-7.87148,109.79927,-23.980,111.69752
-7.86150,109.80240,-19.048,113.44939
-7.85146,109.80556,-16.023,111.42515
-7.84141,109.80874,-10.590,105.71424
-7.83138,109.81187,-4.365,99.32434
-7.82136,109.81502,11.000,91.42040
-7.81131,109.81819,15.000,82.20540
-7.80127,109.82136,10.000,72.09653
-7.79131,109.82447,9.000,63.48819
-7.78139,109.82758,6.000,56.40541
-7.77143,109.83072,6.000,55.63573
-7.76151,109.83383,9.000,61.05203
-7.75158,109.83695,10.000,74.08486
-7.74171,109.84005,8.000,88.85559
-7.73190,109.84314,8.000,102.50737
-7.72206,109.84621,9.000,110.82360
-7.71219,109.84932,10.000,114.71887
-7.70223,109.85246,10.000,111.19248
-7.69220,109.85560,15.000,104.48274
-7.68214,109.85877,15.000,98.14905
-7.67208,109.86192,25.000,95.81186
-7.66205,109.86508,75.000,98.44742
-7.65202,109.86824,116.000,107.59073
-7.64202,109.87139,197.000,119.92721
-7.63201,109.87453,244.000,132.13998
-7.62193,109.87770,227.000,139.27247
-7.61181,109.88087,274.000,141.06760
-7.60174,109.88400,308.000,134.81282
-7.59172,109.88713,364.000,124.90989
-7.58176,109.89026,480.000,115.49249
-7.57184,109.89337,589.000,102.31212
-7.56195,109.89647,520.000,90.55387
-7.55206,109.89956,694.000,77.51562
-7.54214,109.90267,709.000,83.70365
-7.53227,109.90577,879.000,97.46453
-7.52247,109.90886,909.000,134.71982
-7.51268,109.91195,856.000,122.64074
-7.50288,109.91505,722.000,65.27127
-7.49306,109.91812,775.000,58.53061
-7.48319,109.92120,875.000,74.35452
-7.47332,109.92429,852.000,86.57286
-7.46348,109.92736,810.000,96.23925
-7.45366,109.93045,754.000,104.49898
-7.44381,109.93356,740.000,115.09561
-7.43388,109.93667,674.000,131.08718
-7.42384,109.93982,673.000,164.41794
-7.41386,109.94296,710.000,199.03924
-7.40391,109.94606,734.000,232.53433
-7.39385,109.94923,747.000,244.61851
-7.38375,109.95240,801.000,232.58755
-7.37372,109.95553,874.000,190.02087
-7.36384,109.95860,953.000,153.15302
-7.35395,109.96169,1086.000,125.96038
-7.34405,109.96483,1185.000,121.67876
-7.33418,109.96792,1336.000,136.61982
-7.32435,109.97098,1723.000,170.22271
-7.31457,109.97404,1986.000,199.81565
-7.30471,109.97714,2080.000,220.80587
-7.29468,109.98030,2198.000,232.73527
-7.28463,109.98342,2136.000,238.25559
-7.27468,109.98656,1851.000,236.07533
-7.26478,109.98966,1769.000,229.66882
-7.25502,109.99270,1822.000,216.71976
-7.24540,109.99569,1679.000,202.14423
-7.23588,109.99869,1451.000,183.70690
-7.22642,110.00166,1264.000,169.09491
-7.21701,110.00462,1107.000,156.49471
-7.20762,110.00759,979.000,152.38546
-7.19820,110.01057,1058.000,146.90754
-7.18870,110.01355,1116.000,140.84802
-7.17907,110.01657,1125.000,132.01442
-7.16934,110.01963,1082.000,118.43860
-7.15956,110.02268,1013.000,106.56447
-7.14977,110.02574,897.000,96.11742
-7.13995,110.02881,869.000,91.54279
-7.13005,110.03190,798.000,88.73669
-7.12011,110.03502,741.000,88.28661
-7.11016,110.03811,649.000,86.71995
-7.10025,110.04120,583.000,84.95878
-7.09032,110.04432,563.000,80.12002
-7.08038,110.04743,558.000,74.03344
-7.07046,110.05055,526.000,63.93575
-7.06053,110.05364,494.000,49.87567
-7.05059,110.05675,471.000,34.47625
-7.04060,110.05989,453.000,21.10961
-7.03054,110.06305,313.000,8.92188
-7.02047,110.06618,126.000,0.67361
-7.01040,110.06932,109.000,-3.43492
-7.00033,110.07247,33.000,-6.33007
-6.99029,110.07561,22.000,-9.25266
-6.98029,110.07874,17.000,-11.19556
-6.97033,110.08185,13.000,-11.34655
-6.96038,110.08499,12.000,-7.80148
-6.95043,110.08811,10.000,-1.85804
-6.94049,110.09121,8.000,3.59283
-6.93057,110.09432,7.000,8.01724
-6.92070,110.09741,6.000,8.73323
-6.91083,110.10048,4.000,7.37639
-6.90098,110.10357,4.000,4.28628
-6.89114,110.10664,0.117,3.21551
-6.88128,110.10972,-1.507,2.25776
-6.87139,110.11282,-2.134,1.33811
-6.86153,110.11590,-1.707,-1.57469
-6.85167,110.11899,-1.887,-6.64887
-6.84179,110.12210,-2.425,-13.75844
-6.83189,110.12521,-4.445,-21.20509
-6.82196,110.12832,-6.486,-27.94533
-6.81203,110.13141,-9.132,-32.99449
-6.80209,110.13452,-11.151,-34.61031
-6.79216,110.13762,-14.795,-32.62080
-6.78223,110.14073,-21.450,-30.26214
-6.77229,110.14385,-24.949,-27.30403
-6.76232,110.14696,-29.933,-24.86260
-6.75235,110.15009,-33.985,-23.47698
-6.74239,110.15321,-36.541,-6.37447
-6.73243,110.15631,-39.299,10.79211
-6.72251,110.15940,-41.162,6.48008
-6.71256,110.16249,-42.110,2.04803
-6.70259,110.16562,-44.033,4.40104
-6.69264,110.16875,-45.590,13.38421
-6.68268,110.17187,-47.150,22.64350
-6.67269,110.17502,-48.084,24.72246
-6.66268,110.17814,-47.922,18.29874
-6.65270,110.18125,-48.184,-0.45503
-6.64272,110.18434,-47.074,-24.78062
-6.63274,110.18745,-46.201,-47.07683
-6.62276,110.19055,-45.834,-47.11438
-6.61282,110.19368,-45.328,-36.39925
-6.60284,110.19680,-43.966,-8.37259
-6.59284,110.19992,-43.146,21.30456
-6.58288,110.20303,-39.296,47.10876
-6.57289,110.20616,-37.065,50.34562
-6.56290,110.20928,-35.869,49.40068
-6.55289,110.21240,-36.607,41.46294
-6.54289,110.21552,-36.342,37.53332
-6.53292,110.21863,-37.350,35.62782
-6.52297,110.22174,-37.506,35.96543
-6.43199,110.39184,-45.679,49.94484
-6.44201,110.38871,-47.251,46.40082
-6.45202,110.38558,-48.257,41.36462
-6.46203,110.38246,-48.404,32.03251
-6.47207,110.37934,-48.364,21.79142
-6.48220,110.37618,-48.279,11.36437
-6.49236,110.37300,-47.172,7.16897
-6.50253,110.36982,-44.748,6.84505
-6.51270,110.36664,-40.916,16.15364
-6.52286,110.36345,-38.905,28.50950
-6.53297,110.36030,-35.696,41.01489
-6.54303,110.35715,-31.561,45.40638
-6.55303,110.35401,-27.996,46.79005
-6.56299,110.35089,-25.595,41.37918
-6.57292,110.34779,-23.174,33.17232
-6.58285,110.34468,-23.064,24.13266
-6.59284,110.34156,-24.199,18.05341
-6.60287,110.33843,-23.583,13.74754
-6.61291,110.33529,-22.828,14.10861
-6.62294,110.33219,-23.126,18.37622
-6.63295,110.32907,-24.485,24.76525
-6.64298,110.32593,-28.434,28.31029
-6.65305,110.32278,-29.861,29.18303
-6.66313,110.31962,-30.223,24.75707
-6.67327,110.31646,-30.092,15.54295
-6.68344,110.31328,-30.244,3.06698
-6.69359,110.31012,-30.146,-8.80023
-6.70374,110.30693,-29.472,-17.87972
-6.71393,110.30373,-28.849,-22.88385
-6.72419,110.30054,-28.677,-21.76978
-6.73449,110.29732,-28.758,-14.45296
-6.74479,110.29409,-28.771,-5.21013
-6.75505,110.29087,-27.835,-4.29672
-6.76531,110.28766,-26.511,-12.57856
-6.77557,110.28447,-23.235,-11.15998
-6.78584,110.28124,-21.275,-6.58761
-6.79613,110.27802,-19.974,-3.97619
-6.80644,110.27480,-20.712,1.85576
-6.81676,110.27155,-20.045,8.74263
-6.82704,110.26834,-21.541,18.98170
-6.83729,110.26515,-22.871,27.38615
-6.84749,110.26196,-23.310,32.12002
-6.85766,110.25878,-22.007,31.54853
-6.86782,110.25560,-19.190,29.44898
-6.87800,110.25240,-14.504,25.47544
-6.88822,110.24920,-7.122,21.48971
-6.89849,110.24599,-3.506,16.97311
-6.90884,110.24274,1.000,11.60127
-6.91923,110.23949,3.000,6.23262
-6.92958,110.23626,4.000,-0.80669
-6.93988,110.23304,7.000,-7.39135
-6.95017,110.22982,9.000,-13.16813
-6.96048,110.22659,7.000,-12.57194
-6.97079,110.22337,7.000,-9.86395
-6.98110,110.22015,57.000,-4.45929
-6.99141,110.21694,36.000,-0.76365
-7.00176,110.21371,129.000,0.02801
-7.01215,110.21047,73.000,-3.29518
-7.02258,110.20720,129.000,-5.97539
-7.03304,110.20391,89.000,-8.34350
-7.04353,110.20061,108.000,-4.39089
-7.05407,110.19731,122.000,2.96867
-7.06465,110.19400,154.000,13.81648
-7.07524,110.19068,90.000,25.08914
-7.08585,110.18737,175.000,37.94801
-7.09645,110.18406,238.000,49.42475
-7.10704,110.18075,202.000,54.15803
-7.11760,110.17744,221.000,56.48707
-7.12814,110.17414,304.000,53.58503
-7.13866,110.17083,321.000,49.82579
-7.14914,110.16754,500.000,44.74235
-7.15957,110.16427,615.000,43.05086
-7.16997,110.16100,576.000,43.64920
-7.18038,110.15773,640.000,47.76159
-7.19080,110.15446,592.000,55.69331
-7.20122,110.15120,695.000,65.22155
-7.21165,110.14794,779.000,76.63344
-7.22210,110.14467,747.000,83.59985
-7.23261,110.14137,681.000,87.44760
-7.24317,110.13806,676.000,85.26162
-7.25376,110.13475,671.000,82.45166
-7.26437,110.13144,717.000,78.19707
-7.27490,110.12818,696.000,74.30319
-7.28530,110.12491,718.000,72.89135
-7.29563,110.12166,738.000,73.17064
-7.30595,110.11845,830.000,77.81567
-7.31628,110.11520,925.000,86.97237
-7.32666,110.11197,1043.000,111.49590
-7.33703,110.10873,1132.000,139.28469
-7.34734,110.10549,1365.000,170.52773
-7.35764,110.10226,1550.000,199.92919
-7.36796,110.09901,2004.000,220.82341
-7.37822,110.09579,2347.000,223.85826
-7.38847,110.09256,2264.000,222.31917
-7.39865,110.08935,2160.000,211.06228
-7.40873,110.08619,1819.000,196.12720
-7.41875,110.08305,1647.000,176.57550
-7.42870,110.07994,1436.000,165.26020
-7.43867,110.07681,1262.000,158.00158
-7.44877,110.07365,1175.000,152.86890
-7.45893,110.07047,1085.000,152.45619
-7.46911,110.06727,1169.000,151.74020
-7.47929,110.06409,828.000,152.47050
-7.48944,110.06090,727.000,150.92348
-7.49960,110.05772,691.000,150.38924
-7.50983,110.05450,618.000,134.21835
-7.52014,110.05127,588.000,112.36943
-7.53047,110.04803,529.000,87.29204
-7.54075,110.04480,528.000,92.69722
-7.55102,110.04157,555.000,113.33410
-7.56131,110.03834,521.000,117.87638
-7.57164,110.03509,484.000,68.85585
-7.58204,110.03183,425.000,5.46912
-7.59245,110.02856,442.000,21.49669
-7.60283,110.02529,388.000,37.77712
-7.61328,110.02200,233.000,50.10795
-7.62379,110.01870,316.000,56.23378
-7.63434,110.01538,295.000,60.52424
-7.64492,110.01207,160.000,64.44430
-7.65548,110.00875,80.000,67.77307
-7.66604,110.00543,112.000,71.26401
-7.67655,110.00214,83.000,72.04151
-7.68701,109.99885,44.000,73.90425
-7.69744,109.99558,48.000,78.18367
-7.70782,109.99231,46.000,86.46908
-7.71819,109.98906,55.000,96.47251
-7.72852,109.98583,54.000,107.81117
-7.73888,109.98258,45.000,115.55553
-7.74929,109.97932,38.000,118.84783
-7.75966,109.97608,30.000,116.39944
-7.77005,109.97282,27.000,113.82383
-7.78046,109.96954,15.000,113.09507
-7.79088,109.96625,11.000,116.87427
-7.80127,109.96300,9.000,121.54471
-7.81160,109.95974,9.000,121.06534
-7.82190,109.95650,10.000,114.81110
-7.83219,109.95325,10.000,103.26738
-7.84249,109.95000,12.000,88.34808
-7.85277,109.94678,13.000,75.95219
-7.86304,109.94356,8.000,69.41837
-7.87331,109.94036,-8.354,68.28225
-7.88362,109.93714,-22.581,69.97895
-7.89396,109.93389,-23.750,76.33651
-7.90430,109.93065,-31.175,85.16064
-7.91463,109.92738,-34.729,95.80343
-7.92498,109.92411,-41.966,106.74054
-7.93532,109.92086,-45.062,117.02875
-7.94561,109.91762,-51.974,124.07913
-7.95587,109.91439,-58.752,123.55240
-7.96611,109.91115,-68.814,118.14267
-7.97639,109.90791,-93.833,108.68057
-7.98670,109.90467,-116.420,99.76194
-7.99702,109.90143,-133.413,92.05017
-8.00735,109.89819,-117.152,88.56204
-8.01772,109.89494,-90.524,87.18824
-8.02809,109.89169,-75.051,86.52515
-8.03853,109.88840,-68.805,85.78373
-8.04898,109.88510,-79.560,84.87888
-8.05943,109.88180,-140.251,86.13012
-8.06991,109.87851,-202.201,88.69251
-8.08042,109.87520,-291.340,92.77147
-8.09097,109.87187,-340.876,96.01049
-8.10154,109.86856,-404.349,98.41937
-8.11205,109.86525,-442.648,97.75005
-8.12255,109.86194,-489.811,95.01102
-8.13304,109.85864,-512.175,91.46234
-8.14351,109.85534,-539.133,85.00868
-8.15393,109.85205,-552.861,77.89539
-8.16435,109.84880,-572.106,70.10297
-8.17478,109.84550,-588.163,69.76834
-8.18523,109.84221,-625.640,74.27142
-8.19566,109.83891,-649.999,88.49799
-8.20608,109.83563,-677.937,99.65105
-7.05584,110.33817,212.000,9.95058
-7.04627,110.34116,192.000,-17.23261
-7.03665,110.34416,189.000,-28.21302
-7.02696,110.34719,184.000,-5.69133
-7.01727,110.35025,203.000,41.87142
-7.00761,110.35329,112.000,1.90693
-6.99799,110.35632,69.000,-20.87599
-6.98836,110.35934,37.000,-14.18444
-6.97873,110.36236,3.000,-16.66407
-6.96906,110.36537,1.000,-38.14559
-6.95940,110.36840,1.000,-37.74435
-6.94971,110.37143,-4.000,-30.76281
-6.93996,110.37450,-5.500,-35.22428
-6.93016,110.37756,-8.000,-40.90985
-6.92037,110.38060,-8.643,-46.03984
-6.91055,110.38368,-10.000,-50.13872
-6.90069,110.38678,-10.282,-51.90194
-6.89080,110.38989,-12.034,-41.46914
-6.88090,110.39299,-13.041,-31.94959
-6.87109,110.39605,-15.000,-32.91595
-6.86132,110.39909,-17.083,-38.77488
-6.85155,110.40214,-18.426,-46.00268
-6.84178,110.40521,-19.976,-60.26333
-6.83203,110.40827,-19.627,-52.32612
-6.82229,110.41133,-19.017,86.22391
-6.81255,110.41442,-18.961,112.43070
-6.80278,110.41749,-19.144,-49.05027
-6.79296,110.42057,-19.307,-71.07474
-6.78311,110.42363,-19.477,-48.96145
-6.77325,110.42671,-19.384,-46.71784
-6.76338,110.42979,-18.970,-45.06410
-6.75352,110.43285,-19.755,-41.30550
-6.74367,110.43593,-21.324,-39.45575
-6.73377,110.43904,-23.150,-37.48120
-6.72386,110.44214,-25.935,-21.19435
-6.71396,110.44523,-28.711,-7.19765
-6.70410,110.44830,-27.962,4.01682
-6.69425,110.45139,-26.203,8.95986
-6.68441,110.45449,-26.248,7.91628
-6.67455,110.45758,-27.649,2.25559
-6.66469,110.46066,-27.707,-2.17671
-6.65484,110.46375,-26.971,0.23262
-6.64502,110.46681,-26.836,7.73668
-6.63523,110.46988,-27.930,20.76277
-6.62547,110.47293,-28.617,28.59401
-6.61576,110.47597,-30.824,34.06330
-6.60605,110.47902,-33.178,29.72400
-6.59629,110.48206,-34.486,23.49275
-6.58651,110.48512,-35.053,14.14081
-6.57674,110.48816,-35.897,8.17415
-6.56700,110.49120,-37.079,3.89004
-6.55728,110.49423,-37.995,3.79470
-6.54758,110.49727,-37.714,4.35230
-6.53793,110.50030,-37.459,6.64732
-6.52825,110.50336,-37.798,9.14438
-6.51849,110.50642,-36.716,11.15933
-6.50868,110.50948,-35.765,12.08499
-6.49888,110.51252,-34.410,12.46457
-6.48915,110.51557,-34.134,12.26225
-6.47937,110.51865,-31.918,13.94275
-6.46950,110.52175,-27.463,18.28539
-6.45958,110.52485,-25.379,26.73943
-6.44963,110.52796,-23.052,37.03983
-6.43965,110.53108,-24.360,50.93757
-6.42962,110.53422,-27.168,61.30873
-6.41955,110.53738,-33.933,62.39659
-6.40949,110.54052,-40.468,51.01391
-6.39940,110.54368,-47.729,33.75684
-6.38930,110.54681,-49.934,6.62682
-6.37929,110.54990,-50.034,-13.81849
-8.21794,108.40387,-2033.902,83.49147
-8.20813,108.40699,-1919.317,78.84901
-8.19834,108.41011,-1821.984,74.31696
-8.18858,108.41324,-1669.813,73.66539
-8.17885,108.41636,-1421.677,76.01061
-8.16910,108.41947,-1372.871,82.53749
-8.15936,108.42258,-1395.715,90.90110
-8.14960,108.42571,-1264.000,99.44131
-8.13979,108.42884,-1078.698,107.09785
-8.12991,108.43201,-931.790,113.88678
-8.11995,108.43517,-828.638,118.90971
-8.10991,108.43836,-782.441,123.03627
-8.09981,108.44160,-453.197,123.33071
-8.08971,108.44483,-301.420,124.66251
-8.07962,108.44805,-204.610,126.04105
-8.06956,108.45127,-123.565,128.64795
-8.05954,108.45447,-99.553,133.16940
-8.04949,108.45769,-98.550,137.05150
-8.03942,108.46092,-113.279,141.32287
-8.02934,108.46415,-128.127,144.46205
-8.01923,108.46734,-140.953,147.04111
-8.00915,108.47053,-143.330,148.20457
-7.99908,108.47374,-139.752,148.18484
-7.98901,108.47695,-132.911,146.82555
-7.97895,108.48017,-123.200,145.07995
-7.96893,108.48335,-119.027,143.06532
-7.95897,108.48653,-113.830,141.15306
-7.94899,108.48974,-108.591,139.59275
-7.93901,108.49294,-103.539,138.38397
-7.92906,108.49610,-99.196,137.66369
-7.91913,108.49925,-99.865,137.72125
-7.90923,108.50242,-99.647,137.09573
-7.89937,108.50556,-93.609,136.45678
-7.88958,108.50869,-88.929,137.25043
-7.87985,108.51179,-87.979,136.53514
-7.87013,108.51490,-78.627,131.83995
-7.86040,108.51800,-68.604,126.98235
-7.85070,108.52108,-61.326,123.77298
-7.84103,108.52416,-46.064,130.29788
-7.83133,108.52726,-49.615,135.48366
-7.82162,108.53036,-69.804,127.23504
-7.81190,108.53345,-104.880,106.33769
-7.80216,108.53654,-110.141,104.80673
-7.79240,108.53965,-127.636,109.28899
-7.78264,108.54277,-132.911,112.95452
-7.77288,108.54589,-137.184,116.43912
-7.76318,108.54898,-126.320,118.75104
-7.75352,108.55207,-111.238,119.29954
-7.74387,108.55515,-101.216,118.11297
-7.73424,108.55822,-83.534,116.14213
-7.72461,108.56130,-90.404,113.02755
-7.71496,108.56437,-66.341,109.54270
-7.70532,108.56746,-37.734,105.02851
-7.69570,108.57052,-7.686,101.12726
-7.68612,108.57358,7.000,97.00318
-7.67654,108.57663,15.000,93.50841
-7.66696,108.57967,15.000,88.50919
-7.65738,108.58270,15.000,84.69698
-7.64778,108.58578,36.000,83.63538
-7.63814,108.58883,39.000,84.24716
-7.62848,108.59190,92.000,84.95819
-7.61885,108.59496,68.000,86.42595
-7.60921,108.59803,177.000,89.42485
-7.59956,108.60110,364.000,93.69823
-7.58989,108.60421,417.000,102.01882
-7.58017,108.60731,473.000,108.79028
-7.57042,108.61040,514.000,114.37512
-7.56067,108.61349,561.000,118.06835
-7.55090,108.61659,551.000,120.93702
-7.54111,108.61971,454.000,121.98087
-7.53130,108.62282,246.000,122.28937
-7.52149,108.62597,105.000,120.44669
-7.51167,108.62909,29.000,117.30133
-7.50182,108.63223,25.000,113.40633
-7.49197,108.63537,25.000,108.13360
-7.48211,108.63849,24.000,102.53129
-7.47229,108.64161,19.000,96.14233
-7.46247,108.64474,16.000,90.00053
-7.45267,108.64786,24.000,83.81648
-7.44288,108.65100,29.000,77.59465
-7.43308,108.65411,14.000,71.63920
-7.42331,108.65721,8.000,66.72945
-7.41357,108.66029,13.000,62.90458
-7.40384,108.66339,11.000,60.27022
-7.39409,108.66651,14.000,59.32144
-7.38427,108.66964,10.000,60.92034
-7.37438,108.67279,11.000,65.74347
-7.36449,108.67591,18.000,70.45986
-7.35462,108.67904,17.000,75.66248
-7.34476,108.68217,19.000,80.02655
-7.33495,108.68528,30.000,84.01753
-7.32514,108.68840,102.000,86.18439
-7.31532,108.69154,119.000,87.95972
-7.30549,108.69468,93.000,88.80208
-7.29568,108.69780,121.000,89.62625
-7.28589,108.70091,180.000,90.15036
-7.27610,108.70400,340.000,88.96865
-7.26632,108.70710,503.000,87.47130
-7.25653,108.71020,659.000,84.23702
-7.24673,108.71332,553.000,81.74168
-7.23690,108.71645,506.000,79.02664
-7.22706,108.71957,358.000,80.34292
-7.21722,108.72271,524.000,79.83263
-7.20738,108.72585,819.000,79.40678
-7.19755,108.72899,878.000,79.72819
-7.18773,108.73212,736.000,82.05150
-7.17788,108.73524,819.000,83.24837
-7.16798,108.73840,744.000,86.54733
-7.15808,108.74155,799.000,88.34607
-7.14817,108.74469,725.000,89.72930
-7.13826,108.74783,767.000,89.61328
-7.12834,108.75096,750.000,88.49065
-7.11842,108.75411,771.000,85.79057
-7.10851,108.75726,594.000,80.15172
-7.09861,108.76041,277.000,72.81064
-7.08875,108.76354,172.000,61.93143
-7.07891,108.76666,139.000,50.98192
-7.06909,108.76978,101.000,41.10809
-7.05930,108.77289,81.000,33.91085
-7.04952,108.77601,69.000,28.35516
-7.03973,108.77911,66.000,26.15302
-7.02995,108.78223,91.000,25.58483
-7.02014,108.78533,55.000,26.99270
-7.01031,108.78846,66.000,29.07656
-7.00047,108.79159,65.000,31.53047
-6.99062,108.79471,47.000,33.57373
-6.98079,108.79783,25.000,35.64181
-6.97099,108.80094,23.000,36.80023
-6.96121,108.80404,19.000,36.11285
-6.95144,108.80714,20.000,34.79443
-6.94168,108.81024,18.000,31.64246
-6.93190,108.81336,13.000,28.11487
-6.92215,108.81646,13.000,22.27729
-6.91243,108.81955,9.000,15.03610
-6.90267,108.82265,7.000,7.28356
-6.89287,108.82575,6.000,0.18960
-6.88307,108.82885,6.000,-6.48804
-6.87327,108.83195,4.000,-11.31921
-6.86344,108.83509,3.000,-14.24227
-6.85357,108.83822,4.000,-14.49409
-6.84370,108.84133,3.000,-13.31138
-6.83386,108.84447,3.000,-11.64059
-6.82402,108.84760,2.000,-8.39084
-6.81415,108.85074,-1.000,-4.70970
-6.80426,108.85386,-1.000,0.81112
-6.79438,108.85697,-0.138,5.52748
-6.78449,108.86011,0.293,9.57035
-6.77461,108.86324,-0.600,12.01990
-6.76475,108.86636,-1.268,13.44431
-6.75491,108.86950,-1.893,12.48782
-6.74502,108.87263,-3.221,10.66120
-6.73512,108.87579,-3.993,8.03751
-6.72523,108.87893,-3.889,5.38917
-6.71535,108.88206,-4.655,2.86698
-6.70551,108.88517,-4.225,1.61104
-6.69567,108.88827,-3.472,1.19133
-6.68581,108.89138,-3.290,1.41072
-6.67594,108.89451,-3.027,2.41682
-6.66608,108.89765,-4.055,3.76031
-6.65623,108.90079,-5.183,6.71195
-6.64642,108.90388,-6.407,10.73210
-6.63669,108.90698,-6.932,15.62663
-6.62697,108.91006,-7.096,20.95632
-6.61726,108.91315,-7.554,26.58632
-6.60755,108.91623,-8.311,31.45319
-6.59783,108.91930,-9.689,35.23350
-6.58811,108.92239,-10.725,36.94720
-6.57836,108.92547,-11.976,37.76534
-6.56860,108.92857,-11.171,37.63302
-6.55879,108.93168,-12.380,37.30094
-6.54891,108.93481,-14.163,36.97225
-6.53897,108.93797,-17.283,37.68647
-6.52898,108.94114,-16.684,38.39146
-6.51894,108.94433,-16.762,39.13425
-6.50888,108.94752,-16.673,39.63712
-6.49886,108.95069,-17.059,40.08028
-6.48885,108.95385,-16.839,41.31483
-6.47887,108.95702,-19.788,43.24012
-6.46892,108.96018,-22.741,46.07924
-6.45898,108.96333,-26.200,50.20105
-6.44909,108.96646,-29.903,54.95889
-6.43926,108.96956,-35.364,57.97494
-6.42946,108.97267,-38.927,59.02437
-6.41966,108.97579,-39.000,57.62177
-6.40981,108.97890,-37.350,53.46302
-6.39997,108.98204,-35.513,48.27737
-6.39015,108.98513,-35.368,39.47975
-6.38030,108.98825,-35.259,30.01215
-6.37043,108.99135,-35.968,19.71790
-6.36054,108.99447,-36.590,9.13633
-6.35064,108.99759,-37.415,-2.42351
-6.34067,109.00074,-41.665,-5.40005
-6.33069,109.00390,-46.656,-0.11238
-6.32074,109.00705,-55.351,15.34154
-6.31075,109.01022,-58.986,35.20130
-6.30068,109.01343,-60.183,57.99354
-6.29056,109.01663,-57.390,102.08274
-6.28046,109.01982,-53.922,159.64898
-6.27037,109.02302,-47.961,226.72911
-6.39141,109.12747,-43.246,26.13841
-6.40162,109.12427,-42.880,59.03647
-6.41182,109.12108,-42.566,71.95902
-6.42202,109.11786,-40.831,62.05383
-6.43223,109.11464,-38.799,29.92929
-6.44245,109.11141,-36.606,12.62714
-6.45270,109.10821,-35.696,4.70893
-6.46295,109.10499,-33.757,13.29738
-6.47322,109.10174,-32.563,27.85403
-6.48350,109.09850,-31.043,46.03535
-6.49382,109.09525,-30.762,56.06275
-6.50420,109.09199,-28.990,61.13549
-6.51460,109.08873,-30.646,59.58542
-6.52496,109.08547,-32.367,53.44278
-6.53532,109.08217,-33.066,46.26176
-6.54567,109.07890,-32.667,42.62458
-6.55599,109.07565,-29.238,42.93519
-6.56633,109.07238,-26.985,46.01084
-6.57668,109.06914,-25.435,51.59191
-6.58704,109.06588,-24.634,55.09833
-6.59744,109.06262,-24.207,52.53634
-6.60782,109.05937,-23.835,43.09017
-6.61813,109.05611,-24.507,31.34099
-6.62844,109.05284,-24.985,17.37144
-6.63878,109.04959,-25.194,8.00838
-6.64915,109.04632,-25.345,5.19206
-6.65958,109.04303,-24.192,11.43614
-6.66998,109.03977,-23.163,18.22122
-6.68037,109.03650,-21.810,24.54582
-6.69078,109.03319,-20.387,24.60828
-6.70119,109.02989,-18.941,20.68874
-6.71159,109.02661,-17.415,16.28480
-6.72198,109.02332,-14.973,17.12160
-6.73237,109.02003,-10.983,22.97901
-6.74279,109.01675,-5.391,38.26367
-6.75322,109.01346,-1.515,52.34623
-6.76362,109.01018,-1.136,60.99761
-6.77399,109.00691,-3.386,58.71026
-6.78439,109.00363,-3.789,51.02600
-6.79484,109.00035,4.000,35.82930
-6.80535,108.99704,1.000,24.02780
-6.81585,108.99373,1.000,16.48016
-6.82635,108.99041,3.000,17.92269
-6.83685,108.98710,3.000,21.87194
-6.84738,108.98379,3.000,29.44361
-6.85796,108.98044,3.000,36.35763
-6.86858,108.97708,5.000,42.50492
-6.87920,108.97371,6.000,46.49420
-6.88980,108.97038,7.000,48.23835
-6.90038,108.96705,7.000,48.24093
-6.91097,108.96370,7.000,42.32476
-6.92156,108.96036,9.000,36.83924
-6.93214,108.95703,10.000,31.68350
-6.94273,108.95369,12.000,30.63333
-6.95331,108.95035,11.000,31.10789
-6.96388,108.94700,14.000,33.34048
-6.97444,108.94367,16.000,30.10928
-6.98499,108.94033,15.000,23.48818
-6.99552,108.93700,17.000,9.60299
-7.00604,108.93369,26.000,-3.32426
-7.01659,108.93034,37.000,-11.86751
-7.02717,108.92697,39.000,-6.06044
-7.03776,108.92362,33.000,3.18409
-7.04835,108.92027,38.000,17.44803
-7.05894,108.91693,58.000,29.56127
-7.06952,108.91360,122.000,38.30338
-7.08006,108.91028,142.000,41.62242
-7.09059,108.90696,124.000,43.87999
-7.10111,108.90363,99.000,46.20039
-7.11167,108.90028,120.000,53.79272
-7.12225,108.89693,173.000,67.06819
-7.13286,108.89358,235.000,83.71962
-7.14350,108.89022,562.000,108.82836
-7.15414,108.88688,701.000,135.21394
-7.16476,108.88353,617.000,164.86546
-7.17536,108.88019,282.000,138.70723
-7.18595,108.87684,364.000,99.11995
-7.19656,108.87347,738.000,83.85854
-7.20719,108.87009,570.000,99.79215
-7.21783,108.86672,310.000,110.88708
-7.22848,108.86334,266.000,97.33126
-7.23910,108.85998,326.000,92.53605
-7.24975,108.85664,212.000,93.91260
-7.26044,108.85327,277.000,100.14853
-7.27113,108.84990,214.000,103.89199
-7.28182,108.84653,160.000,102.47029
-7.29251,108.84313,291.000,100.70757
-7.30319,108.83978,282.000,99.13816
-7.31384,108.83642,361.000,97.72299
-7.32446,108.83308,198.000,97.73935
-7.33508,108.82971,67.000,98.64472
-7.34572,108.82634,31.000,101.30641
-7.35637,108.82297,36.000,103.67781
-7.36697,108.81961,44.000,106.19292
-7.37756,108.81625,29.000,102.39361
-7.38818,108.81290,30.000,93.34498
-7.39883,108.80953,34.000,81.26150
-7.40949,108.80617,90.000,68.49796
-7.42011,108.80281,134.000,57.58745
-7.43074,108.79944,188.000,50.61034
-7.44141,108.79607,98.000,51.78841
-7.45209,108.79268,64.000,56.19723
-7.46275,108.78933,21.000,64.63224
-7.47341,108.78595,6.000,73.46763
-7.48406,108.78257,11.000,82.13681
-7.49469,108.77919,8.000,84.00646
-7.50533,108.77582,12.000,82.97692
-7.51594,108.77246,5.000,79.12661
-7.52656,108.76909,4.000,74.73603
-7.53714,108.76572,4.000,72.53605
-7.54771,108.76235,8.000,75.36175
-7.55827,108.75902,9.000,83.45368
-7.56881,108.75569,12.000,93.41621
-7.57935,108.75235,10.000,105.06481
-7.58991,108.74901,8.000,114.70133
-7.60051,108.74566,8.000,121.61393
-7.61113,108.74232,4.000,124.71308
-7.62176,108.73895,3.000,126.62569
-7.63242,108.73557,29.000,126.85635
-7.64311,108.73219,128.000,123.04527
-7.65384,108.72880,194.000,117.17200
-7.66457,108.72541,126.000,110.34615
-7.67530,108.72200,66.000,105.27000
-7.68602,108.71858,3.859,101.58382
-7.69672,108.71520,-50.215,103.66058
-7.70743,108.71181,-74.437,109.15736
-7.71814,108.70839,-78.684,114.70781
-7.72881,108.70499,-74.121,119.11246
-7.73947,108.70161,-56.735,121.52594
-7.75017,108.69822,-45.098,122.09158
-7.76090,108.69482,-63.137,120.49106
-7.77166,108.69141,-105.371,117.89509
-7.78239,108.68803,-113.387,113.45596
-7.79306,108.68466,-121.514,109.72540
-7.80371,108.68130,-120.481,104.47626
-7.81436,108.67794,-105.793,94.10841
-7.82503,108.67457,-89.235,86.89781
-7.83569,108.67119,-80.311,79.92035
-7.84637,108.66781,-71.064,72.55338
-7.85705,108.66442,-68.807,120.24372
-7.86771,108.66102,-74.567,166.14500
-7.87838,108.65763,-85.879,122.16383
-7.88910,108.65422,-100.662,103.19747
-7.89983,108.65081,-108.316,105.81156
-7.91056,108.64742,-113.251,107.93262
-7.92128,108.64403,-113.856,112.46910
-7.93198,108.64064,-109.523,119.20891
-7.94269,108.63723,-105.103,129.62435
-7.95340,108.63380,-102.985,142.13379
-7.96408,108.63042,-99.970,154.62667
-7.97475,108.62703,-101.136,159.52366
-7.98540,108.62366,-101.823,160.44581
-7.99607,108.62030,-97.706,153.75390
-8.00670,108.61693,-98.272,143.80748
-8.01731,108.61355,-94.338,132.93586
-8.02794,108.61018,-89.851,130.48685
-8.03857,108.60681,-89.527,134.16410
-8.04921,108.60344,-88.634,144.36007
-8.05986,108.60005,-100.543,165.99549
-8.07050,108.59664,-99.198,178.29191
-8.09621,108.73432,-92.108,155.42360
-8.08625,108.73745,-82.647,148.35301
-8.07630,108.74058,-78.503,145.19445
-8.06634,108.74371,-78.395,143.53753
-8.05635,108.74685,-84.340,147.95837
-8.04633,108.75000,-91.849,151.10960
-8.03627,108.75316,-101.713,150.24834
-8.02619,108.75632,-111.546,141.49784
-8.01607,108.75950,-122.687,129.37117
-8.00592,108.76269,-123.442,116.81983
-7.99577,108.76586,-118.389,108.56012
-7.98562,108.76906,-111.946,110.04762
-7.97547,108.77227,-107.418,120.71309
-7.96532,108.77547,-103.945,131.33285
-7.95519,108.77865,-99.713,127.28110
-7.94510,108.78184,-95.653,111.68178
-7.93501,108.78502,-94.511,89.01701
-7.92494,108.78819,-91.483,106.63435
-7.91488,108.79135,-90.154,127.10264
-7.90482,108.79449,-86.773,91.61605
-7.89477,108.79762,-79.116,7.16407
-7.88476,108.80074,-75.638,-79.89139
-7.87477,108.80386,-77.688,-57.06506
-7.86477,108.80700,-72.357,-25.15385
-7.85480,108.81015,-63.372,23.61859
-7.84481,108.81329,-55.542,65.42495
-7.83478,108.81645,-54.200,104.75873
-7.82476,108.81959,-47.440,113.21330
-7.81477,108.82271,-40.903,112.80675
-7.80480,108.82584,-30.643,94.23420
-7.79483,108.82898,-10.381,73.94420
-7.78485,108.83211,-6.082,50.25066
-7.77487,108.83524,-22.902,41.63467
-7.76485,108.83839,-33.656,42.74472
-7.75481,108.84155,-31.367,62.55221
-7.74476,108.84470,12.398,89.03192
-7.73472,108.84786,86.000,122.63490
-7.72467,108.85103,101.000,149.89652
-7.71459,108.85420,80.000,167.36422
-7.70448,108.85736,14.000,166.26308
-7.69435,108.86053,-4.995,153.94161
-7.68421,108.86371,-4.567,131.92212
-7.67407,108.86690,-2.802,104.62276
-7.66393,108.87005,3.000,81.78300
-7.65382,108.87319,2.000,69.64391
-7.64373,108.87635,1.000,65.47235
-7.63366,108.87949,1.000,66.38704
-7.62361,108.88267,1.000,66.14910
-7.61355,108.88585,2.000,60.44864
-7.60349,108.88899,2.000,45.12290
-7.59342,108.89214,1.000,26.30334
-7.58334,108.89531,3.000,5.34388
-7.57327,108.89848,3.000,-11.58311
-7.56319,108.90164,3.000,-23.05964
-7.55311,108.90477,8.000,-25.45527
-7.54304,108.90792,15.000,-22.27738
-7.53300,108.91108,10.000,-17.05294
-7.52295,108.91425,20.000,-8.30545
-7.51291,108.91739,48.000,-0.03470
-7.50291,108.92051,233.000,7.68111
-7.49294,108.92362,92.000,11.90819
-7.48298,108.92675,75.000,15.38308
-7.47301,108.92989,144.000,18.03430
-7.46304,108.93303,206.000,21.47788
-7.45305,108.93617,94.000,27.03702
-7.44307,108.93928,100.000,36.07874
-7.43309,108.94241,146.000,46.77583
-7.42310,108.94555,248.000,60.03497
-7.41314,108.94865,128.000,72.68370
-7.40322,108.95175,203.000,83.82224
-7.39332,108.95484,237.000,88.83318
-7.38347,108.95792,222.000,91.17082
-7.37362,108.96100,256.000,88.50972
-7.36374,108.96408,218.000,86.57006
-7.35380,108.96721,320.000,87.91001
-7.34383,108.97034,395.000,95.07657
-7.33384,108.97347,413.000,104.56498
-7.32381,108.97660,257.000,107.75488
-7.31379,108.97975,243.000,105.79227
-7.30377,108.98288,152.000,91.24442
-7.29376,108.98600,141.000,70.94713
-7.28376,108.98914,122.000,49.50077
-7.27371,108.99231,151.000,41.66298
-7.26361,108.99549,130.000,40.28050
-7.25350,108.99864,155.000,53.12317
-7.24343,109.00178,220.000,75.91130
-7.23335,109.00494,243.000,101.53482
-7.22325,109.00811,283.000,100.96227
-7.21315,109.01127,306.000,94.05694
-7.20303,109.01444,246.000,78.08062
-7.19287,109.01763,180.000,65.68381
-7.18271,109.02080,166.000,58.40822
-7.17258,109.02395,185.000,68.03688
-7.16246,109.02712,204.000,79.19858
-7.15232,109.03032,159.000,93.35258
-7.14219,109.03348,251.000,97.36069
-7.13205,109.03666,188.000,90.93034
-7.12192,109.03982,104.000,71.18850
-7.11179,109.04296,82.000,52.22118
-7.10171,109.04611,65.000,33.30146
-7.09159,109.04929,63.000,25.00223
-7.08141,109.05248,68.000,24.72922
-7.07122,109.05567,80.000,36.01138
-7.06104,109.05885,83.000,50.30382
-7.05086,109.06204,67.000,67.65223
-7.04068,109.06520,59.000,88.38554
-7.03055,109.06837,56.000,107.57307
-7.02042,109.07155,51.000,121.19165
-7.01026,109.07472,46.000,124.71452
-7.00007,109.07791,41.000,123.09954
-6.98983,109.08113,34.000,102.96731
-6.97958,109.08433,31.000,78.29981
-6.96934,109.08752,25.000,48.17150
-6.95916,109.09070,21.000,26.43177
-6.94899,109.09389,18.000,8.90426
-6.93883,109.09708,16.000,2.71924
-6.92865,109.10027,13.000,1.18137
-6.91847,109.10344,14.000,6.89003
-6.90824,109.10664,8.000,14.99136
-6.89797,109.10984,9.000,23.43634
-6.88767,109.11305,8.000,31.31726
-6.87735,109.11627,5.000,35.07380
-6.86702,109.11951,2.000,33.51457
-6.85668,109.12273,0.000,25.20046
-6.84634,109.12595,0.225,17.80806
-6.83602,109.12918,-3.978,12.28632
-6.82571,109.13240,-5.490,15.00475
-6.81538,109.13563,-6.751,23.46470
-6.80506,109.13885,-7.707,37.67396
-6.79478,109.14208,-10.459,49.50754
-6.78448,109.14529,-11.000,60.15696
-6.77420,109.14851,-13.732,64.71318
-6.76393,109.15172,-13.837,64.84477
-6.75367,109.15493,-13.637,57.62084
-6.74342,109.15811,-14.933,46.94919
-6.73320,109.16130,-18.296,34.68007
-6.72299,109.16448,-21.288,17.86335
-6.71282,109.16767,-23.484,2.12855
-6.70265,109.17085,-25.289,-10.50571
-6.69246,109.17404,-26.353,-14.46741
-6.68228,109.17721,-28.208,-14.54674
-6.67212,109.18039,-29.008,-4.86058
-6.66200,109.18356,-29.201,6.33002
-6.65188,109.18670,-30.412,18.47424
-6.64176,109.18985,-31.739,23.88824
-6.63161,109.19304,-32.711,26.39270
-6.62143,109.19621,-33.777,23.06899
-6.61128,109.19939,-36.370,19.67679
-6.60108,109.20258,-37.546,17.55542
-6.59088,109.20575,-39.660,23.15160
-6.58074,109.20891,-40.662,30.67198
-6.57058,109.21211,-42.103,41.37206
-6.56036,109.21530,-42.502,50.28345
-6.55010,109.21852,-42.525,56.79823
-6.53977,109.22171,-43.887,53.48357
-6.52941,109.22493,-44.966,46.87611
-6.51906,109.22815,-44.000,34.28448
-6.50873,109.23137,-42.305,14.21111
-6.49840,109.23460,-40.533,-8.47690
-6.48805,109.23782,-39.281,-26.81122
-6.47766,109.24106,-33.400,-34.15286
-6.46726,109.24430,-31.304,-33.08552
-6.45683,109.24755,-29.323,-13.92647
-6.44639,109.25082,-28.731,7.49862
-6.43600,109.25407,-28.351,26.68113
-6.42562,109.25730,-29.106,29.29194
-6.41523,109.26051,-32.378,26.54477
-6.41187,109.40403,-45.478,-89.12789
-6.42182,109.40093,-46.733,-85.02280
-6.43176,109.39781,-48.392,-75.80088
-6.44171,109.39467,-47.853,-58.65063
-6.45172,109.39155,-46.757,-40.23570
-6.46169,109.38843,-45.413,-18.97558
-6.47164,109.38531,-42.080,4.18548
-6.48162,109.38219,-41.374,30.37120
-6.49163,109.37907,-41.780,25.20452
-6.50166,109.37595,-41.507,13.18286
-6.51167,109.37283,-40.981,4.61064
-6.52164,109.36974,-39.636,-4.75042
-6.53160,109.36662,-37.708,-14.09882
-6.54156,109.36350,-37.264,-14.17873
-6.55152,109.36037,-35.460,-12.59116
-6.56149,109.35726,-34.080,-6.66510
-6.57142,109.35416,-34.664,1.33579
-6.58131,109.35105,-36.578,11.93092
-6.59116,109.34796,-38.661,20.52431
-6.60097,109.34489,-44.190,27.33254
-6.61072,109.34183,-46.295,27.54643
-6.62043,109.33881,-44.688,24.00957
-6.63011,109.33579,-40.610,13.98517
-6.63979,109.33275,-38.046,-1.34102
-6.64952,109.32971,-36.971,-19.19237
-6.65928,109.32666,-36.030,-30.81363
-6.66909,109.32361,-34.836,-38.80956
-6.67890,109.32055,-34.247,-36.30554
-6.68869,109.31750,-36.249,-27.10940
-6.69848,109.31443,-37.737,-10.81336
-6.70833,109.31136,-38.779,1.44565
-6.71825,109.30826,-38.756,10.81124
-6.72823,109.30513,-38.204,10.84605
-6.73825,109.30199,-35.035,6.56004
-6.74828,109.29886,-32.419,-3.29588
-6.75832,109.29574,-30.174,-16.81780
-6.76836,109.29262,-25.091,-30.10904
-6.77839,109.28949,-21.833,-42.77204
-6.78843,109.28634,-17.065,-51.93270
-6.79847,109.28320,-14.722,-57.68332
-6.80851,109.28006,-10.663,-45.41303
-6.81855,109.27691,-9.437,-30.45903
-6.82861,109.27377,-9.164,-10.18605
-6.83866,109.27061,-10.172,6.99037
-6.84868,109.26747,-9.261,21.84683
-6.85865,109.26435,-4.796,23.60159
-6.86862,109.26124,-0.744,21.26581
-6.87864,109.25809,7.000,13.30367
-6.88871,109.25494,5.000,5.46326
-6.89883,109.25178,6.000,-2.31263
-6.90902,109.24859,12.000,-3.38696
-6.91927,109.24539,17.000,-0.88126
-6.92953,109.24220,22.000,5.83837
-6.93978,109.23899,25.000,12.97428
-6.95003,109.23579,37.000,21.10740
-6.96027,109.23258,46.000,22.70961
-6.97052,109.22937,49.000,20.91917
-6.98079,109.22615,121.000,15.56482
-6.99109,109.22293,136.000,11.03326
-7.00144,109.21969,76.000,7.55440
-7.01181,109.21644,74.000,11.91431
-7.02218,109.21319,112.000,22.46096
-7.03254,109.20995,139.000,35.15602
-7.04287,109.20671,120.000,44.72946
-7.05316,109.20349,184.000,51.55821
-7.06342,109.20028,407.000,54.03288
-7.07364,109.19708,510.000,53.98268
-7.08385,109.19389,515.000,53.79849
-7.09402,109.19070,552.000,55.01014
-7.10414,109.18752,633.000,59.02636
-7.11423,109.18434,725.000,66.42795
-7.12431,109.18120,765.000,82.95023
-7.13439,109.17803,811.000,103.93619
-7.14447,109.17488,788.000,129.11941
-7.15450,109.17173,842.000,153.10675
-7.16450,109.16862,910.000,175.19544
-7.17449,109.16550,957.000,191.78924
-7.18447,109.16238,1137.000,202.46540
-7.19442,109.15925,1155.000,210.47298
-7.20435,109.15614,1444.000,208.09731
-7.21432,109.15301,1746.000,198.53034
-7.22426,109.14990,1756.000,191.46050
-7.23422,109.14679,1743.000,185.91628
-7.24422,109.14365,1716.000,189.13799
-7.25423,109.14051,1810.000,192.46155
-7.26424,109.13738,1765.000,205.34874
-7.27418,109.13425,1801.000,218.89024
-7.28410,109.13114,1768.000,232.22362
-7.29409,109.12799,1541.000,233.56124
-7.30416,109.12484,1417.000,223.86751
-7.31427,109.12170,1241.000,203.99228
-7.32442,109.11852,1096.000,176.43305
-7.33459,109.11535,706.000,147.95330
-7.34479,109.11216,541.000,122.08070
-7.35500,109.10896,479.000,101.52974
-7.36521,109.10574,370.000,86.88007
-7.37543,109.10252,274.000,77.80599
-7.38563,109.09930,193.000,71.20158
-7.39587,109.09609,181.000,64.98508
-7.40612,109.09289,186.000,59.70369
-7.41638,109.08969,131.000,55.16851
-7.42665,109.08648,139.000,56.20934
-7.43692,109.08325,151.000,59.74581
-7.44718,109.08004,200.000,65.36789
-7.45745,109.07681,52.000,64.71989
-7.46774,109.07358,64.000,61.14498
-7.47807,109.07036,59.000,48.05704
-7.48841,109.06712,32.000,35.26286
-7.49877,109.06386,36.000,25.75367
-7.50914,109.06061,34.000,30.39618
-7.51950,109.05735,33.000,38.86722
-7.52985,109.05411,29.000,52.90215
-7.54017,109.05088,29.000,64.92185
-7.55047,109.04765,70.000,74.47547
-7.56076,109.04442,141.000,79.50489
-7.57103,109.04118,107.000,84.93674
-7.58130,109.03795,182.000,90.89751
-7.59159,109.03471,107.000,96.39548
-7.60185,109.03149,33.000,99.77281
-7.61209,109.02827,19.000,98.27795
-7.62228,109.02506,30.000,94.86282
-7.63243,109.02187,5.000,89.90565
-7.64255,109.01870,3.000,85.10619
-7.65266,109.01551,3.000,81.65449
-7.66277,109.01234,4.000,82.04148
-7.67288,109.00918,3.000,83.83149
-7.68296,109.00602,1.000,86.60773
-7.69305,109.00285,10.000,87.15290
-7.70320,108.99966,8.000,87.47251
-7.71339,108.99646,6.000,88.01539
-7.72367,108.99325,-6.110,92.99253
-7.73397,108.99001,-4.500,100.38841
-7.74425,108.98679,70.000,110.68711
-7.75453,108.98356,93.000,118.68977
-7.76486,108.98031,112.000,120.78997
-7.77521,108.97707,-47.000,117.12028
-7.78556,108.97383,-29.353,112.25499
-7.79591,108.97056,-33.958,107.50235
-7.80628,108.96730,-17.322,103.89155
-7.81663,108.96404,-6.536,100.66019
-7.82697,108.96078,-66.864,96.76918
-7.83732,108.95752,-77.914,93.49528
-7.84766,108.95426,-95.728,91.09989
-7.85804,108.95101,-88.983,90.84915
-7.86844,108.94775,-78.118,91.56810
-7.87882,108.94450,-69.007,92.33159
-7.88918,108.94126,-59.901,94.00344
-7.89955,108.93802,-54.019,96.58863
-7.90989,108.93477,-41.782,103.46983
-7.92020,108.93153,-43.175,112.11022
-7.93046,108.92830,-73.497,121.09422
-7.94072,108.92504,-91.040,125.31953
-7.95100,108.92180,-109.140,127.46428
-7.96127,108.91858,-113.185,135.71458
-7.97154,108.91536,-112.010,143.15028
-7.98182,108.91213,-106.411,148.33914
-7.99207,108.90890,-88.856,153.65720
-8.00232,108.90567,-79.026,158.23699
-8.01257,108.90244,-79.696,161.23668
-8.02283,108.89923,-93.821,162.15610
-8.03310,108.89602,-110.764,160.99089
-8.04337,108.89278,-150.721,159.04942
-8.05369,108.88953,-177.676,158.56917
-7.94051,109.06721,-71.026,73.30939
-7.93044,109.07037,-52.662,73.85306
-7.92037,109.07353,-62.431,71.23527
-7.91026,109.07671,-78.426,65.87346
-7.90014,109.07989,-89.942,59.49443
-7.89003,109.08308,-90.590,54.45573
-7.87991,109.08626,-94.835,51.71597
-7.86981,109.08944,-97.655,51.13468
-7.85972,109.09260,-98.959,48.65027
-7.84963,109.09578,-107.423,44.73788
-7.83951,109.09898,-104.196,36.73194
-7.82940,109.10216,-98.570,30.34154
-7.81930,109.10533,-83.247,26.44744
-7.80922,109.10850,-61.205,29.02261
-7.79915,109.11165,-35.358,33.84035
-7.78911,109.11480,-17.851,45.30769
-7.77907,109.11795,-18.854,56.09101
-7.76900,109.12112,-29.961,64.82777
-7.75891,109.12429,-26.688,67.25844
-7.74877,109.12748,-12.781,67.41554
-7.73863,109.13067,-7.821,65.25539
-7.72848,109.13384,-15.214,65.07560
-7.71834,109.13702,-21.896,67.71043
-7.70824,109.14020,-23.161,72.68800
-7.69815,109.14338,-16.191,77.68175
-7.68807,109.14656,-4.493,79.96606
-7.67797,109.14974,9.000,78.56058
-7.66783,109.15292,7.000,72.36924
-7.65771,109.15610,8.000,64.02751
-7.64758,109.15927,4.000,56.28059
-7.63746,109.16243,6.000,50.85172
-7.62737,109.16559,7.000,48.51017
-7.61730,109.16875,7.000,49.54300
-7.60723,109.17190,7.000,51.55978
-7.59714,109.17507,8.000,52.41856
-7.58701,109.17826,9.000,51.13434
-7.57684,109.18147,11.000,49.23074
-7.56660,109.18468,12.000,47.44837
-7.55634,109.18789,14.000,48.74118
-7.54609,109.19111,17.000,50.53978
-7.53584,109.19432,17.000,52.84359
-7.52557,109.19754,17.000,53.64025
-7.51525,109.20077,96.000,53.35605
-7.50491,109.20403,198.000,51.84091
-7.49455,109.20728,120.000,51.07271
-7.48421,109.21051,26.000,50.50203
-7.47388,109.21375,25.000,51.15567
-7.46354,109.21700,33.000,51.63521
-7.45319,109.22024,43.000,52.26446
-7.44285,109.22348,86.000,51.08019
-7.43250,109.22672,72.000,48.76946
-7.42212,109.22997,80.000,44.76464
-7.41172,109.23323,96.000,39.88721
-7.40133,109.23650,114.000,33.73389
-7.39098,109.23975,144.000,28.74976
-7.38065,109.24300,176.000,25.32940
-7.37032,109.24623,224.000,21.13956
-7.36001,109.24946,244.000,21.22606
-7.34972,109.25268,350.000,30.15964
-7.33943,109.25593,415.000,43.43621
-7.32909,109.25920,493.000,78.94553
-7.31873,109.26245,533.000,145.52320
-7.30835,109.26569,592.000,120.99614
-7.29798,109.26894,699.000,83.40405
-7.28762,109.27218,764.000,102.71675
-7.27726,109.27545,877.000,116.03564
-7.26687,109.27871,1000.000,125.10545
-7.25645,109.28198,1086.000,138.55214
-7.24602,109.28524,1101.000,149.35651
-7.23557,109.28851,1182.000,156.32575
-7.22513,109.29177,1222.000,162.19834
-7.21472,109.29501,1202.000,164.43760
-7.20437,109.29822,1143.000,158.39812
-7.19407,109.30146,1132.000,147.42178
-7.18376,109.30469,896.000,134.61746
-7.17349,109.30791,652.000,123.12306
-7.16320,109.31113,572.000,110.88225
-7.15290,109.31435,481.000,99.89547
-7.14263,109.31759,483.000,86.89041
-7.13234,109.32083,358.000,72.42047
-7.12210,109.32404,234.000,56.01266
-7.11193,109.32723,218.000,42.11051
-7.10176,109.33042,199.000,30.31305
-7.09158,109.33362,197.000,23.13194
-7.08139,109.33683,179.000,19.06725
-7.07120,109.34001,179.000,17.54640
-7.06101,109.34320,212.000,17.26787
-7.05082,109.34637,162.000,17.43845
-7.04064,109.34953,145.000,19.02858
-7.03047,109.35273,112.000,21.29103
-7.02032,109.35591,103.000,24.06346
-7.01017,109.35909,99.000,26.05818
-7.00000,109.36228,96.000,27.45428
-6.98979,109.36546,64.000,26.29400
-6.97955,109.36865,63.000,22.77277
-6.96931,109.37186,73.000,16.35463
-6.95904,109.37508,62.000,8.40329
-6.94873,109.37830,24.000,-0.04987
-6.93839,109.38153,16.000,-7.24133
-6.92803,109.38475,13.000,-11.41556
-6.91765,109.38800,15.000,-12.25045
-6.90725,109.39123,13.000,-10.96944
-6.89685,109.39447,12.000,-9.23955
-6.88644,109.39773,6.000,-7.54813
-6.87601,109.40102,4.000,-5.65262
-6.86558,109.40432,3.000,-3.14168
-6.85515,109.40761,6.000,0.34925
-6.84474,109.41086,-1.157,3.83238
-6.83435,109.41410,-3.615,7.24636
-6.82401,109.41733,-7.219,8.82870
-6.81371,109.42054,-7.926,9.72533
-6.80340,109.42374,-12.430,10.78031
-6.79308,109.42697,-18.075,12.13191
-6.78274,109.43020,-17.832,13.54473
-6.77236,109.43346,-17.308,12.97005
-6.76194,109.43673,-18.774,9.49420
-6.75152,109.43997,-20.351,3.76822
-6.74113,109.44321,-22.891,-3.40108
-6.73078,109.44645,-24.317,-10.34031
-6.72048,109.44968,-28.300,-14.75450
-6.71019,109.45289,-30.389,-10.52670
-6.69990,109.45611,-32.811,-2.66883
-6.68963,109.45934,-33.804,8.70031
-6.67936,109.46255,-35.031,17.62010
-6.66910,109.46573,-35.601,22.74128
-6.65884,109.46893,-35.289,18.93405
-6.64860,109.47214,-35.383,12.74760
-6.63838,109.47531,-35.887,6.98612
-6.62817,109.47851,-37.568,4.69788
-6.61797,109.48172,-38.853,5.78659
-6.60776,109.48490,-41.489,12.97349
-6.59754,109.48810,-42.686,20.49466
-6.58730,109.49131,-42.070,25.77739
-6.57700,109.49455,-39.648,29.77039
-6.56664,109.49776,-35.945,33.71732
-6.55626,109.50100,-33.851,36.87826
-6.54587,109.50424,-33.427,23.69127
-6.53545,109.50750,-38.187,-9.32125
-6.52500,109.51075,-41.569,-8.82562
-6.51456,109.51400,-42.862,17.63263
-6.50418,109.51723,-42.416,43.35346
-6.49387,109.52044,-39.430,47.02249
-6.48357,109.52367,-37.809,45.06983
-6.47327,109.52692,-35.028,40.59392
-6.46296,109.53016,-33.586,36.71457
-6.45267,109.53337,-32.375,32.29142
-6.51002,109.65801,-44.600,41.98520
-6.52024,109.65482,-44.401,47.48105
-6.53050,109.65163,-44.536,54.68115
-6.54081,109.64841,-44.823,58.28172
-6.55115,109.64518,-45.886,49.90961
-6.56146,109.64196,-46.028,12.28338
-6.57175,109.63874,-42.753,1.55910
-6.58206,109.63553,-39.115,30.66494
-6.59234,109.63231,-33.983,37.88490
-6.60259,109.62912,-28.601,42.61205
-6.61284,109.62593,-28.031,56.50303
-6.62309,109.62274,-29.004,71.00492
-6.63331,109.61955,-27.746,86.81750
-6.64351,109.61636,-26.905,91.42244
-6.65365,109.61317,-26.460,83.25155
-6.66378,109.61002,-25.703,64.15769
-6.67388,109.60685,-26.982,44.64249
-6.68396,109.60369,-28.327,24.84501
-6.69402,109.60053,-29.032,14.44035
-6.70407,109.59739,-29.084,13.43928
-6.71413,109.59423,-27.658,21.80519
-6.72426,109.59108,-24.178,32.90871
-6.73439,109.58793,-22.129,44.40563
-6.74451,109.58477,-18.933,51.81386
-6.75460,109.58160,-13.923,55.55046
-6.76468,109.57845,-11.277,55.66091
-6.77477,109.57531,-9.889,54.76634
-6.78483,109.57215,-8.568,53.17731
-6.79487,109.56901,-7.654,47.39800
-6.80486,109.56589,-6.624,37.91761
-6.81482,109.56277,-3.971,25.22366
-6.82477,109.55966,1.412,16.69938
-6.83470,109.55655,1.000,10.37641
-6.84464,109.55343,4.000,12.43513
-6.85458,109.55033,5.000,15.98411
-6.86452,109.54720,7.000,21.60165
-6.87447,109.54408,7.000,23.38570
-6.88442,109.54097,9.000,24.24982
-6.89438,109.53786,13.000,24.59943
-6.90438,109.53475,13.000,26.54498
-6.91442,109.53162,10.000,30.26286
-6.92448,109.52848,15.000,30.79740
-6.93454,109.52531,12.000,30.18794
-6.94462,109.52214,17.000,24.75910
-6.95473,109.51900,16.000,18.25415
-6.96482,109.51584,16.000,10.13779
-6.97491,109.51271,18.000,6.40813
-6.98502,109.50956,19.000,4.42555
-6.99516,109.50636,23.000,5.79437
-7.00532,109.50317,28.000,7.37464
-7.01546,109.49999,30.000,8.90682
-7.02560,109.49681,47.000,9.94896
-7.03571,109.49366,78.000,11.56618
-7.04583,109.49050,61.000,14.94554
-7.05596,109.48733,99.000,21.10940
-7.06612,109.48415,101.000,29.54673
-7.07630,109.48098,148.000,39.58280
-7.08652,109.47777,199.000,49.40128
-7.09673,109.47458,269.000,58.16698
-7.10693,109.47135,247.000,64.57458
-7.11719,109.46814,215.000,70.30983
-7.12743,109.46495,273.000,71.98530
-7.13757,109.46177,551.000,74.01523
-7.14764,109.45861,556.000,76.34695
-7.15771,109.45545,457.000,83.76085
-7.16785,109.45227,830.000,89.87887
-7.17805,109.44907,772.000,104.00530
-7.18824,109.44587,781.000,114.66815
-7.19836,109.44269,739.000,120.89222
-7.20845,109.43953,584.000,119.20851
-7.21856,109.43637,646.000,111.01122
-7.22867,109.43320,727.000,97.53089
-7.23877,109.43004,897.000,83.09417
-7.24884,109.42689,563.000,66.55792
-7.25890,109.42373,332.000,64.14546
-7.26901,109.42057,264.000,72.53514
-7.27918,109.41741,211.000,84.88315
-7.83703,109.24233,-69.635,141.54868
-7.84769,109.23897,-62.226,143.79438
-7.85836,109.23561,-48.058,133.90746
-7.86905,109.23229,-39.521,121.49411
-7.87974,109.22894,-43.963,113.63284
-7.89041,109.22559,-62.026,108.18407
-7.90107,109.22225,-98.374,103.96582
-7.91172,109.21890,-121.685,102.78251
-7.92237,109.21556,-141.364,106.72617
-7.93301,109.21219,-140.448,116.25925
-7.94365,109.20883,-117.847,133.22210
-7.95434,109.20547,-82.373,145.82650
-7.96503,109.20210,-64.977,149.93741
-7.98282,109.33811,-37.463,-147.77468
-7.97261,109.34132,-36.061,113.90038
-7.96243,109.34454,-40.855,266.20828
-7.95227,109.34775,-48.313,284.88507
-7.94209,109.35096,-54.909,245.41781
-7.93189,109.35417,-58.457,192.03704
-7.92167,109.35737,-56.126,160.95659
-7.91146,109.36056,-51.243,141.76598
-7.90126,109.36377,-48.555,130.73183
-7.89106,109.36698,-45.703,126.20761
-7.88086,109.37018,-44.644,127.04522
-7.87071,109.37336,-47.932,129.62754
-7.86060,109.37654,-51.964,130.99593
-7.85050,109.37973,-56.053,137.61016
-7.84039,109.38291,-51.098,78.00711
-7.83025,109.38610,-48.826,55.43790
-7.82010,109.38928,-36.499,75.74469
-7.80997,109.39246,-25.916,105.34633
-7.79986,109.39563,-22.437,111.69378
-7.78974,109.39881,-31.974,121.74386
-7.77960,109.40200,-23.772,126.57396
-7.76943,109.40520,80.611,137.19180
-7.75924,109.40841,155.000,133.57851
-7.74904,109.41163,156.000,131.82950
-7.73885,109.41483,219.000,130.72898
-7.72866,109.41802,258.000,129.57304
-7.71851,109.42121,269.000,122.35254
-7.70843,109.42437,288.000,128.70838
-7.69840,109.42751,321.000,130.96542
-7.68837,109.43067,312.000,136.63646
-7.67829,109.43386,219.000,143.83626
-7.66816,109.43705,85.000,151.23734
-7.65799,109.44025,42.000,142.29661
-7.64777,109.44346,54.000,134.70751
-7.63750,109.44669,66.000,127.62795
-7.62718,109.44993,57.000,117.09422
-7.61685,109.45317,80.000,112.78367
-7.60650,109.45641,51.000,109.30339
-7.59616,109.45964,39.000,116.93514
-7.58585,109.46286,68.000,127.10435
-7.57555,109.46608,122.000,129.13140
-7.56521,109.46933,267.000,117.62942
-7.55492,109.47258,176.000,124.71240
-7.54468,109.47580,265.000,124.94030
-7.53447,109.47902,194.000,120.62487
-7.52424,109.48223,178.000,122.10087
-7.51397,109.48544,272.000,121.53505
-7.50359,109.48869,132.000,120.54014
-7.49318,109.49194,96.000,111.72545
-7.48272,109.49524,84.000,103.08139
-7.47221,109.49853,91.000,105.30779
-7.46174,109.50181,90.000,96.88291
-7.45130,109.50507,102.000,82.54868
-7.44095,109.50832,104.000,74.51261
-7.43071,109.51153,108.000,92.61966
-7.42052,109.51473,117.000,103.27504
-7.41036,109.51793,155.000,66.01305
-7.40014,109.52116,173.000,-13.46619
-7.38981,109.52441,172.000,32.35266
-7.37944,109.52763,191.000,71.34052
-7.36902,109.53089,193.000,75.75099
-7.35853,109.53417,232.000,83.76586
-7.34799,109.53746,276.000,82.94715
-7.33744,109.54076,256.000,80.08711
-7.32684,109.54412,216.000,79.28433
-7.31622,109.54746,400.000,81.59940
-7.30565,109.55075,548.000,95.58718
-7.29517,109.55402,502.000,100.43600
-7.28474,109.55729,541.000,92.93385
-7.27431,109.56055,1020.000,86.54604
-7.26387,109.56383,1107.000,81.95531
-7.25343,109.56713,924.000,101.73776
-7.24293,109.57042,900.000,132.44223
-6.87337,109.68612,4.000,0.96587
-6.86288,109.68942,5.000,2.91156
-6.85242,109.69270,-0.095,3.69828
-6.84198,109.69596,-4.367,-2.29454
-6.83156,109.69923,-10.256,-9.00969
-6.82115,109.70247,-12.847,-13.24383
-6.81069,109.70576,-11.340,-8.98797
-6.80019,109.70904,-8.883,0.37813
-6.78966,109.71234,-8.357,4.58478
-6.77912,109.71562,-5.268,8.59569
-6.76859,109.71890,-4.474,11.54496
-6.75805,109.72221,-5.408,11.13346
-6.74756,109.72549,-7.676,9.93368
-6.73714,109.72872,-12.708,8.17234
-6.72677,109.73195,-17.640,6.42203
-6.71642,109.73520,-24.881,5.53908
-6.70603,109.73847,-29.763,6.74309
-6.69560,109.74174,-35.455,7.95567
-6.68513,109.74504,-38.542,9.41691
-6.67462,109.74833,-41.806,10.61968
-6.66411,109.75161,-43.682,12.47857
-6.65363,109.75487,-45.464,15.27952
-6.64318,109.75812,-46.236,19.44260
-6.63273,109.76139,-47.434,25.10272
-6.62223,109.76467,-47.888,30.34949
-6.61170,109.76795,-46.817,33.04769
-6.60111,109.77129,-44.841,31.39101
-6.59043,109.77464,-43.275,26.81390
-6.57974,109.77797,-41.899,22.80376
-6.56908,109.78131,-43.764,20.06764
-6.55843,109.78462,-45.491,21.60012
-6.54776,109.78794,-46.188,24.21888
-6.53708,109.79129,-45.507,27.25508
-7.33106,111.10445,96.000,-195.36394
-7.34173,111.10108,74.000,-155.44348
-7.35240,111.09773,70.000,-101.22959
-7.36308,111.09438,72.000,-58.75794
-7.37376,111.09104,76.000,-26.87872
-7.38448,111.08769,78.000,-0.20350
-7.39525,111.08432,81.000,16.82180
-7.40605,111.08094,86.000,29.78238
-7.41692,111.07755,90.000,40.75990
-7.42784,111.07415,95.000,48.64946
-7.43882,111.07072,103.000,53.84777
-7.44984,111.06729,107.000,55.61245
-7.46084,111.06384,118.000,43.01525
-7.47181,111.06039,140.000,28.21858
-7.48276,111.05695,156.000,11.25691
-7.49369,111.05353,197.000,1.38537
-7.50464,111.05009,243.000,-1.87465
-7.51561,111.04666,262.000,8.01396
-7.52658,111.04321,287.000,27.15267
-7.53757,111.03976,300.000,47.02413
-7.54859,111.03632,315.000,67.83380
-7.55960,111.03288,335.000,82.39561
-7.57057,111.02944,341.000,89.11486
-7.58144,111.02603,357.000,89.72721
-7.59222,111.02264,375.000,85.72518
-7.60294,111.01926,357.000,80.63781
-7.61360,111.01591,324.000,74.72750
-7.62420,111.01256,311.000,73.22994
-7.63478,111.00925,297.000,74.76025
-7.64537,111.00592,292.000,82.36221
-7.65598,111.00259,306.000,92.47049
-7.66660,110.99927,288.000,104.66267
-7.67726,110.99593,298.000,115.80974
-7.68802,110.99257,302.000,127.91497
-7.69884,110.98918,288.000,141.52208
-7.70976,110.98578,289.000,164.00060
-7.72077,110.98233,274.000,190.77355
-7.73181,110.97887,258.000,218.44915
-7.74285,110.97541,243.000,229.01230
-7.75384,110.97196,236.000,223.90077
-7.76464,110.96856,212.000,192.19825
-7.77521,110.96523,193.000,132.78458
-7.78566,110.96193,181.000,74.45539
-7.79610,110.95867,176.000,37.03664
-7.80660,110.95539,167.000,27.26015
-7.81716,110.95209,153.000,35.13464
-7.82779,110.94877,143.000,71.88741
-7.83849,110.94542,150.000,108.79576
-7.84925,110.94205,137.000,142.59549
-7.86004,110.93865,160.000,163.52987
-7.87087,110.93523,186.000,177.37618
-7.88177,110.93179,198.000,177.26112
-7.89268,110.92836,140.000,158.43935
-7.90353,110.92495,137.000,134.74925
-7.91430,110.92157,138.000,104.41586
-7.92504,110.91818,153.000,75.97969
-7.93579,110.91480,144.000,53.86545
-7.94656,110.91141,139.000,47.46060
-7.95734,110.90804,138.000,51.61489
-7.96811,110.90466,147.000,61.90179
-7.97892,110.90127,142.000,82.16487
-7.98982,110.89785,139.000,106.47318
-8.00080,110.89441,149.000,132.21049
-8.01182,110.89094,151.000,153.74768
-8.02283,110.88749,158.000,168.75121
-8.03378,110.88404,188.000,177.81727
-8.04467,110.88063,200.000,161.08044
-8.05551,110.87723,193.000,139.51292
-8.06627,110.87385,201.000,113.78250
-8.07693,110.87050,190.000,98.96664
-8.08757,110.86716,254.000,93.53265
-8.09827,110.86380,210.000,109.90339
-8.10903,110.86044,209.000,136.76787
-8.11982,110.85707,189.000,162.40119
-8.13058,110.85368,291.000,183.36011
-8.14135,110.85029,264.000,194.05242
-8.15222,110.84688,274.000,195.06477
-8.16321,110.84343,247.000,189.27331
-8.17422,110.83998,201.000,183.27979
-8.18521,110.83653,152.000,177.64627
-8.19616,110.83307,74.000,171.41083
-8.20708,110.82963,10.820,160.25543
-8.21793,110.82622,-41.153,147.41259
-8.22871,110.82283,-68.517,130.72442
-8.23945,110.81945,-100.541,115.97476
-8.25021,110.81607,-112.728,102.96161
-8.26096,110.81270,-113.648,107.36563
-8.27173,110.80932,-119.937,115.89990
-8.28255,110.80590,-131.241,129.26884
-8.29335,110.80249,-152.117,139.78410
-8.30407,110.79912,-167.156,144.18407
-8.31475,110.79575,-184.511,137.77893
-8.32538,110.79241,-193.022,126.62767
-8.33599,110.78908,-193.960,116.27480
-8.34661,110.78575,-192.900,110.78136
-8.35727,110.78240,-197.399,117.08713
-8.36796,110.77903,-206.333,132.19097
-8.37864,110.77565,-213.406,154.66288
-8.38937,110.77227,-221.747,173.97872
-8.40014,110.76889,-232.894,191.81748
-8.41087,110.76550,-242.307,186.01929
-8.42158,110.76214,-259.927,160.21210
-8.43231,110.75874,-274.268,117.95835
-8.44312,110.75536,-302.791,54.80827
-8.45391,110.75195,-325.062,-16.56078
-8.46465,110.74856,-357.498,-90.99974
-8.44887,110.50376,-473.871,134.72325
-8.44524,110.49227,-468.159,136.61997
-8.44160,110.48074,-463.478,131.55273
-8.43798,110.46917,-477.930,135.10395
-8.43432,110.45752,-490.354,188.42857
-8.43064,110.44581,-507.531,210.72460
-8.42696,110.43410,-513.185,204.31677
-8.42328,110.42241,-525.235,198.88806
-8.41962,110.41073,-538.293,191.81457
-8.41595,110.39903,-555.485,180.54682
-8.41226,110.38729,-582.297,165.17594
-8.40858,110.37555,-607.844,155.91995
-8.40492,110.36379,-643.614,151.80942
-8.40123,110.35204,-686.904,154.65705
-8.39753,110.34030,-733.190,160.58217
-8.39383,110.32857,-778.626,165.76037
-8.39014,110.31686,-793.374,169.61305
-8.38645,110.30511,-777.357,170.31544
-8.38274,110.29331,-729.003,167.34407
-8.37902,110.28147,-693.406,158.09175
-8.37528,110.26959,-694.049,150.60103
-8.37152,110.25768,-711.280,149.43842
-8.36779,110.24582,-751.333,158.93245
-8.36408,110.23399,-775.243,167.25562
-8.36032,110.22213,-809.212,92.64392
-8.35659,110.21024,-803.106,92.13172
-8.35286,110.19839,-737.375,179.69911
-8.34913,110.18654,-667.161,209.04037
-8.34540,110.17467,-593.371,200.31812
-8.34165,110.16278,-536.098,192.26428
-8.33794,110.15091,-481.729,188.39559
-8.33418,110.13905,-402.762,199.30120
-8.33044,110.12713,-329.201,208.64253
-8.32672,110.11527,-302.001,216.78199
-8.32301,110.10347,-311.275,220.11920
-8.31929,110.09170,-331.546,214.16280
-8.31561,110.07997,-371.785,201.31729
-8.31193,110.06825,-412.582,182.37345
-8.30820,110.05649,-451.368,167.09888
-8.30449,110.04469,-486.130,154.82454
-8.30076,110.03287,-508.599,145.58661
-8.29706,110.02112,-490.120,141.66082
-8.29338,110.00940,-436.172,140.54076
-8.28967,109.99769,-383.216,142.56097
-8.28598,109.98598,-324.783,152.71394
-8.28227,109.97423,-258.834,164.11855
-8.27857,109.96248,-249.624,153.87490
-8.27485,109.95072,-326.281,149.84194
-8.27113,109.93898,-445.501,162.47525
-8.26746,109.92731,-568.440,175.63476
-8.26379,109.91574,-643.692,176.42136
-8.26017,109.90425,-674.030,169.17766
-8.25654,109.89277,-707.271,164.22965
-8.25291,109.88130,-712.536,159.89885
-8.24928,109.86981,-708.420,156.08759
-8.24565,109.85828,-705.728,149.88155
-8.24200,109.84676,-706.337,142.15858
-8.23837,109.83525,-707.216,131.56737
-8.23473,109.82374,-709.683,115.59170
-8.23111,109.81224,-709.948,98.04729
-8.22749,109.80076,-707.576,80.70648
-8.22390,109.78934,-705.119,69.55541
-8.22029,109.77795,-707.507,62.44362
-8.21668,109.76654,-723.179,59.67379
-8.21302,109.75506,-740.257,63.06768
-8.20940,109.74354,-776.020,66.22506
-8.20575,109.73201,-750.826,69.52930
-8.20210,109.72048,-727.031,72.22486
-8.19842,109.70890,-708.623,74.58912
-8.19476,109.69729,-709.550,77.36710
-8.19109,109.68565,-726.508,81.62008
-8.18742,109.67402,-766.889,88.46587
-8.18375,109.66241,-796.499,98.30171
-8.18008,109.65083,-807.268,112.54770
-8.17642,109.63930,-825.875,125.37161
-8.17277,109.62780,-837.512,138.09049
-8.16911,109.61633,-830.628,152.29797
-8.16546,109.60482,-812.687,157.14847
-8.16181,109.59328,-789.668,153.54903
-8.15816,109.58171,-757.055,143.04896
-8.15450,109.57013,-741.357,110.65970
-8.15083,109.55849,-705.542,122.98973
-8.14713,109.54683,-681.173,130.45523
-8.14346,109.53519,-674.102,107.06329
-8.13979,109.52357,-691.917,88.50404
-8.13610,109.51193,-717.965,72.94100
-8.13241,109.50028,-723.395,62.13808
-8.12873,109.48866,-722.110,73.94477
-8.12505,109.47704,-710.424,90.90351
-8.12138,109.46547,-638.640,112.68960
-8.11771,109.45394,-538.275,136.38609
-8.11407,109.44247,-455.190,149.64232
-8.11045,109.43102,-362.382,154.52990
-8.10683,109.41961,-307.675,149.87726
-8.10320,109.40820,-273.851,142.56874
-8.09957,109.39676,-249.377,135.35802
-8.09594,109.38531,-265.552,131.68459
-8.09232,109.37384,-237.751,136.04587
-8.08868,109.36240,-209.269,144.59828
-8.08507,109.35101,-182.799,159.08355
-8.08148,109.33969,-159.910,170.41202
-8.07791,109.32840,-135.583,174.53370
-8.07429,109.31710,-118.171,178.13951
-8.07068,109.30574,-107.662,178.07276
-8.06706,109.29433,-109.867,177.24402
-8.06345,109.28291,-113.442,167.28023
-8.05984,109.27153,-114.509,159.10285
-8.05623,109.26018,-107.893,156.33003
-8.05263,109.24883,-107.585,157.38265
-8.04901,109.23746,-115.220,158.70279
-8.04539,109.22605,-118.209,159.22941
-8.04177,109.21467,-116.524,159.88347
-8.03815,109.20330,-115.225,159.41438
-8.03453,109.19192,-116.500,157.92325
-8.03091,109.18050,-116.470,155.35049
-8.02728,109.16910,-112.882,149.62171
-8.02366,109.15769,-107.445,142.52095
-8.02004,109.14627,-107.136,135.89174
-8.01643,109.13484,-105.680,131.79783
-8.01279,109.12340,-104.845,137.98503
-8.00915,109.11192,-105.428,145.57792
-8.00548,109.10041,-106.448,154.27211
-8.00182,109.08890,-104.334,159.37353
-7.99816,109.07740,-101.004,156.78730
-7.99450,109.06593,-98.868,146.12114
-7.99085,109.05449,-95.587,129.79665
-7.98721,109.04303,-90.672,114.38057
-7.98358,109.03158,-92.885,100.66572
-7.97995,109.02014,-92.948,96.98415
-7.97632,109.00868,-93.687,99.92885
-7.97269,108.99724,-92.061,106.57319
-7.96903,108.98579,-88.514,116.86630
-7.96537,108.97434,-88.674,125.41544
-7.96170,108.96289,-86.823,130.70819
-7.95803,108.95143,-92.858,132.05183
-7.95439,108.93997,-107.428,131.46004
-7.95077,108.92858,-109.604,128.97992
-7.94716,108.91725,-104.426,125.18297
-7.94357,108.90594,-100.172,130.30452
-7.93996,108.89464,-89.131,135.99713
-7.93634,108.88331,-76.602,142.20042
-7.93272,108.87195,-68.272,146.88198
-7.92909,108.86060,-62.149,148.42578
-7.92546,108.84923,-66.100,149.16154
-7.92183,108.83784,-68.355,160.98502
-7.91819,108.82641,-77.504,181.31799
-7.91455,108.81495,-82.741,187.77703
-7.91091,108.80348,-85.840,128.98609
-7.90727,108.79204,-86.773,109.06576
-7.90364,108.78063,-87.753,148.71637
-7.89999,108.76923,-86.389,169.67975
-7.89634,108.75780,-78.733,144.21030
-7.89270,108.74634,-63.259,125.32035
-7.88905,108.73488,-41.966,114.05008
-7.88541,108.72345,-24.568,120.84668
-7.88179,108.71207,-18.867,131.89341
-7.87815,108.70072,-22.991,145.30633
-7.87451,108.68936,-38.467,159.83569
-7.87086,108.67797,-64.102,171.35617
-7.86721,108.66654,-73.314,182.25893
-7.86355,108.65507,-70.846,146.42624
-7.85991,108.64363,-67.397,145.13521
-7.85626,108.63221,-46.421,157.02623
-7.85262,108.62081,-32.691,145.90905
-7.84897,108.60942,-27.086,132.48148
-7.84532,108.59802,-39.493,121.78742
-7.84169,108.58660,-68.415,128.52593
-6.10123,110.84631,-53.606,22.80649
-6.10421,110.85560,-53.433,31.03831
-6.10717,110.86488,-53.295,44.12806
-6.11011,110.87418,-53.102,55.46894
-6.11308,110.88349,-53.109,65.18863
-6.11605,110.89280,-53.400,47.30898
-6.11902,110.90212,-54.441,31.37399
-6.12199,110.91146,-54.736,29.67204
-6.12497,110.92079,-54.342,39.35827
-6.12796,110.93012,-53.272,62.17068
-6.13098,110.93947,-53.170,74.22575
-6.13398,110.94885,-52.338,77.92950
-6.13697,110.95821,-51.474,57.44015
-6.13996,110.96755,-52.392,37.85847
-6.14295,110.97689,-53.409,29.44259
-6.14593,110.98621,-53.618,28.78753
-6.14890,110.99556,-53.832,44.58961
-6.15188,111.00494,-55.508,53.17923
-6.15486,111.01434,-55.863,53.38646
-6.15787,111.02377,-55.912,31.73119
-6.16088,111.03322,-56.051,9.46736
-6.16389,111.04266,-55.782,26.02093
-6.16689,111.05207,-55.200,66.85786
-6.16988,111.06142,-54.601,86.86138
-6.17288,111.07076,-54.543,105.26921
-6.17589,111.08015,-53.061,113.50448
-6.17888,111.08956,-51.841,105.86765
-6.18187,111.09894,-51.255,87.78698
-6.18484,111.10830,-50.522,73.87557
-6.18781,111.11764,-50.779,61.86258
-6.19079,111.12695,-50.760,57.26943
-6.19375,111.13628,-50.949,42.54510
-6.19673,111.14563,-51.143,2.71769
-6.19972,111.15502,-51.090,-15.67549
-6.20269,111.16439,-51.593,6.89314
-6.20567,111.17373,-52.557,-8.55639
-6.20865,111.18307,-53.432,-44.57325
-6.21165,111.19246,-53.681,-14.20329
-6.21465,111.20188,-53.748,12.80302
-6.21766,111.21130,-53.786,33.81454
-6.22067,111.22072,-53.045,41.35408
-6.22367,111.23012,-52.803,33.15018
-6.22668,111.23955,-52.196,14.35011
-6.22968,111.24899,-52.011,-8.72559
-6.23266,111.25837,-52.473,-7.86646
-6.23563,111.26769,-50.542,2.89387
-6.23859,111.27699,-48.798,36.15776
-6.24155,111.28632,-48.974,58.42332
-6.24449,111.29560,-49.199,62.26188
-6.24743,111.30481,-48.698,69.21321
-6.25036,111.31401,-47.714,81.85583
-6.25330,111.32319,-47.887,44.80106
-6.25623,111.33236,-46.730,-2.50540
-6.25914,111.34152,-45.877,-9.61923
-6.26205,111.35066,-47.770,-5.63011
-6.26497,111.35982,-48.720,34.19394
-6.26789,111.36899,-48.974,65.46800
-6.27080,111.37816,-49.303,59.87817
-6.27370,111.38730,-49.322,39.22729
-6.27661,111.39643,-48.462,2.89326
-6.27953,111.40554,-47.475,-12.89448
-6.28242,111.41463,-47.213,-13.52708
-6.28532,111.42374,-46.705,-7.58527
-6.28821,111.43290,-45.541,-3.47059
-6.29112,111.44210,-44.484,-25.43467
-6.29405,111.45130,-44.586,-45.63728
-6.29697,111.46048,-44.910,-39.48796
-6.29989,111.46964,-42.911,-13.26646
-6.30281,111.47879,-42.060,55.42850
-6.30574,111.48799,-42.468,99.24464
-6.30869,111.49723,-41.688,119.80125
-6.31164,111.50650,-40.956,92.07973
-6.31454,111.51573,-40.711,40.57180
-6.31743,111.52487,-40.531,4.92259
-6.32032,111.53391,-41.320,-16.04850
-6.32319,111.54294,-42.081,15.71672
-6.32608,111.55201,-43.084,45.10103
-6.32898,111.56115,-43.400,67.84225
-6.33189,111.57029,-42.351,75.47118
-6.33481,111.57946,-41.316,56.99684
-6.33774,111.58864,-40.625,38.56405
-6.34065,111.59785,-40.279,22.89441
-6.34359,111.60706,-40.058,13.05659
-6.34651,111.61627,-41.017,3.99726
-6.34943,111.62546,-41.492,-2.36625
-6.35232,111.63458,-40.560,-0.75198
-6.35520,111.64365,-38.759,25.00517
-6.35807,111.65270,-39.625,50.63651
-6.36096,111.66183,-39.779,75.38879
-6.36389,111.67105,-39.663,84.93060
-6.36683,111.68031,-39.208,75.44979
-6.36974,111.68954,-38.699,63.11111
-6.37266,111.69871,-39.705,50.11301
-6.37558,111.70787,-40.098,38.28164
-6.37850,111.71704,-40.241,25.04480
-6.38142,111.72623,-39.984,9.69295
-6.38433,111.73542,-39.990,-2.81517
-6.38724,111.74463,-39.854,-0.96946
-6.39016,111.75386,-39.390,6.53149
-6.39308,111.76305,-40.164,21.69042
-6.39600,111.77224,-41.010,35.86344
-6.39892,111.78144,-40.728,50.06808
-6.40183,111.79064,-40.569,53.14417
-6.40475,111.79983,-41.269,52.54177
-6.40765,111.80900,-42.839,42.62853
-6.41057,111.81822,-42.229,33.24595
-6.41353,111.82746,-41.788,25.67399
-6.41649,111.83672,-40.684,22.47861
-6.41940,111.84594,-39.991,28.90812
-6.42230,111.85512,-41.133,36.15174
-6.42520,111.86427,-42.366,43.73148
-6.42810,111.87341,-43.389,46.18906
-6.43101,111.88256,-43.896,46.65386
-6.43392,111.89175,-44.103,42.88533
-6.43683,111.90094,-43.967,38.05048
-6.43972,111.91008,-44.150,33.07372
-6.44262,111.91920,-44.194,28.66886
-6.44552,111.92831,-44.047,25.93663
-6.44842,111.93745,-43.919,24.39441
-7.59886,110.16796,290.000,-6.86822
-7.58931,110.17095,266.000,20.86483
-7.57985,110.17392,276.000,39.21919
-7.57041,110.17686,273.000,55.84054
-7.56099,110.17982,272.000,63.80072
-7.55156,110.18277,269.000,67.77732
-7.54208,110.18576,285.000,63.03167
-7.53257,110.18877,297.000,58.16324
-7.52309,110.19176,307.000,54.53763
-7.51362,110.19472,310.000,51.31045
-7.50419,110.19768,337.000,49.18326
-7.49481,110.20065,348.000,48.28272
-7.48539,110.20360,335.000,48.69135
-7.47593,110.20661,335.000,48.90134
-7.46639,110.20957,338.000,48.57510
-7.45689,110.21254,357.000,45.46635
-7.44738,110.21551,351.000,39.57281
-7.43784,110.21854,369.000,28.27860
-7.42829,110.22152,385.000,18.73193
-7.41871,110.22452,388.000,10.60697
-7.40910,110.22753,413.000,17.33281
-7.39958,110.23051,444.000,29.74582
-7.39012,110.23348,455.000,54.43283
-7.38057,110.23649,482.000,69.96389
-7.37094,110.23954,522.000,66.08878
-7.36110,110.24266,561.000,47.91667
-7.35105,110.24582,512.000,17.41941
-7.34096,110.24895,534.000,-5.96224
-7.33107,110.25199,618.000,-15.36700
-7.32139,110.25502,640.000,2.34475
-7.31174,110.25807,680.000,24.82396
-7.30208,110.26113,696.000,51.67274
-7.29248,110.26414,720.000,69.74061
-7.28298,110.26711,697.000,83.95172
-7.27344,110.27014,777.000,84.61147
-7.26379,110.27318,869.000,85.47346
-7.25409,110.27622,929.000,87.22556
-7.24449,110.27920,1006.000,90.74168
-7.23489,110.28221,1120.000,95.00745
-7.22528,110.28525,1078.000,99.45892
-7.21568,110.28826,859.000,103.99487
-7.20613,110.29126,789.000,106.83284
-7.19666,110.29420,759.000,109.95360
-7.18729,110.29714,681.000,115.91913
-7.17797,110.30008,763.000,120.68025
-7.16870,110.30296,744.000,123.94462
-7.15942,110.30588,756.000,117.18386
-7.15007,110.30885,661.000,107.86421
-7.14066,110.31180,565.000,89.69628
-7.13127,110.31472,488.000,71.79017
-7.12190,110.31766,436.000,58.47659
-7.11253,110.32062,388.000,54.76154
-7.10317,110.32354,338.000,59.92820
-7.09389,110.32643,287.000,66.75802
-7.08473,110.32929,260.000,76.27776
-7.07567,110.33215,223.000,71.15701
-7.06669,110.33498,247.000,59.42335
-7.05760,110.33782,212.000,17.21531
-7.04833,110.34063,192.000,-13.81007
-7.03904,110.34360,153.000,-25.58326
-7.02963,110.34651,187.000,-16.11425
-7.02017,110.34944,201.000,28.30355
-7.01069,110.35254,120.000,14.65110
-7.00112,110.35557,102.000,-18.39552
-6.99159,110.35860,37.000,-15.54746
-6.98211,110.36155,11.000,-10.83916
-6.97258,110.36436,3.000,-28.89531
-7.25980,109.42286,332.000,64.29304
-7.27051,109.41950,264.000,74.73073
-7.28126,109.41614,207.000,87.50324
-7.29197,109.41276,173.000,82.56378
-7.30260,109.40942,147.000,69.74135
-7.31319,109.40609,133.000,45.92217
-7.32375,109.40278,136.000,32.01550
-7.33428,109.39946,137.000,25.57965
-7.34481,109.39614,126.000,39.44811
-7.35539,109.39282,129.000,54.26542
-7.36602,109.38948,85.000,67.17872
-7.37672,109.38611,48.000,65.81105
-7.38746,109.38275,40.000,66.21738
-7.39821,109.37937,36.000,66.47697
-7.40899,109.37596,37.000,64.12709
-7.41981,109.37258,33.000,61.28842
-7.43065,109.36917,37.000,59.67134
-7.44152,109.36574,32.000,61.82430
-7.45244,109.36232,33.000,67.13935
-7.46342,109.35887,29.000,75.11184
-7.47442,109.35541,37.000,84.85021
-7.48541,109.35196,44.000,95.45128
-7.49634,109.34850,39.000,101.29711
-7.50721,109.34507,38.000,97.43636
-7.51802,109.34167,50.000,89.32099
-7.52884,109.33827,153.000,76.06670
-7.53971,109.33485,278.000,65.19322
-7.55059,109.33144,289.000,58.02315
-7.56151,109.32800,275.000,62.75203
-7.57250,109.32455,197.000,69.11796
-7.58350,109.32109,32.000,76.70613
-7.59444,109.31764,23.000,81.77833
-7.60531,109.31421,11.000,84.65709
-7.61616,109.31080,10.000,85.77805
-7.62705,109.30738,12.000,87.20158
-7.63799,109.30395,15.000,89.27884
-7.64889,109.30052,13.000,92.55997
-7.65975,109.29711,12.000,96.60188
-7.67061,109.29370,12.000,100.43866
-7.68149,109.29028,7.000,103.96189
-7.69234,109.28687,12.000,106.43314
-7.70320,109.28345,-1.013,105.71627
-7.71412,109.28001,-21.636,87.92460
-7.72510,109.27655,-30.310,45.48995
-7.73608,109.27310,-31.496,-7.62155
-7.74704,109.26965,-30.545,-67.90337
-7.83067,109.38263,-44.246,15.03370
-7.82144,109.38560,-39.260,32.99455
-7.81227,109.38853,-24.615,68.87554
-7.80318,109.39144,-17.896,100.51901
-7.79413,109.39437,-25.130,116.11389
-7.78510,109.39729,-35.459,124.39144
-7.77603,109.40022,-9.296,138.98782
-7.76693,109.40316,35.920,149.35078
-7.75780,109.40610,136.000,140.79315
-7.74863,109.40905,156.000,136.20265
-7.73941,109.41199,209.000,131.40169
-7.73013,109.41496,204.000,129.23119
-7.72084,109.41795,261.000,119.70719
-7.71157,109.42090,288.000,124.05803
-7.70233,109.42385,309.000,130.85877
-7.69309,109.42681,294.000,138.06191
-7.68382,109.42981,284.000,142.68776
-7.67455,109.43280,104.000,154.63184
-7.66531,109.43576,71.000,159.94292
-7.65609,109.43872,42.000,148.94762
-7.64686,109.44168,54.000,139.50774
-7.63759,109.44468,44.000,130.49089
-7.62829,109.44766,57.000,119.77640
-7.61893,109.45068,80.000,107.09590
-7.60948,109.45372,68.000,100.69165
-7.59999,109.45677,41.000,102.51996
-7.59048,109.45980,59.000,111.48257
-7.58098,109.46285,108.000,120.53807
-7.57154,109.46587,163.000,118.88267
-7.56218,109.46880,296.000,117.35351
-7.55286,109.47173,173.000,123.57892
-7.54350,109.47470,204.000,125.65548
-7.53408,109.47768,194.000,122.39642
-7.52460,109.48065,178.000,124.84976
-7.51511,109.48363,272.000,126.65019
-7.50562,109.48661,154.000,129.80294
-7.49612,109.48959,107.000,123.49059
-7.48663,109.49259,79.000,115.52999
-7.47711,109.49562,86.000,108.53047
-7.46750,109.49867,90.000,115.42054
-7.45780,109.50174,97.000,85.71723
-7.44809,109.50480,92.000,70.74247
-7.43842,109.50784,104.000,62.54455
-7.42878,109.51084,106.000,75.48636
-7.41915,109.51385,117.000,85.32957
-7.40953,109.51688,155.000,54.75344
-7.39993,109.51991,164.000,-19.37582
-7.39036,109.52292,172.000,22.83436
-7.38086,109.52591,191.000,62.66303
-7.37142,109.52888,195.000,71.01900
-7.36205,109.53182,233.000,79.52624
-7.35269,109.53477,259.000,85.75348
-7.34333,109.53773,279.000,86.60447
-7.33399,109.54067,256.000,82.50899
-7.32465,109.54361,267.000,86.24876
-7.31525,109.54658,400.000,89.46567
-7.30574,109.54959,492.000,102.94240
-7.29615,109.55261,460.000,111.28884
-7.28659,109.55559,541.000,110.07285
-7.27706,109.55856,958.000,103.86816
-7.26756,109.56156,1114.000,98.35679
-7.25804,109.56459,993.000,101.57141
-7.24850,109.56761,905.000,124.71939
-7.23894,109.57060,761.000,149.87086
-7.22937,109.57359,780.000,161.68309
-7.21981,109.57658,1015.000,154.41154
-7.21023,109.57961,1301.000,144.41160
-7.20060,109.58267,1282.000,135.44621
-7.19096,109.58570,984.000,127.26984
-7.18134,109.58871,657.000,121.35538
-7.17176,109.59171,669.000,117.65101
-7.16218,109.59473,750.000,116.49526
-7.15252,109.59780,947.000,119.06753
-7.14279,109.60086,900.000,126.27439
-7.13296,109.60395,721.000,134.05957
-7.12312,109.60704,721.000,132.85270
-7.11331,109.61011,830.000,127.42944
-7.10351,109.61320,685.000,114.04106
-7.09373,109.61627,549.000,96.09457
-7.08396,109.61934,402.000,75.63838
-7.07423,109.62239,403.000,62.55736
-7.06447,109.62547,291.000,51.68237
-7.05474,109.62854,186.000,45.02864
-7.04506,109.63157,143.000,36.26547
-7.03536,109.63463,116.000,24.27339
-7.02560,109.63772,85.000,7.31891
-7.01578,109.64080,44.000,-10.15750
-7.00601,109.64384,35.000,-23.79012
-6.99633,109.64685,28.000,-33.12802
-6.98667,109.64988,21.000,-35.06211
-6.97696,109.65296,20.000,-24.77030
-6.96721,109.65602,16.000,-11.11091
-6.95749,109.65907,13.000,4.99861
-6.94782,109.66211,11.000,19.31153
-6.93817,109.66513,11.000,28.24178
-6.92857,109.66815,11.000,29.26875
-6.91897,109.67117,13.000,21.45146
-6.90938,109.67420,12.000,11.24024
-6.89973,109.67724,9.000,-1.75790
-6.89005,109.68026,8.000,-3.63138
-6.88045,109.68327,7.000,-1.83546
-6.87086,109.68630,4.000,6.18654
-6.86122,109.68932,4.000,8.03828
-6.85163,109.69233,-0.095,8.70525
-6.84204,109.69533,-3.357,2.43496
-6.83248,109.69833,-10.256,-3.11576
-6.90988,109.81630,13.000,-35.75931
-6.92079,109.81288,67.000,-61.46967
-6.93175,109.80943,77.000,-14.26179
-6.94270,109.80599,80.000,24.31296
-6.95362,109.80255,68.000,47.32080
-6.96449,109.79913,110.000,45.62418
-6.97535,109.79572,168.000,42.45757
-6.98618,109.79231,202.000,45.17579
-6.99703,109.78892,239.000,57.85353
-7.00797,109.78549,268.000,73.89921
-7.01898,109.78206,301.000,91.48179
-7.03002,109.77860,346.000,106.87324
-7.04110,109.77513,390.000,119.97976
-7.05216,109.77164,482.000,132.73039
-7.06319,109.76815,579.000,142.64022
-7.07429,109.76465,640.000,144.75180
-7.08543,109.76112,772.000,142.60681
-7.09657,109.75760,936.000,136.68507
-7.10764,109.75411,1101.000,133.48973
-7.11871,109.75062,1021.000,134.32600
-7.12987,109.74710,896.000,150.14508
-7.14105,109.74362,1053.000,171.95196
-7.15221,109.74010,1255.000,194.27214
-7.16340,109.73661,1316.000,213.72968
-7.17446,109.73313,1258.000,222.36883
-7.18534,109.72970,1487.000,215.85600
-7.19623,109.72624,1885.000,200.04768
-7.20727,109.72279,1846.000,189.71204
-7.21825,109.71936,1379.000,183.72647
-7.22905,109.71593,1232.000,177.52786
-7.23991,109.71252,1086.000,171.29946
-7.25084,109.70904,1050.000,164.00653
-7.26178,109.70562,988.000,157.87254
-7.27276,109.70216,951.000,151.94319
-7.28376,109.69872,877.000,146.57042
-7.29480,109.69525,749.000,140.60463
-7.30587,109.69174,813.000,136.42759
-7.31691,109.68826,839.000,134.80390
-7.32791,109.68479,564.000,135.80694
-7.33893,109.68130,449.000,135.57109
